0 verbose cli /usr/local/bin/node /usr/local/bin/npm
1 info using npm@10.9.2
2 info using node@v22.17.0
3 silly config load:file:/usr/local/lib/node_modules/npm/npmrc
4 silly config load:file:/Users/yaramanisai/deals-demo/web/.npmrc
5 silly config load:file:/Users/yaramanisai/.npmrc
6 silly config load:file:/Users/yaramanisai/.npm-global/etc/npmrc
7 verbose title npm install
8 verbose argv "install"
9 verbose logfile logs-max:10 dir:/Users/yaramanisai/deals-demo/.npm-cache/_logs/2025-11-03T14_56_17_345Z-
10 verbose logfile /Users/yaramanisai/deals-demo/.npm-cache/_logs/2025-11-03T14_56_17_345Z-debug-0.log
11 silly logfile done cleaning log files
12 silly packumentCache heap:4345298944 maxSize:1086324736 maxEntrySize:543162368
13 silly idealTree buildDeps
14 silly fetch manifest react@19.2.0
15 silly packumentCache full:https://registry.npmjs.org/react cache-miss
16 http fetch GET 200 https://registry.npmjs.org/react 928ms (cache miss)
17 silly packumentCache full:https://registry.npmjs.org/react set size:undefined disposed:false
18 silly fetch manifest react-dom@19.2.0
19 silly packumentCache full:https://registry.npmjs.org/react-dom cache-miss
20 http fetch GET 200 https://registry.npmjs.org/react-dom 688ms (cache miss)
21 silly packumentCache full:https://registry.npmjs.org/react-dom set size:undefined disposed:false
22 silly fetch manifest next@16.0.1
23 silly packumentCache full:https://registry.npmjs.org/next cache-miss
24 http fetch GET 200 https://registry.npmjs.org/next 1582ms (cache miss)
25 silly packumentCache full:https://registry.npmjs.org/next set size:undefined disposed:false
26 silly fetch manifest @opentelemetry/api@^1.1.0
27 silly packumentCache full:https://registry.npmjs.org/@opentelemetry%2fapi cache-miss
28 http fetch GET 200 https://registry.npmjs.org/@opentelemetry%2fapi 198ms (cache miss)
29 silly packumentCache full:https://registry.npmjs.org/@opentelemetry%2fapi set size:undefined disposed:false
30 silly fetch manifest @playwright/test@^1.51.1
31 silly packumentCache full:https://registry.npmjs.org/@playwright%2ftest cache-miss
32 http fetch GET 200 https://registry.npmjs.org/@playwright%2ftest 1010ms (cache miss)
33 silly packumentCache full:https://registry.npmjs.org/@playwright%2ftest set size:undefined disposed:false
34 silly fetch manifest babel-plugin-react-compiler@*
35 silly packumentCache full:https://registry.npmjs.org/babel-plugin-react-compiler cache-miss
36 http fetch GET 200 https://registry.npmjs.org/babel-plugin-react-compiler 109ms (cache miss)
37 silly packumentCache full:https://registry.npmjs.org/babel-plugin-react-compiler set size:undefined disposed:false
38 silly fetch manifest sass@^1.3.0
39 silly packumentCache full:https://registry.npmjs.org/sass cache-miss
40 http fetch GET 200 https://registry.npmjs.org/sass 287ms (cache miss)
41 silly packumentCache full:https://registry.npmjs.org/sass set size:undefined disposed:false
42 silly fetch manifest typescript@^5
43 silly packumentCache full:https://registry.npmjs.org/typescript cache-miss
44 http fetch GET 200 https://registry.npmjs.org/typescript 1271ms (cache miss)
45 silly packumentCache full:https://registry.npmjs.org/typescript set size:undefined disposed:false
46 silly fetch manifest @types/node@^20
47 silly packumentCache full:https://registry.npmjs.org/@types%2fnode cache-miss
48 http fetch GET 200 https://registry.npmjs.org/@types%2fnode 868ms (cache miss)
49 silly packumentCache full:https://registry.npmjs.org/@types%2fnode set size:undefined disposed:false
50 silly fetch manifest @types/react@^19
51 silly packumentCache full:https://registry.npmjs.org/@types%2freact cache-miss
52 http fetch GET 200 https://registry.npmjs.org/@types%2freact 248ms (cache miss)
53 silly packumentCache full:https://registry.npmjs.org/@types%2freact set size:undefined disposed:false
54 silly fetch manifest @types/react-dom@^19
55 silly packumentCache full:https://registry.npmjs.org/@types%2freact-dom cache-miss
56 http fetch GET 200 https://registry.npmjs.org/@types%2freact-dom 194ms (cache miss)
57 silly packumentCache full:https://registry.npmjs.org/@types%2freact-dom set size:undefined disposed:false
58 silly fetch manifest @tailwindcss/postcss@^4
59 silly packumentCache full:https://registry.npmjs.org/@tailwindcss%2fpostcss cache-miss
60 http fetch GET 200 https://registry.npmjs.org/@tailwindcss%2fpostcss 261ms (cache miss)
61 silly packumentCache full:https://registry.npmjs.org/@tailwindcss%2fpostcss set size:undefined disposed:false
62 silly fetch manifest tailwindcss@^4
63 silly packumentCache full:https://registry.npmjs.org/tailwindcss cache-miss
64 http fetch GET 200 https://registry.npmjs.org/tailwindcss 1039ms (cache miss)
65 silly packumentCache full:https://registry.npmjs.org/tailwindcss set size:undefined disposed:false
66 silly fetch manifest eslint@^9
67 silly packumentCache full:https://registry.npmjs.org/eslint cache-miss
68 http fetch GET 200 https://registry.npmjs.org/eslint 215ms (cache miss)
69 silly packumentCache full:https://registry.npmjs.org/eslint set size:undefined disposed:false
70 silly fetch manifest jiti@*
71 silly packumentCache full:https://registry.npmjs.org/jiti cache-miss
72 http fetch GET 200 https://registry.npmjs.org/jiti 75ms (cache miss)
73 silly packumentCache full:https://registry.npmjs.org/jiti set size:undefined disposed:false
74 silly fetch manifest eslint-config-next@16.0.1
75 silly packumentCache full:https://registry.npmjs.org/eslint-config-next cache-miss
76 http fetch GET 200 https://registry.npmjs.org/eslint-config-next 716ms (cache miss)
77 silly packumentCache full:https://registry.npmjs.org/eslint-config-next set size:undefined disposed:false
78 silly placeDep ROOT @tailwindcss/postcss@4.1.16 OK for: web@0.1.0 want: ^4
79 silly placeDep ROOT @types/node@20.19.24 OK for: web@0.1.0 want: ^20
80 silly placeDep ROOT @types/react@19.2.2 OK for: web@0.1.0 want: ^19
81 silly placeDep ROOT @types/react-dom@19.2.2 OK for: web@0.1.0 want: ^19
82 silly placeDep ROOT eslint@9.39.0 OK for: web@0.1.0 want: ^9
83 silly placeDep ROOT eslint-config-next@16.0.1 OK for: web@0.1.0 want: 16.0.1
84 silly placeDep ROOT next@16.0.1 OK for: web@0.1.0 want: 16.0.1
85 silly placeDep ROOT react@19.2.0 OK for: next@16.0.1 want: ^18.2.0 || 19.0.0-rc-de68d2f4-20241204 || ^19.0.0
86 silly placeDep ROOT react-dom@19.2.0 OK for: next@16.0.1 want: ^18.2.0 || 19.0.0-rc-de68d2f4-20241204 || ^19.0.0
87 silly placeDep ROOT tailwindcss@4.1.16 OK for: web@0.1.0 want: ^4
88 silly placeDep ROOT typescript@5.9.3 OK for: web@0.1.0 want: ^5
89 silly fetch manifest postcss@^8.4.41
90 silly packumentCache full:https://registry.npmjs.org/postcss cache-miss
91 silly fetch manifest tailwindcss@4.1.16
92 silly packumentCache full:https://registry.npmjs.org/tailwindcss cache-miss
93 silly fetch manifest @alloc/quick-lru@^5.2.0
94 silly packumentCache full:https://registry.npmjs.org/@alloc%2fquick-lru cache-miss
95 silly fetch manifest @tailwindcss/node@4.1.16
96 silly packumentCache full:https://registry.npmjs.org/@tailwindcss%2fnode cache-miss
97 silly fetch manifest @tailwindcss/oxide@4.1.16
98 silly packumentCache full:https://registry.npmjs.org/@tailwindcss%2foxide cache-miss
99 silly fetch manifest undici-types@~6.21.0
100 silly packumentCache full:https://registry.npmjs.org/undici-types cache-miss
101 silly fetch manifest csstype@^3.0.2
102 silly packumentCache full:https://registry.npmjs.org/csstype cache-miss
103 silly fetch manifest @eslint-community/eslint-utils@^4.8.0
104 silly packumentCache full:https://registry.npmjs.org/@eslint-community%2feslint-utils cache-miss
105 silly fetch manifest @eslint-community/regexpp@^4.12.1
106 silly packumentCache full:https://registry.npmjs.org/@eslint-community%2fregexpp cache-miss
107 http cache https://registry.npmjs.org/tailwindcss 20ms (cache hit)
108 silly packumentCache full:https://registry.npmjs.org/tailwindcss set size:9814913 disposed:false
109 silly fetch manifest @eslint/config-array@^0.21.1
110 silly packumentCache full:https://registry.npmjs.org/@eslint%2fconfig-array cache-miss
111 http fetch GET 200 https://registry.npmjs.org/postcss 167ms (cache miss)
112 silly packumentCache full:https://registry.npmjs.org/postcss set size:undefined disposed:false
113 silly fetch manifest @eslint/config-helpers@^0.4.2
114 silly packumentCache full:https://registry.npmjs.org/@eslint%2fconfig-helpers cache-miss
115 http fetch GET 200 https://registry.npmjs.org/undici-types 298ms (cache miss)
116 silly packumentCache full:https://registry.npmjs.org/undici-types set size:undefined disposed:false
117 silly fetch manifest @eslint/core@^0.17.0
118 silly packumentCache full:https://registry.npmjs.org/@eslint%2fcore cache-miss
119 http fetch GET 200 https://registry.npmjs.org/@eslint-community%2feslint-utils 367ms (cache miss)
120 silly packumentCache full:https://registry.npmjs.org/@eslint-community%2feslint-utils set size:undefined disposed:false
121 silly fetch manifest @eslint/eslintrc@^3.3.1
122 silly packumentCache full:https://registry.npmjs.org/@eslint%2feslintrc cache-miss
123 http fetch GET 200 https://registry.npmjs.org/@alloc%2fquick-lru 442ms (cache miss)
124 silly packumentCache full:https://registry.npmjs.org/@alloc%2fquick-lru set size:undefined disposed:false
125 silly fetch manifest @eslint/js@9.39.0
126 silly packumentCache full:https://registry.npmjs.org/@eslint%2fjs cache-miss
127 http fetch GET 200 https://registry.npmjs.org/@eslint-community%2fregexpp 444ms (cache miss)
128 silly packumentCache full:https://registry.npmjs.org/@eslint-community%2fregexpp set size:undefined disposed:false
129 silly fetch manifest @eslint/plugin-kit@^0.4.1
130 silly packumentCache full:https://registry.npmjs.org/@eslint%2fplugin-kit cache-miss
131 http fetch GET 200 https://registry.npmjs.org/csstype 449ms (cache miss)
132 silly packumentCache full:https://registry.npmjs.org/csstype set size:undefined disposed:false
133 silly fetch manifest @humanfs/node@^0.16.6
134 silly packumentCache full:https://registry.npmjs.org/@humanfs%2fnode cache-miss
135 http fetch GET 200 https://registry.npmjs.org/@eslint%2fconfig-array 465ms (cache miss)
136 silly packumentCache full:https://registry.npmjs.org/@eslint%2fconfig-array set size:undefined disposed:false
137 silly fetch manifest @humanwhocodes/module-importer@^1.0.1
138 silly packumentCache full:https://registry.npmjs.org/@humanwhocodes%2fmodule-importer cache-miss
139 http fetch GET 200 https://registry.npmjs.org/@eslint%2fcore 208ms (cache miss)
140 silly packumentCache full:https://registry.npmjs.org/@eslint%2fcore set size:undefined disposed:false
141 silly fetch manifest @humanwhocodes/retry@^0.4.2
142 silly packumentCache full:https://registry.npmjs.org/@humanwhocodes%2fretry cache-miss
143 http fetch GET 200 https://registry.npmjs.org/@eslint%2fconfig-helpers 341ms (cache miss)
144 silly packumentCache full:https://registry.npmjs.org/@eslint%2fconfig-helpers set size:undefined disposed:false
145 silly fetch manifest @types/estree@^1.0.6
146 silly packumentCache full:https://registry.npmjs.org/@types%2festree cache-miss
147 http fetch GET 200 https://registry.npmjs.org/@tailwindcss%2fnode 512ms (cache miss)
148 silly packumentCache full:https://registry.npmjs.org/@tailwindcss%2fnode set size:undefined disposed:false
149 silly fetch manifest ajv@^6.12.4
150 silly packumentCache full:https://registry.npmjs.org/ajv cache-miss
151 http fetch GET 200 https://registry.npmjs.org/@eslint%2feslintrc 149ms (cache miss)
152 silly packumentCache full:https://registry.npmjs.org/@eslint%2feslintrc set size:undefined disposed:false
153 silly fetch manifest chalk@^4.0.0
154 silly packumentCache full:https://registry.npmjs.org/chalk cache-miss
155 http fetch GET 200 https://registry.npmjs.org/@eslint%2fplugin-kit 186ms (cache miss)
156 silly packumentCache full:https://registry.npmjs.org/@eslint%2fplugin-kit set size:undefined disposed:false
157 silly fetch manifest cross-spawn@^7.0.6
158 silly packumentCache full:https://registry.npmjs.org/cross-spawn cache-miss
159 http fetch GET 200 https://registry.npmjs.org/@eslint%2fjs 192ms (cache miss)
160 silly packumentCache full:https://registry.npmjs.org/@eslint%2fjs set size:undefined disposed:false
161 silly fetch manifest debug@^4.3.2
162 silly packumentCache full:https://registry.npmjs.org/debug cache-miss
163 http fetch GET 200 https://registry.npmjs.org/@humanfs%2fnode 241ms (cache miss)
164 silly packumentCache full:https://registry.npmjs.org/@humanfs%2fnode set size:undefined disposed:false
165 silly fetch manifest escape-string-regexp@^4.0.0
166 silly packumentCache full:https://registry.npmjs.org/escape-string-regexp cache-miss
167 http fetch GET 200 https://registry.npmjs.org/@types%2festree 183ms (cache miss)
168 silly packumentCache full:https://registry.npmjs.org/@types%2festree set size:undefined disposed:false
169 silly fetch manifest eslint-scope@^8.4.0
170 silly packumentCache full:https://registry.npmjs.org/eslint-scope cache-miss
171 http fetch GET 200 https://registry.npmjs.org/@humanwhocodes%2fretry 268ms (cache miss)
172 silly packumentCache full:https://registry.npmjs.org/@humanwhocodes%2fretry set size:undefined disposed:false
173 silly fetch manifest eslint-visitor-keys@^4.2.1
174 silly packumentCache full:https://registry.npmjs.org/eslint-visitor-keys cache-miss
175 http fetch GET 200 https://registry.npmjs.org/chalk 261ms (cache miss)
176 silly packumentCache full:https://registry.npmjs.org/chalk set size:undefined disposed:false
177 silly fetch manifest espree@^10.4.0
178 silly packumentCache full:https://registry.npmjs.org/espree cache-miss
179 http fetch GET 200 https://registry.npmjs.org/@humanwhocodes%2fmodule-importer 318ms (cache miss)
180 silly packumentCache full:https://registry.npmjs.org/@humanwhocodes%2fmodule-importer set size:undefined disposed:false
181 silly fetch manifest esquery@^1.5.0
182 silly packumentCache full:https://registry.npmjs.org/esquery cache-miss
183 http fetch GET 200 https://registry.npmjs.org/debug 255ms (cache miss)
184 silly packumentCache full:https://registry.npmjs.org/debug set size:undefined disposed:false
185 silly fetch manifest esutils@^2.0.2
186 silly packumentCache full:https://registry.npmjs.org/esutils cache-miss
187 http fetch GET 200 https://registry.npmjs.org/cross-spawn 261ms (cache miss)
188 silly packumentCache full:https://registry.npmjs.org/cross-spawn set size:undefined disposed:false
189 silly fetch manifest fast-deep-equal@^3.1.3
190 silly packumentCache full:https://registry.npmjs.org/fast-deep-equal cache-miss
191 http fetch GET 200 https://registry.npmjs.org/ajv 385ms (cache miss)
192 silly packumentCache full:https://registry.npmjs.org/ajv set size:undefined disposed:false
193 silly fetch manifest file-entry-cache@^8.0.0
194 silly packumentCache full:https://registry.npmjs.org/file-entry-cache cache-miss
195 http fetch GET 200 https://registry.npmjs.org/escape-string-regexp 335ms (cache miss)
196 silly packumentCache full:https://registry.npmjs.org/escape-string-regexp set size:undefined disposed:false
197 silly fetch manifest find-up@^5.0.0
198 silly packumentCache full:https://registry.npmjs.org/find-up cache-miss
199 http fetch GET 200 https://registry.npmjs.org/@tailwindcss%2foxide 1030ms (cache miss)
200 silly packumentCache full:https://registry.npmjs.org/@tailwindcss%2foxide set size:undefined disposed:false
201 silly fetch manifest glob-parent@^6.0.2
202 silly packumentCache full:https://registry.npmjs.org/glob-parent cache-miss
203 http fetch GET 200 https://registry.npmjs.org/eslint-scope 349ms (cache miss)
204 silly packumentCache full:https://registry.npmjs.org/eslint-scope set size:undefined disposed:false
205 silly fetch manifest ignore@^5.2.0
206 silly packumentCache full:https://registry.npmjs.org/ignore cache-miss
207 http fetch GET 200 https://registry.npmjs.org/esutils 197ms (cache miss)
208 silly packumentCache full:https://registry.npmjs.org/esutils set size:undefined disposed:false
209 silly fetch manifest imurmurhash@^0.1.4
210 silly packumentCache full:https://registry.npmjs.org/imurmurhash cache-miss
211 http fetch GET 200 https://registry.npmjs.org/eslint-visitor-keys 313ms (cache miss)
212 silly packumentCache full:https://registry.npmjs.org/eslint-visitor-keys set size:undefined disposed:false
213 silly fetch manifest is-glob@^4.0.0
214 silly packumentCache full:https://registry.npmjs.org/is-glob cache-miss
215 http fetch GET 200 https://registry.npmjs.org/espree 312ms (cache miss)
216 silly packumentCache full:https://registry.npmjs.org/espree set size:undefined disposed:false
217 silly fetch manifest json-stable-stringify-without-jsonify@^1.0.1
218 silly packumentCache full:https://registry.npmjs.org/json-stable-stringify-without-jsonify cache-miss
219 http fetch GET 200 https://registry.npmjs.org/esquery 274ms (cache miss)
220 silly packumentCache full:https://registry.npmjs.org/esquery set size:undefined disposed:false
221 silly fetch manifest lodash.merge@^4.6.2
222 silly packumentCache full:https://registry.npmjs.org/lodash.merge cache-miss
223 http fetch GET 200 https://registry.npmjs.org/file-entry-cache 197ms (cache miss)
224 silly packumentCache full:https://registry.npmjs.org/file-entry-cache set size:undefined disposed:false
225 silly fetch manifest minimatch@^3.1.2
226 silly packumentCache full:https://registry.npmjs.org/minimatch cache-miss
227 http fetch GET 200 https://registry.npmjs.org/glob-parent 63ms (cache miss)
228 silly packumentCache full:https://registry.npmjs.org/glob-parent set size:undefined disposed:false
229 silly fetch manifest natural-compare@^1.4.0
230 silly packumentCache full:https://registry.npmjs.org/natural-compare cache-miss
231 http fetch GET 200 https://registry.npmjs.org/fast-deep-equal 212ms (cache miss)
232 silly packumentCache full:https://registry.npmjs.org/fast-deep-equal set size:undefined disposed:false
233 silly fetch manifest optionator@^0.9.3
234 silly packumentCache full:https://registry.npmjs.org/optionator cache-miss
235 http fetch GET 200 https://registry.npmjs.org/find-up 131ms (cache miss)
236 silly packumentCache full:https://registry.npmjs.org/find-up set size:undefined disposed:false
237 silly fetch manifest globals@16.4.0
238 silly packumentCache full:https://registry.npmjs.org/globals cache-miss
239 http fetch GET 200 https://registry.npmjs.org/json-stable-stringify-without-jsonify 66ms (cache miss)
240 silly packumentCache full:https://registry.npmjs.org/json-stable-stringify-without-jsonify set size:undefined disposed:false
241 silly fetch manifest typescript-eslint@^8.46.0
242 silly packumentCache full:https://registry.npmjs.org/typescript-eslint cache-miss
243 http fetch GET 200 https://registry.npmjs.org/ignore 119ms (cache miss)
244 silly packumentCache full:https://registry.npmjs.org/ignore set size:undefined disposed:false
245 silly fetch manifest eslint-plugin-react@^7.37.0
246 silly packumentCache full:https://registry.npmjs.org/eslint-plugin-react cache-miss
247 http fetch GET 200 https://registry.npmjs.org/natural-compare 62ms (cache miss)
248 silly packumentCache full:https://registry.npmjs.org/natural-compare set size:undefined disposed:false
249 silly fetch manifest eslint-plugin-import@^2.32.0
250 silly packumentCache full:https://registry.npmjs.org/eslint-plugin-import cache-miss
251 http fetch GET 200 https://registry.npmjs.org/imurmurhash 79ms (cache miss)
252 silly packumentCache full:https://registry.npmjs.org/imurmurhash set size:undefined disposed:false
253 silly fetch manifest eslint-plugin-jsx-a11y@^6.10.0
254 silly packumentCache full:https://registry.npmjs.org/eslint-plugin-jsx-a11y cache-miss
255 http fetch GET 200 https://registry.npmjs.org/is-glob 78ms (cache miss)
256 silly packumentCache full:https://registry.npmjs.org/is-glob set size:undefined disposed:false
257 silly fetch manifest @next/eslint-plugin-next@16.0.1
258 silly packumentCache full:https://registry.npmjs.org/@next%2feslint-plugin-next cache-miss
259 http fetch GET 200 https://registry.npmjs.org/lodash.merge 75ms (cache miss)
260 silly packumentCache full:https://registry.npmjs.org/lodash.merge set size:undefined disposed:false
261 silly fetch manifest eslint-plugin-react-hooks@^7.0.0
262 silly packumentCache full:https://registry.npmjs.org/eslint-plugin-react-hooks cache-miss
263 http fetch GET 200 https://registry.npmjs.org/optionator 65ms (cache miss)
264 silly packumentCache full:https://registry.npmjs.org/optionator set size:undefined disposed:false
265 silly fetch manifest eslint-import-resolver-node@^0.3.6
266 silly packumentCache full:https://registry.npmjs.org/eslint-import-resolver-node cache-miss
267 http fetch GET 200 https://registry.npmjs.org/minimatch 118ms (cache miss)
268 silly packumentCache full:https://registry.npmjs.org/minimatch set size:undefined disposed:false
269 silly fetch manifest eslint-import-resolver-typescript@^3.5.2
270 silly packumentCache full:https://registry.npmjs.org/eslint-import-resolver-typescript cache-miss
271 http fetch GET 200 https://registry.npmjs.org/globals 323ms (cache miss)
272 silly packumentCache full:https://registry.npmjs.org/globals set size:undefined disposed:false
273 silly fetch manifest postcss@8.4.31
274 silly packumentCache full:https://registry.npmjs.org/postcss cache-miss
275 http cache https://registry.npmjs.org/postcss 4ms (cache hit)
276 silly packumentCache full:https://registry.npmjs.org/postcss set size:696248 disposed:false
277 silly fetch manifest @next/env@16.0.1
278 silly packumentCache full:https://registry.npmjs.org/@next%2fenv cache-miss
279 http fetch GET 200 https://registry.npmjs.org/eslint-import-resolver-typescript 408ms (cache miss)
280 silly packumentCache full:https://registry.npmjs.org/eslint-import-resolver-typescript set size:undefined disposed:false
281 silly fetch manifest styled-jsx@5.1.6
282 silly packumentCache full:https://registry.npmjs.org/styled-jsx cache-miss
283 http fetch GET 200 https://registry.npmjs.org/eslint-plugin-jsx-a11y 808ms (cache miss)
284 silly packumentCache full:https://registry.npmjs.org/eslint-plugin-jsx-a11y set size:undefined disposed:false
285 silly fetch manifest @swc/helpers@0.5.15
286 silly packumentCache full:https://registry.npmjs.org/@swc%2fhelpers cache-miss
287 http fetch GET 200 https://registry.npmjs.org/styled-jsx 345ms (cache miss)
288 silly packumentCache full:https://registry.npmjs.org/styled-jsx set size:undefined disposed:false
289 silly fetch manifest caniuse-lite@^1.0.30001579
290 silly packumentCache full:https://registry.npmjs.org/caniuse-lite cache-miss
291 http fetch GET 200 https://registry.npmjs.org/typescript-eslint 911ms (cache miss)
292 silly packumentCache full:https://registry.npmjs.org/typescript-eslint set size:undefined disposed:false
293 silly fetch manifest sharp@^0.34.4
294 silly packumentCache full:https://registry.npmjs.org/sharp cache-miss
295 http fetch GET 200 https://registry.npmjs.org/sharp 204ms (cache miss)
296 silly packumentCache full:https://registry.npmjs.org/sharp set size:undefined disposed:false
297 silly fetch manifest @next/swc-darwin-x64@16.0.1
298 silly packumentCache full:https://registry.npmjs.org/@next%2fswc-darwin-x64 cache-miss
299 http fetch GET 200 https://registry.npmjs.org/@swc%2fhelpers 360ms (cache miss)
300 silly packumentCache full:https://registry.npmjs.org/@swc%2fhelpers set size:undefined disposed:false
301 silly fetch manifest @next/swc-darwin-arm64@16.0.1
302 silly packumentCache full:https://registry.npmjs.org/@next%2fswc-darwin-arm64 cache-miss
303 http fetch GET 200 https://registry.npmjs.org/caniuse-lite 374ms (cache miss)
304 silly packumentCache full:https://registry.npmjs.org/caniuse-lite set size:undefined disposed:false
305 silly fetch manifest @next/swc-linux-x64-gnu@16.0.1
306 silly packumentCache full:https://registry.npmjs.org/@next%2fswc-linux-x64-gnu cache-miss
307 http fetch GET 200 https://registry.npmjs.org/@next%2fenv 872ms (cache miss)
308 silly packumentCache full:https://registry.npmjs.org/@next%2fenv set size:undefined disposed:false
309 silly fetch manifest @next/swc-linux-x64-musl@16.0.1
310 silly packumentCache full:https://registry.npmjs.org/@next%2fswc-linux-x64-musl cache-miss
311 http fetch GET 200 https://registry.npmjs.org/eslint-plugin-react-hooks 1312ms (cache miss)
312 silly packumentCache full:https://registry.npmjs.org/eslint-plugin-react-hooks set size:undefined disposed:false
313 silly fetch manifest @next/swc-win32-x64-msvc@16.0.1
314 silly packumentCache full:https://registry.npmjs.org/@next%2fswc-win32-x64-msvc cache-miss
315 http fetch GET 200 https://registry.npmjs.org/@next%2feslint-plugin-next 2989ms (cache miss)
316 silly packumentCache full:https://registry.npmjs.org/@next%2feslint-plugin-next set size:undefined disposed:false
317 silly fetch manifest @next/swc-linux-arm64-gnu@16.0.1
318 silly packumentCache full:https://registry.npmjs.org/@next%2fswc-linux-arm64-gnu cache-miss
319 http fetch GET 200 https://registry.npmjs.org/eslint-plugin-import 3080ms (cache miss)
320 silly packumentCache full:https://registry.npmjs.org/eslint-plugin-import set size:undefined disposed:false
321 silly fetch manifest @next/swc-linux-arm64-musl@16.0.1
322 silly packumentCache full:https://registry.npmjs.org/@next%2fswc-linux-arm64-musl cache-miss
323 http fetch GET 200 https://registry.npmjs.org/@next%2fswc-linux-x64-musl 2533ms (cache miss)
324 silly packumentCache full:https://registry.npmjs.org/@next%2fswc-linux-x64-musl set size:undefined disposed:false
325 silly fetch manifest @next/swc-win32-arm64-msvc@16.0.1
326 silly packumentCache full:https://registry.npmjs.org/@next%2fswc-win32-arm64-msvc cache-miss
327 http fetch GET 200 https://registry.npmjs.org/@next%2fswc-linux-x64-gnu 2793ms (cache miss)
328 silly packumentCache full:https://registry.npmjs.org/@next%2fswc-linux-x64-gnu set size:undefined disposed:false
329 silly fetch manifest scheduler@^0.27.0
330 silly packumentCache full:https://registry.npmjs.org/scheduler cache-miss
331 http fetch GET 200 https://registry.npmjs.org/eslint-plugin-react 4427ms (cache miss)
332 silly packumentCache full:https://registry.npmjs.org/eslint-plugin-react set size:undefined disposed:false
333 http fetch GET 200 https://registry.npmjs.org/eslint-import-resolver-node 5461ms (cache miss)
334 silly packumentCache full:https://registry.npmjs.org/eslint-import-resolver-node set size:undefined disposed:false
335 http fetch GET 200 https://registry.npmjs.org/@next%2fswc-linux-arm64-gnu 2455ms (cache miss)
336 silly packumentCache full:https://registry.npmjs.org/@next%2fswc-linux-arm64-gnu set size:undefined disposed:false
337 http fetch GET 200 https://registry.npmjs.org/@next%2fswc-win32-x64-msvc 4313ms (cache miss)
338 silly packumentCache full:https://registry.npmjs.org/@next%2fswc-win32-x64-msvc set size:undefined disposed:false
339 http fetch GET 200 https://registry.npmjs.org/@next%2fswc-darwin-arm64 5989ms (cache miss)
340 silly packumentCache full:https://registry.npmjs.org/@next%2fswc-darwin-arm64 set size:undefined disposed:false
341 http fetch GET 200 https://registry.npmjs.org/@next%2fswc-darwin-x64 6281ms (cache miss)
342 silly packumentCache full:https://registry.npmjs.org/@next%2fswc-darwin-x64 set size:undefined disposed:false
343 http fetch GET 200 https://registry.npmjs.org/scheduler 4533ms (cache miss)
344 silly packumentCache full:https://registry.npmjs.org/scheduler set size:undefined disposed:false
345 http fetch GET 200 https://registry.npmjs.org/@next%2fswc-linux-arm64-musl 6759ms (cache miss)
346 silly packumentCache full:https://registry.npmjs.org/@next%2fswc-linux-arm64-musl set size:undefined disposed:false
347 http fetch GET 200 https://registry.npmjs.org/@next%2fswc-win32-arm64-msvc 6592ms (cache miss)
348 silly packumentCache full:https://registry.npmjs.org/@next%2fswc-win32-arm64-msvc set size:undefined disposed:false
349 silly placeDep ROOT @alloc/quick-lru@5.2.0 OK for: @tailwindcss/postcss@4.1.16 want: ^5.2.0
350 silly placeDep ROOT @tailwindcss/node@4.1.16 OK for: @tailwindcss/postcss@4.1.16 want: 4.1.16
351 silly placeDep ROOT @tailwindcss/oxide@4.1.16 OK for: @tailwindcss/postcss@4.1.16 want: 4.1.16
352 silly placeDep ROOT postcss@8.5.6 OK for: @tailwindcss/postcss@4.1.16 want: ^8.4.41
353 silly fetch manifest jiti@^2.6.1
354 silly packumentCache full:https://registry.npmjs.org/jiti cache-miss
355 silly fetch manifest lightningcss@1.30.2
356 silly packumentCache full:https://registry.npmjs.org/lightningcss cache-miss
357 silly fetch manifest magic-string@^0.30.19
358 silly packumentCache full:https://registry.npmjs.org/magic-string cache-miss
359 silly fetch manifest source-map-js@^1.2.1
360 silly packumentCache full:https://registry.npmjs.org/source-map-js cache-miss
361 silly fetch manifest enhanced-resolve@^5.18.3
362 silly packumentCache full:https://registry.npmjs.org/enhanced-resolve cache-miss
363 silly fetch manifest @jridgewell/remapping@^2.3.4
364 silly packumentCache full:https://registry.npmjs.org/@jridgewell%2fremapping cache-miss
365 silly fetch manifest @tailwindcss/oxide-darwin-x64@4.1.16
366 silly packumentCache full:https://registry.npmjs.org/@tailwindcss%2foxide-darwin-x64 cache-miss
367 silly fetch manifest @tailwindcss/oxide-freebsd-x64@4.1.16
368 silly packumentCache full:https://registry.npmjs.org/@tailwindcss%2foxide-freebsd-x64 cache-miss
369 silly fetch manifest @tailwindcss/oxide-wasm32-wasi@4.1.16
370 silly packumentCache full:https://registry.npmjs.org/@tailwindcss%2foxide-wasm32-wasi cache-miss
371 http cache https://registry.npmjs.org/jiti 7ms (cache hit)
372 silly packumentCache full:https://registry.npmjs.org/jiti set size:382310 disposed:false
373 silly fetch manifest @tailwindcss/oxide-darwin-arm64@4.1.16
374 silly packumentCache full:https://registry.npmjs.org/@tailwindcss%2foxide-darwin-arm64 cache-miss
375 http fetch GET 200 https://registry.npmjs.org/source-map-js 69ms (cache miss)
376 silly packumentCache full:https://registry.npmjs.org/source-map-js set size:undefined disposed:false
377 silly fetch manifest @tailwindcss/oxide-android-arm64@4.1.16
378 silly packumentCache full:https://registry.npmjs.org/@tailwindcss%2foxide-android-arm64 cache-miss
379 http fetch GET 200 https://registry.npmjs.org/@jridgewell%2fremapping 144ms (cache miss)
380 silly packumentCache full:https://registry.npmjs.org/@jridgewell%2fremapping set size:undefined disposed:false
381 silly fetch manifest @tailwindcss/oxide-linux-x64-gnu@4.1.16
382 silly packumentCache full:https://registry.npmjs.org/@tailwindcss%2foxide-linux-x64-gnu cache-miss
383 http fetch GET 200 https://registry.npmjs.org/enhanced-resolve 146ms (cache miss)
384 silly packumentCache full:https://registry.npmjs.org/enhanced-resolve set size:undefined disposed:false
385 silly fetch manifest @tailwindcss/oxide-linux-x64-musl@4.1.16
386 silly packumentCache full:https://registry.npmjs.org/@tailwindcss%2foxide-linux-x64-musl cache-miss
387 http fetch GET 200 https://registry.npmjs.org/magic-string 275ms (cache miss)
388 silly packumentCache full:https://registry.npmjs.org/magic-string set size:undefined disposed:false
389 silly fetch manifest @tailwindcss/oxide-win32-x64-msvc@4.1.16
390 silly packumentCache full:https://registry.npmjs.org/@tailwindcss%2foxide-win32-x64-msvc cache-miss
391 http fetch GET 200 https://registry.npmjs.org/@tailwindcss%2foxide-wasm32-wasi 762ms (cache miss)
392 silly packumentCache full:https://registry.npmjs.org/@tailwindcss%2foxide-wasm32-wasi set size:undefined disposed:false
393 silly fetch manifest @tailwindcss/oxide-linux-arm64-gnu@4.1.16
394 silly packumentCache full:https://registry.npmjs.org/@tailwindcss%2foxide-linux-arm64-gnu cache-miss
395 http fetch GET 200 https://registry.npmjs.org/@tailwindcss%2foxide-darwin-arm64 1003ms (cache miss)
396 silly packumentCache full:https://registry.npmjs.org/@tailwindcss%2foxide-darwin-arm64 set size:undefined disposed:false
397 silly fetch manifest @tailwindcss/oxide-linux-arm64-musl@4.1.16
398 silly packumentCache full:https://registry.npmjs.org/@tailwindcss%2foxide-linux-arm64-musl cache-miss
399 http fetch GET 200 https://registry.npmjs.org/lightningcss 1275ms (cache miss)
400 silly packumentCache full:https://registry.npmjs.org/lightningcss set size:undefined disposed:false
401 silly fetch manifest @tailwindcss/oxide-win32-arm64-msvc@4.1.16
402 silly packumentCache full:https://registry.npmjs.org/@tailwindcss%2foxide-win32-arm64-msvc cache-miss
403 http fetch GET 200 https://registry.npmjs.org/@tailwindcss%2foxide-linux-x64-gnu 1318ms (cache miss)
404 silly packumentCache full:https://registry.npmjs.org/@tailwindcss%2foxide-linux-x64-gnu set size:undefined disposed:false
405 silly fetch manifest @tailwindcss/oxide-linux-arm-gnueabihf@4.1.16
406 silly packumentCache full:https://registry.npmjs.org/@tailwindcss%2foxide-linux-arm-gnueabihf cache-miss
407 http fetch GET 200 https://registry.npmjs.org/@tailwindcss%2foxide-android-arm64 1602ms (cache miss)
408 silly packumentCache full:https://registry.npmjs.org/@tailwindcss%2foxide-android-arm64 set size:undefined disposed:false
409 silly fetch manifest nanoid@^3.3.11
410 silly packumentCache full:https://registry.npmjs.org/nanoid cache-miss
411 http fetch GET 200 https://registry.npmjs.org/@tailwindcss%2foxide-win32-x64-msvc 1404ms (cache miss)
412 silly packumentCache full:https://registry.npmjs.org/@tailwindcss%2foxide-win32-x64-msvc set size:undefined disposed:false
413 silly fetch manifest picocolors@^1.1.1
414 silly packumentCache full:https://registry.npmjs.org/picocolors cache-miss
415 http fetch GET 200 https://registry.npmjs.org/@tailwindcss%2foxide-linux-arm-gnueabihf 1294ms (cache miss)
416 silly packumentCache full:https://registry.npmjs.org/@tailwindcss%2foxide-linux-arm-gnueabihf set size:undefined disposed:false
417 http fetch GET 200 https://registry.npmjs.org/@tailwindcss%2foxide-linux-arm64-gnu 2112ms (cache miss)
418 silly packumentCache full:https://registry.npmjs.org/@tailwindcss%2foxide-linux-arm64-gnu set size:undefined disposed:false
419 http fetch GET 200 https://registry.npmjs.org/@tailwindcss%2foxide-linux-arm64-musl 1866ms (cache miss)
420 silly packumentCache full:https://registry.npmjs.org/@tailwindcss%2foxide-linux-arm64-musl set size:undefined disposed:false
421 http fetch GET 200 https://registry.npmjs.org/picocolors 1657ms (cache miss)
422 silly packumentCache full:https://registry.npmjs.org/picocolors set size:undefined disposed:false
423 http fetch GET 200 https://registry.npmjs.org/@tailwindcss%2foxide-darwin-x64 3465ms (cache miss)
424 silly packumentCache full:https://registry.npmjs.org/@tailwindcss%2foxide-darwin-x64 set size:undefined disposed:false
425 http fetch GET 200 https://registry.npmjs.org/@tailwindcss%2foxide-freebsd-x64 3810ms (cache miss)
426 silly packumentCache full:https://registry.npmjs.org/@tailwindcss%2foxide-freebsd-x64 set size:undefined disposed:false
427 http fetch GET 200 https://registry.npmjs.org/@tailwindcss%2foxide-linux-x64-musl 3848ms (cache miss)
428 silly packumentCache full:https://registry.npmjs.org/@tailwindcss%2foxide-linux-x64-musl set size:undefined disposed:false
429 http fetch GET 200 https://registry.npmjs.org/@tailwindcss%2foxide-win32-arm64-msvc 2926ms (cache miss)
430 silly packumentCache full:https://registry.npmjs.org/@tailwindcss%2foxide-win32-arm64-msvc set size:undefined disposed:false
431 http fetch GET 200 https://registry.npmjs.org/nanoid 2776ms (cache miss)
432 silly packumentCache full:https://registry.npmjs.org/nanoid set size:undefined disposed:false
433 silly placeDep ROOT @jridgewell/remapping@2.3.5 OK for: @tailwindcss/node@4.1.16 want: ^2.3.4
434 silly placeDep ROOT enhanced-resolve@5.18.3 OK for: @tailwindcss/node@4.1.16 want: ^5.18.3
435 silly placeDep ROOT jiti@2.6.1 OK for: @tailwindcss/node@4.1.16 want: ^2.6.1
436 silly placeDep ROOT lightningcss@1.30.2 OK for: @tailwindcss/node@4.1.16 want: 1.30.2
437 silly placeDep ROOT magic-string@0.30.21 OK for: @tailwindcss/node@4.1.16 want: ^0.30.19
438 silly placeDep ROOT source-map-js@1.2.1 OK for: @tailwindcss/node@4.1.16 want: ^1.2.1
439 silly fetch manifest @jridgewell/gen-mapping@^0.3.5
440 silly packumentCache full:https://registry.npmjs.org/@jridgewell%2fgen-mapping cache-miss
441 silly fetch manifest @jridgewell/trace-mapping@^0.3.24
442 silly packumentCache full:https://registry.npmjs.org/@jridgewell%2ftrace-mapping cache-miss
443 silly fetch manifest graceful-fs@^4.2.4
444 silly packumentCache full:https://registry.npmjs.org/graceful-fs cache-miss
445 silly fetch manifest tapable@^2.2.0
446 silly packumentCache full:https://registry.npmjs.org/tapable cache-miss
447 silly fetch manifest detect-libc@^2.0.3
448 silly packumentCache full:https://registry.npmjs.org/detect-libc cache-miss
449 silly fetch manifest lightningcss-darwin-x64@1.30.2
450 silly packumentCache full:https://registry.npmjs.org/lightningcss-darwin-x64 cache-miss
451 silly fetch manifest lightningcss-linux-x64-gnu@1.30.2
452 silly packumentCache full:https://registry.npmjs.org/lightningcss-linux-x64-gnu cache-miss
453 silly fetch manifest lightningcss-win32-x64-msvc@1.30.2
454 silly packumentCache full:https://registry.npmjs.org/lightningcss-win32-x64-msvc cache-miss
455 silly fetch manifest lightningcss-win32-arm64-msvc@1.30.2
456 silly packumentCache full:https://registry.npmjs.org/lightningcss-win32-arm64-msvc cache-miss
457 http fetch GET 200 https://registry.npmjs.org/tapable 121ms (cache miss)
458 silly packumentCache full:https://registry.npmjs.org/tapable set size:undefined disposed:false
459 silly fetch manifest lightningcss-darwin-arm64@1.30.2
460 silly packumentCache full:https://registry.npmjs.org/lightningcss-darwin-arm64 cache-miss
461 http fetch GET 200 https://registry.npmjs.org/lightningcss-darwin-x64 183ms (cache miss)
462 silly packumentCache full:https://registry.npmjs.org/lightningcss-darwin-x64 set size:undefined disposed:false
463 silly fetch manifest lightningcss-linux-arm64-gnu@1.30.2
464 silly packumentCache full:https://registry.npmjs.org/lightningcss-linux-arm64-gnu cache-miss
465 http fetch GET 200 https://registry.npmjs.org/lightningcss-win32-arm64-msvc 186ms (cache miss)
466 silly packumentCache full:https://registry.npmjs.org/lightningcss-win32-arm64-msvc set size:undefined disposed:false
467 silly fetch manifest lightningcss-linux-arm-gnueabihf@1.30.2
468 silly packumentCache full:https://registry.npmjs.org/lightningcss-linux-arm-gnueabihf cache-miss
469 http fetch GET 200 https://registry.npmjs.org/detect-libc 187ms (cache miss)
470 silly packumentCache full:https://registry.npmjs.org/detect-libc set size:undefined disposed:false
471 silly fetch manifest lightningcss-linux-arm64-musl@1.30.2
472 silly packumentCache full:https://registry.npmjs.org/lightningcss-linux-arm64-musl cache-miss
473 http fetch GET 200 https://registry.npmjs.org/graceful-fs 189ms (cache miss)
474 silly packumentCache full:https://registry.npmjs.org/graceful-fs set size:undefined disposed:false
475 silly fetch manifest lightningcss-linux-x64-musl@1.30.2
476 silly packumentCache full:https://registry.npmjs.org/lightningcss-linux-x64-musl cache-miss
477 http fetch GET 200 https://registry.npmjs.org/lightningcss-linux-x64-gnu 192ms (cache miss)
478 silly packumentCache full:https://registry.npmjs.org/lightningcss-linux-x64-gnu set size:undefined disposed:false
479 silly fetch manifest lightningcss-freebsd-x64@1.30.2
480 silly packumentCache full:https://registry.npmjs.org/lightningcss-freebsd-x64 cache-miss
481 http fetch GET 200 https://registry.npmjs.org/@jridgewell%2fgen-mapping 194ms (cache miss)
482 silly packumentCache full:https://registry.npmjs.org/@jridgewell%2fgen-mapping set size:undefined disposed:false
483 silly fetch manifest lightningcss-android-arm64@1.30.2
484 silly packumentCache full:https://registry.npmjs.org/lightningcss-android-arm64 cache-miss
485 http fetch GET 200 https://registry.npmjs.org/@jridgewell%2ftrace-mapping 221ms (cache miss)
486 silly packumentCache full:https://registry.npmjs.org/@jridgewell%2ftrace-mapping set size:undefined disposed:false
487 silly fetch manifest @jridgewell/sourcemap-codec@^1.5.5
488 silly packumentCache full:https://registry.npmjs.org/@jridgewell%2fsourcemap-codec cache-miss
489 http fetch GET 200 https://registry.npmjs.org/lightningcss-darwin-arm64 99ms (cache miss)
490 silly packumentCache full:https://registry.npmjs.org/lightningcss-darwin-arm64 set size:undefined disposed:false
491 http fetch GET 200 https://registry.npmjs.org/lightningcss-win32-x64-msvc 224ms (cache miss)
492 silly packumentCache full:https://registry.npmjs.org/lightningcss-win32-x64-msvc set size:undefined disposed:false
493 http fetch GET 200 https://registry.npmjs.org/lightningcss-android-arm64 88ms (cache miss)
494 silly packumentCache full:https://registry.npmjs.org/lightningcss-android-arm64 set size:undefined disposed:false
495 http fetch GET 200 https://registry.npmjs.org/lightningcss-linux-arm64-gnu 98ms (cache miss)
496 silly packumentCache full:https://registry.npmjs.org/lightningcss-linux-arm64-gnu set size:undefined disposed:false
497 http fetch GET 200 https://registry.npmjs.org/lightningcss-freebsd-x64 90ms (cache miss)
498 silly packumentCache full:https://registry.npmjs.org/lightningcss-freebsd-x64 set size:undefined disposed:false
499 http fetch GET 200 https://registry.npmjs.org/lightningcss-linux-x64-musl 94ms (cache miss)
500 silly packumentCache full:https://registry.npmjs.org/lightningcss-linux-x64-musl set size:undefined disposed:false
501 http fetch GET 200 https://registry.npmjs.org/lightningcss-linux-arm64-musl 96ms (cache miss)
502 silly packumentCache full:https://registry.npmjs.org/lightningcss-linux-arm64-musl set size:undefined disposed:false
503 http fetch GET 200 https://registry.npmjs.org/lightningcss-linux-arm-gnueabihf 98ms (cache miss)
504 silly packumentCache full:https://registry.npmjs.org/lightningcss-linux-arm-gnueabihf set size:undefined disposed:false
505 http fetch GET 200 https://registry.npmjs.org/@jridgewell%2fsourcemap-codec 121ms (cache miss)
506 silly packumentCache full:https://registry.npmjs.org/@jridgewell%2fsourcemap-codec set size:undefined disposed:false
507 silly placeDep ROOT @jridgewell/gen-mapping@0.3.13 OK for: @jridgewell/remapping@2.3.5 want: ^0.3.5
508 silly placeDep ROOT @jridgewell/trace-mapping@0.3.31 OK for: @jridgewell/remapping@2.3.5 want: ^0.3.24
509 silly fetch manifest @jridgewell/sourcemap-codec@^1.5.0
510 silly packumentCache full:https://registry.npmjs.org/@jridgewell%2fsourcemap-codec cache-miss
511 silly fetch manifest @jridgewell/resolve-uri@^3.1.0
512 silly packumentCache full:https://registry.npmjs.org/@jridgewell%2fresolve-uri cache-miss
513 silly fetch manifest @jridgewell/sourcemap-codec@^1.4.14
514 silly packumentCache full:https://registry.npmjs.org/@jridgewell%2fsourcemap-codec cache-miss
515 http cache https://registry.npmjs.org/@jridgewell%2fsourcemap-codec 5ms (cache hit)
516 silly packumentCache full:https://registry.npmjs.org/@jridgewell%2fsourcemap-codec set size:59275 disposed:false
517 http cache https://registry.npmjs.org/@jridgewell%2fsourcemap-codec 7ms (cache hit)
518 silly packumentCache full:https://registry.npmjs.org/@jridgewell%2fsourcemap-codec set size:59275 disposed:false
519 silly packumentCache full:https://registry.npmjs.org/@jridgewell%2fsourcemap-codec dispose
520 http fetch GET 200 https://registry.npmjs.org/@jridgewell%2fresolve-uri 400ms (cache miss)
521 silly packumentCache full:https://registry.npmjs.org/@jridgewell%2fresolve-uri set size:undefined disposed:false
522 silly placeDep ROOT @jridgewell/sourcemap-codec@1.5.5 OK for: @jridgewell/gen-mapping@0.3.13 want: ^1.5.0
523 silly placeDep ROOT @jridgewell/resolve-uri@3.1.2 OK for: @jridgewell/trace-mapping@0.3.31 want: ^3.1.0
524 silly placeDep ROOT @tailwindcss/oxide-android-arm64@4.1.16 OK for: @tailwindcss/oxide@4.1.16 want: 4.1.16
525 silly placeDep ROOT @tailwindcss/oxide-darwin-arm64@4.1.16 OK for: @tailwindcss/oxide@4.1.16 want: 4.1.16
526 silly placeDep ROOT @tailwindcss/oxide-darwin-x64@4.1.16 OK for: @tailwindcss/oxide@4.1.16 want: 4.1.16
527 silly placeDep ROOT @tailwindcss/oxide-freebsd-x64@4.1.16 OK for: @tailwindcss/oxide@4.1.16 want: 4.1.16
528 silly placeDep ROOT @tailwindcss/oxide-linux-arm-gnueabihf@4.1.16 OK for: @tailwindcss/oxide@4.1.16 want: 4.1.16
529 silly placeDep ROOT @tailwindcss/oxide-linux-arm64-gnu@4.1.16 OK for: @tailwindcss/oxide@4.1.16 want: 4.1.16
530 silly placeDep ROOT @tailwindcss/oxide-linux-arm64-musl@4.1.16 OK for: @tailwindcss/oxide@4.1.16 want: 4.1.16
531 silly placeDep ROOT @tailwindcss/oxide-linux-x64-gnu@4.1.16 OK for: @tailwindcss/oxide@4.1.16 want: 4.1.16
532 silly placeDep ROOT @tailwindcss/oxide-linux-x64-musl@4.1.16 OK for: @tailwindcss/oxide@4.1.16 want: 4.1.16
533 silly placeDep ROOT @tailwindcss/oxide-wasm32-wasi@4.1.16 OK for: @tailwindcss/oxide@4.1.16 want: 4.1.16
534 silly placeDep ROOT @tailwindcss/oxide-win32-arm64-msvc@4.1.16 OK for: @tailwindcss/oxide@4.1.16 want: 4.1.16
535 silly placeDep ROOT @tailwindcss/oxide-win32-x64-msvc@4.1.16 OK for: @tailwindcss/oxide@4.1.16 want: 4.1.16
536 silly placeDep ROOT undici-types@6.21.0 OK for: @types/node@20.19.24 want: ~6.21.0
537 silly placeDep ROOT csstype@3.1.3 OK for: @types/react@19.2.2 want: ^3.0.2
538 silly placeDep ROOT graceful-fs@4.2.11 OK for: enhanced-resolve@5.18.3 want: ^4.2.4
539 silly placeDep ROOT tapable@2.3.0 OK for: enhanced-resolve@5.18.3 want: ^2.2.0
540 silly fetch manifest eslint@^6.0.0 || ^7.0.0 || >=8.0.0
541 silly packumentCache full:https://registry.npmjs.org/eslint cache-miss
542 http cache https://registry.npmjs.org/eslint 7ms (cache hit)
543 silly packumentCache full:https://registry.npmjs.org/eslint set size:1866589 disposed:false
544 silly placeDep ROOT @eslint-community/eslint-utils@4.9.0 OK for: eslint@9.39.0 want: ^4.8.0
545 silly placeDep ROOT @eslint-community/regexpp@4.12.2 OK for: eslint@9.39.0 want: ^4.12.1
546 silly placeDep ROOT @eslint/config-array@0.21.1 OK for: eslint@9.39.0 want: ^0.21.1
547 silly placeDep ROOT @eslint/config-helpers@0.4.2 OK for: eslint@9.39.0 want: ^0.4.2
548 silly placeDep ROOT @eslint/core@0.17.0 OK for: eslint@9.39.0 want: ^0.17.0
549 silly placeDep ROOT @eslint/eslintrc@3.3.1 OK for: eslint@9.39.0 want: ^3.3.1
550 silly placeDep ROOT @eslint/js@9.39.0 OK for: eslint@9.39.0 want: 9.39.0
551 silly placeDep ROOT @eslint/plugin-kit@0.4.1 OK for: eslint@9.39.0 want: ^0.4.1
552 silly placeDep ROOT @humanfs/node@0.16.7 OK for: eslint@9.39.0 want: ^0.16.6
553 silly placeDep ROOT @humanwhocodes/module-importer@1.0.1 OK for: eslint@9.39.0 want: ^1.0.1
554 silly placeDep ROOT @humanwhocodes/retry@0.4.3 OK for: eslint@9.39.0 want: ^0.4.2
555 silly placeDep ROOT @types/estree@1.0.8 OK for: eslint@9.39.0 want: ^1.0.6
556 silly placeDep ROOT ajv@6.12.6 OK for: eslint@9.39.0 want: ^6.12.4
557 silly placeDep ROOT chalk@4.1.2 OK for: eslint@9.39.0 want: ^4.0.0
558 silly placeDep ROOT cross-spawn@7.0.6 OK for: eslint@9.39.0 want: ^7.0.6
559 silly placeDep ROOT debug@4.4.3 OK for: eslint@9.39.0 want: ^4.3.2
560 silly placeDep ROOT escape-string-regexp@4.0.0 OK for: eslint@9.39.0 want: ^4.0.0
561 silly placeDep ROOT eslint-scope@8.4.0 OK for: eslint@9.39.0 want: ^8.4.0
562 silly placeDep ROOT eslint-visitor-keys@4.2.1 OK for: eslint@9.39.0 want: ^4.2.1
563 silly placeDep ROOT espree@10.4.0 OK for: eslint@9.39.0 want: ^10.4.0
564 silly placeDep ROOT esquery@1.6.0 OK for: eslint@9.39.0 want: ^1.5.0
565 silly placeDep ROOT esutils@2.0.3 OK for: eslint@9.39.0 want: ^2.0.2
566 silly placeDep ROOT fast-deep-equal@3.1.3 OK for: eslint@9.39.0 want: ^3.1.3
567 silly placeDep ROOT file-entry-cache@8.0.0 OK for: eslint@9.39.0 want: ^8.0.0
568 silly placeDep ROOT find-up@5.0.0 OK for: eslint@9.39.0 want: ^5.0.0
569 silly placeDep ROOT glob-parent@6.0.2 OK for: eslint@9.39.0 want: ^6.0.2
570 silly placeDep ROOT ignore@5.3.2 OK for: eslint@9.39.0 want: ^5.2.0
571 silly placeDep ROOT imurmurhash@0.1.4 OK for: eslint@9.39.0 want: ^0.1.4
572 silly placeDep ROOT is-glob@4.0.3 OK for: eslint@9.39.0 want: ^4.0.0
573 silly placeDep ROOT json-stable-stringify-without-jsonify@1.0.1 OK for: eslint@9.39.0 want: ^1.0.1
574 silly placeDep ROOT lodash.merge@4.6.2 OK for: eslint@9.39.0 want: ^4.6.2
575 silly placeDep ROOT minimatch@3.1.2 OK for: eslint@9.39.0 want: ^3.1.2
576 silly placeDep ROOT natural-compare@1.4.0 OK for: eslint@9.39.0 want: ^1.4.0
577 silly placeDep ROOT optionator@0.9.4 OK for: eslint@9.39.0 want: ^0.9.3
578 silly fetch manifest eslint-visitor-keys@^3.4.3
579 silly packumentCache full:https://registry.npmjs.org/eslint-visitor-keys cache-miss
580 silly fetch manifest @eslint/object-schema@^2.1.7
581 silly packumentCache full:https://registry.npmjs.org/@eslint%2fobject-schema cache-miss
582 silly fetch manifest debug@^4.3.1
583 silly packumentCache full:https://registry.npmjs.org/debug cache-miss
584 silly fetch manifest @types/json-schema@^7.0.15
585 silly packumentCache full:https://registry.npmjs.org/@types%2fjson-schema cache-miss
586 silly fetch manifest espree@^10.0.1
587 silly packumentCache full:https://registry.npmjs.org/espree cache-miss
588 silly fetch manifest globals@^14.0.0
589 silly packumentCache full:https://registry.npmjs.org/globals cache-miss
590 silly fetch manifest import-fresh@^3.2.1
591 silly packumentCache full:https://registry.npmjs.org/import-fresh cache-miss
592 silly fetch manifest js-yaml@^4.1.0
593 silly packumentCache full:https://registry.npmjs.org/js-yaml cache-miss
594 silly fetch manifest strip-json-comments@^3.1.1
595 silly packumentCache full:https://registry.npmjs.org/strip-json-comments cache-miss
596 http cache https://registry.npmjs.org/debug 5ms (cache hit)
597 silly packumentCache full:https://registry.npmjs.org/debug set size:195840 disposed:false
598 silly fetch manifest levn@^0.4.1
599 silly packumentCache full:https://registry.npmjs.org/levn cache-miss
600 http cache https://registry.npmjs.org/globals 6ms (cache hit)
601 silly packumentCache full:https://registry.npmjs.org/globals set size:290151 disposed:false
602 silly fetch manifest @humanwhocodes/retry@^0.4.0
603 silly packumentCache full:https://registry.npmjs.org/@humanwhocodes%2fretry cache-miss
604 http cache https://registry.npmjs.org/espree 8ms (cache hit)
605 silly packumentCache full:https://registry.npmjs.org/espree set size:315544 disposed:false
606 silly fetch manifest @humanfs/core@^0.19.1
607 silly packumentCache full:https://registry.npmjs.org/@humanfs%2fcore cache-miss
608 http cache https://registry.npmjs.org/eslint-visitor-keys 11ms (cache hit)
609 silly packumentCache full:https://registry.npmjs.org/eslint-visitor-keys set size:65553 disposed:false
610 silly fetch manifest uri-js@^4.2.2
611 silly packumentCache full:https://registry.npmjs.org/uri-js cache-miss
612 http cache https://registry.npmjs.org/@humanwhocodes%2fretry 7ms (cache hit)
613 silly packumentCache full:https://registry.npmjs.org/@humanwhocodes%2fretry set size:42348 disposed:false
614 silly fetch manifest fast-deep-equal@^3.1.1
615 silly packumentCache full:https://registry.npmjs.org/fast-deep-equal cache-miss
616 http cache https://registry.npmjs.org/fast-deep-equal 1ms (cache hit)
617 silly packumentCache full:https://registry.npmjs.org/fast-deep-equal set size:48634 disposed:false
618 silly fetch manifest json-schema-traverse@^0.4.1
619 silly packumentCache full:https://registry.npmjs.org/json-schema-traverse cache-miss
620 http fetch GET 200 https://registry.npmjs.org/@types%2fjson-schema 108ms (cache miss)
621 silly packumentCache full:https://registry.npmjs.org/@types%2fjson-schema set size:undefined disposed:false
622 silly fetch manifest fast-json-stable-stringify@^2.0.0
623 silly packumentCache full:https://registry.npmjs.org/fast-json-stable-stringify cache-miss
624 http fetch GET 200 https://registry.npmjs.org/import-fresh 109ms (cache miss)
625 silly packumentCache full:https://registry.npmjs.org/import-fresh set size:undefined disposed:false
626 silly fetch manifest ansi-styles@^4.1.0
627 silly packumentCache full:https://registry.npmjs.org/ansi-styles cache-miss
628 http fetch GET 200 https://registry.npmjs.org/@eslint%2fobject-schema 110ms (cache miss)
629 silly packumentCache full:https://registry.npmjs.org/@eslint%2fobject-schema set size:undefined disposed:false
630 silly fetch manifest supports-color@^7.1.0
631 silly packumentCache full:https://registry.npmjs.org/supports-color cache-miss
632 http fetch GET 200 https://registry.npmjs.org/levn 105ms (cache miss)
633 silly packumentCache full:https://registry.npmjs.org/levn set size:undefined disposed:false
634 silly fetch manifest which@^2.0.1
635 silly packumentCache full:https://registry.npmjs.org/which cache-miss
636 http fetch GET 200 https://registry.npmjs.org/strip-json-comments 111ms (cache miss)
637 silly packumentCache full:https://registry.npmjs.org/strip-json-comments set size:undefined disposed:false
638 silly fetch manifest path-key@^3.1.0
639 silly packumentCache full:https://registry.npmjs.org/path-key cache-miss
640 http fetch GET 200 https://registry.npmjs.org/js-yaml 112ms (cache miss)
641 silly packumentCache full:https://registry.npmjs.org/js-yaml set size:undefined disposed:false
642 silly fetch manifest shebang-command@^2.0.0
643 silly packumentCache full:https://registry.npmjs.org/shebang-command cache-miss
644 http fetch GET 200 https://registry.npmjs.org/shebang-command 55ms (cache miss)
645 silly packumentCache full:https://registry.npmjs.org/shebang-command set size:undefined disposed:false
646 silly fetch manifest ms@^2.1.3
647 silly packumentCache full:https://registry.npmjs.org/ms cache-miss
648 http fetch GET 200 https://registry.npmjs.org/json-schema-traverse 154ms (cache miss)
649 silly packumentCache full:https://registry.npmjs.org/json-schema-traverse set size:undefined disposed:false
650 silly fetch manifest esrecurse@^4.3.0
651 silly packumentCache full:https://registry.npmjs.org/esrecurse cache-miss
652 http fetch GET 200 https://registry.npmjs.org/uri-js 160ms (cache miss)
653 silly packumentCache full:https://registry.npmjs.org/uri-js set size:undefined disposed:false
654 silly fetch manifest estraverse@^5.2.0
655 silly packumentCache full:https://registry.npmjs.org/estraverse cache-miss
656 http fetch GET 200 https://registry.npmjs.org/supports-color 61ms (cache miss)
657 silly packumentCache full:https://registry.npmjs.org/supports-color set size:undefined disposed:false
658 silly fetch manifest acorn@^8.15.0
659 silly packumentCache full:https://registry.npmjs.org/acorn cache-miss
660 http fetch GET 200 https://registry.npmjs.org/path-key 106ms (cache miss)
661 silly packumentCache full:https://registry.npmjs.org/path-key set size:undefined disposed:false
662 silly fetch manifest acorn-jsx@^5.3.2
663 silly packumentCache full:https://registry.npmjs.org/acorn-jsx cache-miss
664 http fetch GET 200 https://registry.npmjs.org/which 108ms (cache miss)
665 silly packumentCache full:https://registry.npmjs.org/which set size:undefined disposed:false
666 silly fetch manifest estraverse@^5.1.0
667 silly packumentCache full:https://registry.npmjs.org/estraverse cache-miss
668 http fetch GET 200 https://registry.npmjs.org/fast-json-stable-stringify 111ms (cache miss)
669 silly packumentCache full:https://registry.npmjs.org/fast-json-stable-stringify set size:undefined disposed:false
670 silly fetch manifest flat-cache@^4.0.0
671 silly packumentCache full:https://registry.npmjs.org/flat-cache cache-miss
672 http fetch GET 200 https://registry.npmjs.org/esrecurse 99ms (cache miss)
673 silly packumentCache full:https://registry.npmjs.org/esrecurse set size:undefined disposed:false
674 silly fetch manifest locate-path@^6.0.0
675 silly packumentCache full:https://registry.npmjs.org/locate-path cache-miss
676 http fetch GET 200 https://registry.npmjs.org/ansi-styles 160ms (cache miss)
677 silly packumentCache full:https://registry.npmjs.org/ansi-styles set size:undefined disposed:false
678 silly fetch manifest path-exists@^4.0.0
679 silly packumentCache full:https://registry.npmjs.org/path-exists cache-miss
680 http fetch GET 200 https://registry.npmjs.org/@humanfs%2fcore 378ms (cache miss)
681 silly packumentCache full:https://registry.npmjs.org/@humanfs%2fcore set size:undefined disposed:false
682 silly fetch manifest is-glob@^4.0.3
683 silly packumentCache full:https://registry.npmjs.org/is-glob cache-miss
684 http fetch GET 200 https://registry.npmjs.org/estraverse 219ms (cache miss)
685 silly packumentCache full:https://registry.npmjs.org/estraverse set size:undefined disposed:false
686 silly fetch manifest is-extglob@^2.1.1
687 silly packumentCache full:https://registry.npmjs.org/is-extglob cache-miss
688 http fetch GET 200 https://registry.npmjs.org/acorn 220ms (cache miss)
689 silly packumentCache full:https://registry.npmjs.org/acorn set size:undefined disposed:false
690 silly fetch manifest brace-expansion@^1.1.7
691 silly packumentCache full:https://registry.npmjs.org/brace-expansion cache-miss
692 http cache https://registry.npmjs.org/is-glob 11ms (cache hit)
693 silly packumentCache full:https://registry.npmjs.org/is-glob set size:40530 disposed:false
694 silly fetch manifest prelude-ls@^1.2.1
695 silly packumentCache full:https://registry.npmjs.org/prelude-ls cache-miss
696 http fetch GET 200 https://registry.npmjs.org/estraverse 220ms (cache miss)
697 silly packumentCache full:https://registry.npmjs.org/estraverse set size:undefined disposed:false
698 silly fetch manifest deep-is@^0.1.3
699 silly packumentCache full:https://registry.npmjs.org/deep-is cache-miss
700 http fetch GET 200 https://registry.npmjs.org/locate-path 174ms (cache miss)
701 silly packumentCache full:https://registry.npmjs.org/locate-path set size:undefined disposed:false
702 silly fetch manifest word-wrap@^1.2.5
703 silly packumentCache full:https://registry.npmjs.org/word-wrap cache-miss
704 http fetch GET 200 https://registry.npmjs.org/path-exists 173ms (cache miss)
705 silly packumentCache full:https://registry.npmjs.org/path-exists set size:undefined disposed:false
706 silly fetch manifest type-check@^0.4.0
707 silly packumentCache full:https://registry.npmjs.org/type-check cache-miss
708 http fetch GET 200 https://registry.npmjs.org/acorn-jsx 225ms (cache miss)
709 silly packumentCache full:https://registry.npmjs.org/acorn-jsx set size:undefined disposed:false
710 silly fetch manifest fast-levenshtein@^2.0.6
711 silly packumentCache full:https://registry.npmjs.org/fast-levenshtein cache-miss
712 http fetch GET 200 https://registry.npmjs.org/flat-cache 224ms (cache miss)
713 silly packumentCache full:https://registry.npmjs.org/flat-cache set size:undefined disposed:false
714 http fetch GET 200 https://registry.npmjs.org/ms 277ms (cache miss)
715 silly packumentCache full:https://registry.npmjs.org/ms set size:undefined disposed:false
716 http fetch GET 200 https://registry.npmjs.org/type-check 65ms (cache miss)
717 silly packumentCache full:https://registry.npmjs.org/type-check set size:undefined disposed:false
718 http fetch GET 200 https://registry.npmjs.org/is-extglob 119ms (cache miss)
719 silly packumentCache full:https://registry.npmjs.org/is-extglob set size:undefined disposed:false
720 http fetch GET 200 https://registry.npmjs.org/deep-is 69ms (cache miss)
721 silly packumentCache full:https://registry.npmjs.org/deep-is set size:undefined disposed:false
722 http fetch GET 200 https://registry.npmjs.org/word-wrap 67ms (cache miss)
723 silly packumentCache full:https://registry.npmjs.org/word-wrap set size:undefined disposed:false
724 http fetch GET 200 https://registry.npmjs.org/brace-expansion 115ms (cache miss)
725 silly packumentCache full:https://registry.npmjs.org/brace-expansion set size:undefined disposed:false
726 http fetch GET 200 https://registry.npmjs.org/prelude-ls 109ms (cache miss)
727 silly packumentCache full:https://registry.npmjs.org/prelude-ls set size:undefined disposed:false
728 http fetch GET 200 https://registry.npmjs.org/fast-levenshtein 106ms (cache miss)
729 silly packumentCache full:https://registry.npmjs.org/fast-levenshtein set size:undefined disposed:false
730 silly placeDep node_modules/@eslint-community/eslint-utils eslint-visitor-keys@3.4.3 OK for: @eslint-community/eslint-utils@4.9.0 want: ^3.4.3
731 silly placeDep ROOT @eslint/object-schema@2.1.7 OK for: @eslint/config-array@0.21.1 want: ^2.1.7
732 silly placeDep ROOT @types/json-schema@7.0.15 OK for: @eslint/core@0.17.0 want: ^7.0.15
733 silly placeDep ROOT globals@14.0.0 OK for: @eslint/eslintrc@3.3.1 want: ^14.0.0
734 silly placeDep ROOT import-fresh@3.3.1 OK for: @eslint/eslintrc@3.3.1 want: ^3.2.1
735 silly placeDep ROOT js-yaml@4.1.0 OK for: @eslint/eslintrc@3.3.1 want: ^4.1.0
736 silly placeDep ROOT strip-json-comments@3.1.1 OK for: @eslint/eslintrc@3.3.1 want: ^3.1.1
737 silly fetch manifest parent-module@^1.0.0
738 silly packumentCache full:https://registry.npmjs.org/parent-module cache-miss
739 silly fetch manifest resolve-from@^4.0.0
740 silly packumentCache full:https://registry.npmjs.org/resolve-from cache-miss
741 silly fetch manifest argparse@^2.0.1
742 silly packumentCache full:https://registry.npmjs.org/argparse cache-miss
743 http fetch GET 200 https://registry.npmjs.org/parent-module 61ms (cache miss)
744 silly packumentCache full:https://registry.npmjs.org/parent-module set size:undefined disposed:false
745 http fetch GET 200 https://registry.npmjs.org/resolve-from 96ms (cache miss)
746 silly packumentCache full:https://registry.npmjs.org/resolve-from set size:undefined disposed:false
747 http fetch GET 200 https://registry.npmjs.org/argparse 902ms (cache miss)
748 silly packumentCache full:https://registry.npmjs.org/argparse set size:undefined disposed:false
749 silly placeDep ROOT levn@0.4.1 OK for: @eslint/plugin-kit@0.4.1 want: ^0.4.1
750 silly fetch manifest type-check@~0.4.0
751 silly packumentCache full:https://registry.npmjs.org/type-check cache-miss
752 http cache https://registry.npmjs.org/type-check 3ms (cache hit)
753 silly packumentCache full:https://registry.npmjs.org/type-check set size:21221 disposed:false
754 silly placeDep ROOT @humanfs/core@0.19.1 OK for: @humanfs/node@0.16.7 want: ^0.19.1
755 silly placeDep ROOT fast-json-stable-stringify@2.1.0 OK for: ajv@6.12.6 want: ^2.0.0
756 silly placeDep ROOT json-schema-traverse@0.4.1 OK for: ajv@6.12.6 want: ^0.4.1
757 silly placeDep ROOT uri-js@4.4.1 OK for: ajv@6.12.6 want: ^4.2.2
758 silly fetch manifest punycode@^2.1.0
759 silly packumentCache full:https://registry.npmjs.org/punycode cache-miss
760 http fetch GET 200 https://registry.npmjs.org/punycode 82ms (cache miss)
761 silly packumentCache full:https://registry.npmjs.org/punycode set size:undefined disposed:false
762 silly placeDep ROOT ansi-styles@4.3.0 OK for: chalk@4.1.2 want: ^4.1.0
763 silly placeDep ROOT supports-color@7.2.0 OK for: chalk@4.1.2 want: ^7.1.0
764 silly fetch manifest color-convert@^2.0.1
765 silly packumentCache full:https://registry.npmjs.org/color-convert cache-miss
766 silly fetch manifest has-flag@^4.0.0
767 silly packumentCache full:https://registry.npmjs.org/has-flag cache-miss
768 http fetch GET 200 https://registry.npmjs.org/has-flag 151ms (cache miss)
769 silly packumentCache full:https://registry.npmjs.org/has-flag set size:undefined disposed:false
770 http fetch GET 200 https://registry.npmjs.org/color-convert 153ms (cache miss)
771 silly packumentCache full:https://registry.npmjs.org/color-convert set size:undefined disposed:false
772 silly placeDep ROOT color-convert@2.0.1 OK for: ansi-styles@4.3.0 want: ^2.0.1
773 silly fetch manifest color-name@~1.1.4
774 silly packumentCache full:https://registry.npmjs.org/color-name cache-miss
775 http fetch GET 200 https://registry.npmjs.org/color-name 64ms (cache miss)
776 silly packumentCache full:https://registry.npmjs.org/color-name set size:undefined disposed:false
777 silly placeDep ROOT color-name@1.1.4 OK for: color-convert@2.0.1 want: ~1.1.4
778 silly placeDep ROOT path-key@3.1.1 OK for: cross-spawn@7.0.6 want: ^3.1.0
779 silly placeDep ROOT shebang-command@2.0.0 OK for: cross-spawn@7.0.6 want: ^2.0.0
780 silly placeDep ROOT which@2.0.2 OK for: cross-spawn@7.0.6 want: ^2.0.1
781 silly fetch manifest shebang-regex@^3.0.0
782 silly packumentCache full:https://registry.npmjs.org/shebang-regex cache-miss
783 silly fetch manifest isexe@^2.0.0
784 silly packumentCache full:https://registry.npmjs.org/isexe cache-miss
785 http fetch GET 200 https://registry.npmjs.org/shebang-regex 66ms (cache miss)
786 silly packumentCache full:https://registry.npmjs.org/shebang-regex set size:undefined disposed:false
787 http fetch GET 200 https://registry.npmjs.org/isexe 77ms (cache miss)
788 silly packumentCache full:https://registry.npmjs.org/isexe set size:undefined disposed:false
789 silly placeDep ROOT ms@2.1.3 OK for: debug@4.4.3 want: ^2.1.3
790 silly fetch manifest eslint@>=9.0.0
791 silly packumentCache full:https://registry.npmjs.org/eslint cache-miss
792 http cache https://registry.npmjs.org/eslint 6ms (cache hit)
793 silly packumentCache full:https://registry.npmjs.org/eslint set size:1866589 disposed:false
794 silly fetch manifest typescript@>=3.3.1
795 silly packumentCache full:https://registry.npmjs.org/typescript cache-miss
796 http cache https://registry.npmjs.org/typescript 24ms (cache hit)
797 silly packumentCache full:https://registry.npmjs.org/typescript set size:14855165 disposed:false
798 silly fetch manifest eslint-plugin-import-x@*
799 silly packumentCache full:https://registry.npmjs.org/eslint-plugin-import-x cache-miss
800 http fetch GET 200 https://registry.npmjs.org/eslint-plugin-import-x 97ms (cache miss)
801 silly packumentCache full:https://registry.npmjs.org/eslint-plugin-import-x set size:undefined disposed:false
802 silly fetch manifest @typescript-eslint/utils@^8.0.0
803 silly packumentCache full:https://registry.npmjs.org/@typescript-eslint%2futils cache-miss
804 http fetch GET 200 https://registry.npmjs.org/@typescript-eslint%2futils 1319ms (cache miss)
805 silly packumentCache full:https://registry.npmjs.org/@typescript-eslint%2futils set size:undefined disposed:false
806 silly placeDep ROOT @next/eslint-plugin-next@16.0.1 OK for: eslint-config-next@16.0.1 want: 16.0.1
807 silly placeDep ROOT eslint-import-resolver-node@0.3.9 OK for: eslint-config-next@16.0.1 want: ^0.3.6
808 silly placeDep ROOT eslint-import-resolver-typescript@3.10.1 OK for: eslint-config-next@16.0.1 want: ^3.5.2
809 silly placeDep ROOT eslint-plugin-import@2.32.0 OK for: eslint-config-next@16.0.1 want: ^2.32.0
810 silly placeDep ROOT eslint-plugin-jsx-a11y@6.10.2 OK for: eslint-config-next@16.0.1 want: ^6.10.0
811 silly placeDep ROOT eslint-plugin-react@7.37.5 OK for: eslint-config-next@16.0.1 want: ^7.37.0
812 silly placeDep ROOT eslint-plugin-react-hooks@7.0.1 OK for: eslint-config-next@16.0.1 want: ^7.0.0
813 silly placeDep node_modules/eslint-config-next globals@16.4.0 OK for: eslint-config-next@16.0.1 want: 16.4.0
814 silly placeDep ROOT typescript-eslint@8.46.2 OK for: eslint-config-next@16.0.1 want: ^8.46.0
815 silly fetch manifest fast-glob@3.3.1
816 silly packumentCache full:https://registry.npmjs.org/fast-glob cache-miss
817 silly fetch manifest debug@^3.2.7
818 silly packumentCache full:https://registry.npmjs.org/debug cache-hit
819 silly fetch manifest is-core-module@^2.13.0
820 silly packumentCache full:https://registry.npmjs.org/is-core-module cache-miss
821 silly fetch manifest resolve@^1.22.4
822 silly packumentCache full:https://registry.npmjs.org/resolve cache-miss
823 silly fetch manifest tinyglobby@^0.2.13
824 silly packumentCache full:https://registry.npmjs.org/tinyglobby cache-miss
825 silly fetch manifest stable-hash@^0.0.5
826 silly packumentCache full:https://registry.npmjs.org/stable-hash cache-miss
827 silly fetch manifest get-tsconfig@^4.10.0
828 silly packumentCache full:https://registry.npmjs.org/get-tsconfig cache-miss
829 silly fetch manifest is-bun-module@^2.0.0
830 silly packumentCache full:https://registry.npmjs.org/is-bun-module cache-miss
831 silly fetch manifest unrs-resolver@^1.6.2
832 silly packumentCache full:https://registry.npmjs.org/unrs-resolver cache-miss
833 silly fetch manifest @nolyfill/is-core-module@1.0.39
834 silly packumentCache full:https://registry.npmjs.org/@nolyfill%2fis-core-module cache-miss
835 http fetch GET 200 https://registry.npmjs.org/is-bun-module 191ms (cache miss)
836 silly packumentCache full:https://registry.npmjs.org/is-bun-module set size:undefined disposed:false
837 silly fetch manifest @rtsao/scc@^1.1.0
838 silly packumentCache full:https://registry.npmjs.org/@rtsao%2fscc cache-miss
839 http fetch GET 200 https://registry.npmjs.org/get-tsconfig 194ms (cache miss)
840 silly packumentCache full:https://registry.npmjs.org/get-tsconfig set size:undefined disposed:false
841 silly fetch manifest array-includes@^3.1.9
842 silly packumentCache full:https://registry.npmjs.org/array-includes cache-miss
843 http fetch GET 200 https://registry.npmjs.org/unrs-resolver 196ms (cache miss)
844 silly packumentCache full:https://registry.npmjs.org/unrs-resolver set size:undefined disposed:false
845 silly fetch manifest array.prototype.findlastindex@^1.2.6
846 silly packumentCache full:https://registry.npmjs.org/array.prototype.findlastindex cache-miss
847 http fetch GET 200 https://registry.npmjs.org/is-core-module 198ms (cache miss)
848 silly packumentCache full:https://registry.npmjs.org/is-core-module set size:undefined disposed:false
849 silly fetch manifest array.prototype.flat@^1.3.3
850 silly packumentCache full:https://registry.npmjs.org/array.prototype.flat cache-miss
851 http fetch GET 200 https://registry.npmjs.org/stable-hash 250ms (cache miss)
852 silly packumentCache full:https://registry.npmjs.org/stable-hash set size:undefined disposed:false
853 silly fetch manifest array.prototype.flatmap@^1.3.3
854 silly packumentCache full:https://registry.npmjs.org/array.prototype.flatmap cache-miss
855 http fetch GET 200 https://registry.npmjs.org/fast-glob 253ms (cache miss)
856 silly packumentCache full:https://registry.npmjs.org/fast-glob set size:undefined disposed:false
857 silly fetch manifest doctrine@^2.1.0
858 silly packumentCache full:https://registry.npmjs.org/doctrine cache-miss
859 http fetch GET 200 https://registry.npmjs.org/resolve 256ms (cache miss)
860 silly packumentCache full:https://registry.npmjs.org/resolve set size:undefined disposed:false
861 silly fetch manifest eslint-module-utils@^2.12.1
862 silly packumentCache full:https://registry.npmjs.org/eslint-module-utils cache-miss
863 http fetch GET 200 https://registry.npmjs.org/tinyglobby 258ms (cache miss)
864 silly packumentCache full:https://registry.npmjs.org/tinyglobby set size:undefined disposed:false
865 silly fetch manifest hasown@^2.0.2
866 silly packumentCache full:https://registry.npmjs.org/hasown cache-miss
867 http fetch GET 200 https://registry.npmjs.org/@nolyfill%2fis-core-module 326ms (cache miss)
868 silly packumentCache full:https://registry.npmjs.org/@nolyfill%2fis-core-module set size:undefined disposed:false
869 silly fetch manifest is-core-module@^2.16.1
870 silly packumentCache full:https://registry.npmjs.org/is-core-module cache-miss
871 http fetch GET 200 https://registry.npmjs.org/@rtsao%2fscc 137ms (cache miss)
872 silly packumentCache full:https://registry.npmjs.org/@rtsao%2fscc set size:undefined disposed:false
873 silly fetch manifest object.fromentries@^2.0.8
874 silly packumentCache full:https://registry.npmjs.org/object.fromentries cache-miss
875 http fetch GET 200 https://registry.npmjs.org/array.prototype.flat 131ms (cache miss)
876 silly packumentCache full:https://registry.npmjs.org/array.prototype.flat set size:undefined disposed:false
877 silly fetch manifest object.groupby@^1.0.3
878 silly packumentCache full:https://registry.npmjs.org/object.groupby cache-miss
879 http fetch GET 200 https://registry.npmjs.org/array.prototype.findlastindex 134ms (cache miss)
880 silly packumentCache full:https://registry.npmjs.org/array.prototype.findlastindex set size:undefined disposed:false
881 silly fetch manifest object.values@^1.2.1
882 silly packumentCache full:https://registry.npmjs.org/object.values cache-miss
883 http fetch GET 200 https://registry.npmjs.org/eslint-module-utils 76ms (cache miss)
884 silly packumentCache full:https://registry.npmjs.org/eslint-module-utils set size:undefined disposed:false
885 silly fetch manifest semver@^6.3.1
886 silly packumentCache full:https://registry.npmjs.org/semver cache-miss
887 http cache https://registry.npmjs.org/is-core-module 9ms (cache hit)
888 silly packumentCache full:https://registry.npmjs.org/is-core-module set size:71788 disposed:false
889 silly fetch manifest string.prototype.trimend@^1.0.9
890 silly packumentCache full:https://registry.npmjs.org/string.prototype.trimend cache-miss
891 http fetch GET 200 https://registry.npmjs.org/array.prototype.flatmap 93ms (cache miss)
892 silly packumentCache full:https://registry.npmjs.org/array.prototype.flatmap set size:undefined disposed:false
893 silly fetch manifest tsconfig-paths@^3.15.0
894 silly packumentCache full:https://registry.npmjs.org/tsconfig-paths cache-miss
895 http fetch GET 200 https://registry.npmjs.org/array-includes 151ms (cache miss)
896 silly packumentCache full:https://registry.npmjs.org/array-includes set size:undefined disposed:false
897 silly fetch manifest aria-query@^5.3.2
898 silly packumentCache full:https://registry.npmjs.org/aria-query cache-miss
899 http fetch GET 200 https://registry.npmjs.org/doctrine 94ms (cache miss)
900 silly packumentCache full:https://registry.npmjs.org/doctrine set size:undefined disposed:false
901 silly fetch manifest array-includes@^3.1.8
902 silly packumentCache full:https://registry.npmjs.org/array-includes cache-miss
903 http cache https://registry.npmjs.org/array-includes 2ms (cache hit)
904 silly packumentCache full:https://registry.npmjs.org/array-includes set size:77143 disposed:false
905 silly fetch manifest array.prototype.flatmap@^1.3.2
906 silly packumentCache full:https://registry.npmjs.org/array.prototype.flatmap cache-miss
907 http cache https://registry.npmjs.org/array.prototype.flatmap 2ms (cache hit)
908 silly packumentCache full:https://registry.npmjs.org/array.prototype.flatmap set size:51458 disposed:false
909 silly fetch manifest ast-types-flow@^0.0.8
910 silly packumentCache full:https://registry.npmjs.org/ast-types-flow cache-miss
911 http fetch GET 200 https://registry.npmjs.org/object.groupby 120ms (cache miss)
912 silly packumentCache full:https://registry.npmjs.org/object.groupby set size:undefined disposed:false
913 silly fetch manifest axe-core@^4.10.0
914 silly packumentCache full:https://registry.npmjs.org/axe-core cache-miss
915 http fetch GET 200 https://registry.npmjs.org/string.prototype.trimend 113ms (cache miss)
916 silly packumentCache full:https://registry.npmjs.org/string.prototype.trimend set size:undefined disposed:false
917 silly fetch manifest axobject-query@^4.1.0
918 silly packumentCache full:https://registry.npmjs.org/axobject-query cache-miss
919 http fetch GET 200 https://registry.npmjs.org/object.fromentries 124ms (cache miss)
920 silly packumentCache full:https://registry.npmjs.org/object.fromentries set size:undefined disposed:false
921 silly fetch manifest damerau-levenshtein@^1.0.8
922 silly packumentCache full:https://registry.npmjs.org/damerau-levenshtein cache-miss
923 http fetch GET 200 https://registry.npmjs.org/ast-types-flow 153ms (cache miss)
924 silly packumentCache full:https://registry.npmjs.org/ast-types-flow set size:undefined disposed:false
925 silly fetch manifest emoji-regex@^9.2.2
926 silly packumentCache full:https://registry.npmjs.org/emoji-regex cache-miss
927 http fetch GET 200 https://registry.npmjs.org/object.values 173ms (cache miss)
928 silly packumentCache full:https://registry.npmjs.org/object.values set size:undefined disposed:false
929 silly fetch manifest hasown@^2.0.2
930 silly packumentCache full:https://registry.npmjs.org/hasown cache-miss
931 http fetch GET 200 https://registry.npmjs.org/semver 173ms (cache miss)
932 silly packumentCache full:https://registry.npmjs.org/semver set size:undefined disposed:false
933 silly fetch manifest jsx-ast-utils@^3.3.5
934 silly packumentCache full:https://registry.npmjs.org/jsx-ast-utils cache-miss
935 http fetch GET 200 https://registry.npmjs.org/tsconfig-paths 163ms (cache miss)
936 silly packumentCache full:https://registry.npmjs.org/tsconfig-paths set size:undefined disposed:false
937 silly fetch manifest language-tags@^1.0.9
938 silly packumentCache full:https://registry.npmjs.org/language-tags cache-miss
939 http fetch GET 200 https://registry.npmjs.org/axobject-query 112ms (cache miss)
940 silly packumentCache full:https://registry.npmjs.org/axobject-query set size:undefined disposed:false
941 silly fetch manifest safe-regex-test@^1.0.3
942 silly packumentCache full:https://registry.npmjs.org/safe-regex-test cache-miss
943 http fetch GET 200 https://registry.npmjs.org/hasown 309ms (cache miss)
944 silly packumentCache full:https://registry.npmjs.org/hasown set size:undefined disposed:false
945 silly fetch manifest string.prototype.includes@^2.0.1
946 silly packumentCache full:https://registry.npmjs.org/string.prototype.includes cache-miss
947 http fetch GET 200 https://registry.npmjs.org/aria-query 221ms (cache miss)
948 silly packumentCache full:https://registry.npmjs.org/aria-query set size:undefined disposed:false
949 silly fetch manifest array.prototype.findlast@^1.2.5
950 silly packumentCache full:https://registry.npmjs.org/array.prototype.findlast cache-miss
951 http fetch GET 200 https://registry.npmjs.org/damerau-levenshtein 114ms (cache miss)
952 silly packumentCache full:https://registry.npmjs.org/damerau-levenshtein set size:undefined disposed:false
953 silly fetch manifest array.prototype.tosorted@^1.1.4
954 silly packumentCache full:https://registry.npmjs.org/array.prototype.tosorted cache-miss
955 http fetch GET 200 https://registry.npmjs.org/hasown 67ms (cache miss)
956 silly packumentCache full:https://registry.npmjs.org/hasown set size:undefined disposed:false
957 silly fetch manifest es-iterator-helpers@^1.2.1
958 silly packumentCache full:https://registry.npmjs.org/es-iterator-helpers cache-miss
959 http fetch GET 200 https://registry.npmjs.org/language-tags 63ms (cache miss)
960 silly packumentCache full:https://registry.npmjs.org/language-tags set size:undefined disposed:false
961 silly fetch manifest estraverse@^5.3.0
962 silly packumentCache full:https://registry.npmjs.org/estraverse cache-miss
963 http cache https://registry.npmjs.org/estraverse 2ms (cache hit)
964 silly packumentCache full:https://registry.npmjs.org/estraverse set size:62412 disposed:false
965 silly fetch manifest jsx-ast-utils@^2.4.1 || ^3.0.0
966 silly packumentCache full:https://registry.npmjs.org/jsx-ast-utils cache-miss
967 http fetch GET 200 https://registry.npmjs.org/emoji-regex 122ms (cache miss)
968 silly packumentCache full:https://registry.npmjs.org/emoji-regex set size:undefined disposed:false
969 silly fetch manifest object.entries@^1.1.9
970 silly packumentCache full:https://registry.npmjs.org/object.entries cache-miss
971 http fetch GET 200 https://registry.npmjs.org/jsx-ast-utils 120ms (cache miss)
972 silly packumentCache full:https://registry.npmjs.org/jsx-ast-utils set size:undefined disposed:false
973 silly fetch manifest prop-types@^15.8.1
974 silly packumentCache full:https://registry.npmjs.org/prop-types cache-miss
975 http fetch GET 200 https://registry.npmjs.org/string.prototype.includes 115ms (cache miss)
976 silly packumentCache full:https://registry.npmjs.org/string.prototype.includes set size:undefined disposed:false
977 silly fetch manifest resolve@^2.0.0-next.5
978 silly packumentCache full:https://registry.npmjs.org/resolve cache-miss
979 http fetch GET 200 https://registry.npmjs.org/safe-regex-test 118ms (cache miss)
980 silly packumentCache full:https://registry.npmjs.org/safe-regex-test set size:undefined disposed:false
981 silly fetch manifest string.prototype.matchall@^4.0.12
982 silly packumentCache full:https://registry.npmjs.org/string.prototype.matchall cache-miss
983 http cache https://registry.npmjs.org/resolve 5ms (cache hit)
984 silly packumentCache full:https://registry.npmjs.org/resolve set size:246681 disposed:false
985 silly fetch manifest string.prototype.repeat@^1.0.0
986 silly packumentCache full:https://registry.npmjs.org/string.prototype.repeat cache-miss
987 http fetch GET 200 https://registry.npmjs.org/jsx-ast-utils 179ms (cache miss)
988 silly packumentCache full:https://registry.npmjs.org/jsx-ast-utils set size:undefined disposed:false
989 silly fetch manifest zod@^3.25.0 || ^4.0.0
990 silly packumentCache full:https://registry.npmjs.org/zod cache-miss
991 http fetch GET 200 https://registry.npmjs.org/array.prototype.findlast 189ms (cache miss)
992 silly packumentCache full:https://registry.npmjs.org/array.prototype.findlast set size:undefined disposed:false
993 silly fetch manifest @babel/core@^7.24.4
994 silly packumentCache full:https://registry.npmjs.org/@babel%2fcore cache-miss
995 http fetch GET 200 https://registry.npmjs.org/es-iterator-helpers 185ms (cache miss)
996 silly packumentCache full:https://registry.npmjs.org/es-iterator-helpers set size:undefined disposed:false
997 silly fetch manifest @babel/parser@^7.24.4
998 silly packumentCache full:https://registry.npmjs.org/@babel%2fparser cache-miss
999 http fetch GET 200 https://registry.npmjs.org/object.entries 196ms (cache miss)
1000 silly packumentCache full:https://registry.npmjs.org/object.entries set size:undefined disposed:false
1001 silly fetch manifest hermes-parser@^0.25.1
1002 silly packumentCache full:https://registry.npmjs.org/hermes-parser cache-miss
1003 http fetch GET 200 https://registry.npmjs.org/prop-types 196ms (cache miss)
1004 silly packumentCache full:https://registry.npmjs.org/prop-types set size:undefined disposed:false
1005 silly fetch manifest zod-validation-error@^3.5.0 || ^4.0.0
1006 silly packumentCache full:https://registry.npmjs.org/zod-validation-error cache-miss
1007 http fetch GET 200 https://registry.npmjs.org/string.prototype.repeat 196ms (cache miss)
1008 silly packumentCache full:https://registry.npmjs.org/string.prototype.repeat set size:undefined disposed:false
1009 silly fetch manifest @typescript-eslint/eslint-plugin@8.46.2
1010 silly packumentCache full:https://registry.npmjs.org/@typescript-eslint%2feslint-plugin cache-miss
1011 http fetch GET 200 https://registry.npmjs.org/array.prototype.tosorted 320ms (cache miss)
1012 silly packumentCache full:https://registry.npmjs.org/array.prototype.tosorted set size:undefined disposed:false
1013 silly fetch manifest @typescript-eslint/parser@8.46.2
1014 silly packumentCache full:https://registry.npmjs.org/@typescript-eslint%2fparser cache-miss
1015 http fetch GET 200 https://registry.npmjs.org/string.prototype.matchall 207ms (cache miss)
1016 silly packumentCache full:https://registry.npmjs.org/string.prototype.matchall set size:undefined disposed:false
1017 silly fetch manifest @typescript-eslint/typescript-estree@8.46.2
1018 silly packumentCache full:https://registry.npmjs.org/@typescript-eslint%2ftypescript-estree cache-miss
1019 http fetch GET 200 https://registry.npmjs.org/zod-validation-error 350ms (cache miss)
1020 silly packumentCache full:https://registry.npmjs.org/zod-validation-error set size:undefined disposed:false
1021 silly fetch manifest @typescript-eslint/utils@8.46.2
1022 silly packumentCache full:https://registry.npmjs.org/@typescript-eslint%2futils cache-miss
1023 http fetch GET 200 https://registry.npmjs.org/hermes-parser 356ms (cache miss)
1024 silly packumentCache full:https://registry.npmjs.org/hermes-parser set size:undefined disposed:false
1025 http cache https://registry.npmjs.org/@typescript-eslint%2futils 20ms (cache hit)
1026 silly packumentCache full:https://registry.npmjs.org/@typescript-eslint%2futils set size:9245237 disposed:false
1027 http fetch GET 200 https://registry.npmjs.org/@babel%2fcore 870ms (cache miss)
1028 silly packumentCache full:https://registry.npmjs.org/@babel%2fcore set size:undefined disposed:false
1029 http fetch GET 200 https://registry.npmjs.org/@babel%2fparser 2008ms (cache miss)
1030 silly packumentCache full:https://registry.npmjs.org/@babel%2fparser set size:undefined disposed:false
1031 http fetch GET 200 https://registry.npmjs.org/axe-core 2451ms (cache miss)
1032 silly packumentCache full:https://registry.npmjs.org/axe-core set size:undefined disposed:false
1033 http fetch GET 200 https://registry.npmjs.org/zod 2657ms (cache miss)
1034 silly packumentCache full:https://registry.npmjs.org/zod set size:undefined disposed:false
1035 http fetch GET 200 https://registry.npmjs.org/@typescript-eslint%2ftypescript-estree 3673ms (cache miss)
1036 silly packumentCache full:https://registry.npmjs.org/@typescript-eslint%2ftypescript-estree set size:undefined disposed:false
1037 http fetch GET 200 https://registry.npmjs.org/@typescript-eslint%2fparser 6381ms (cache miss)
1038 silly packumentCache full:https://registry.npmjs.org/@typescript-eslint%2fparser set size:undefined disposed:false
1039 http fetch GET 200 https://registry.npmjs.org/@typescript-eslint%2feslint-plugin 8053ms (cache miss)
1040 silly packumentCache full:https://registry.npmjs.org/@typescript-eslint%2feslint-plugin set size:undefined disposed:false
1041 silly placeDep ROOT fast-glob@3.3.1 OK for: @next/eslint-plugin-next@16.0.1 want: 3.3.1
1042 silly fetch manifest merge2@^1.3.0
1043 silly packumentCache full:https://registry.npmjs.org/merge2 cache-miss
1044 silly fetch manifest micromatch@^4.0.4
1045 silly packumentCache full:https://registry.npmjs.org/micromatch cache-miss
1046 silly fetch manifest glob-parent@^5.1.2
1047 silly packumentCache full:https://registry.npmjs.org/glob-parent cache-miss
1048 silly fetch manifest @nodelib/fs.stat@^2.0.2
1049 silly packumentCache full:https://registry.npmjs.org/@nodelib%2ffs.stat cache-miss
1050 silly fetch manifest @nodelib/fs.walk@^1.2.3
1051 silly packumentCache full:https://registry.npmjs.org/@nodelib%2ffs.walk cache-miss
1052 http cache https://registry.npmjs.org/glob-parent 5ms (cache hit)
1053 silly packumentCache full:https://registry.npmjs.org/glob-parent set size:42445 disposed:false
1054 http fetch GET 200 https://registry.npmjs.org/merge2 114ms (cache miss)
1055 silly packumentCache full:https://registry.npmjs.org/merge2 set size:undefined disposed:false
1056 http fetch GET 200 https://registry.npmjs.org/@nodelib%2ffs.stat 114ms (cache miss)
1057 silly packumentCache full:https://registry.npmjs.org/@nodelib%2ffs.stat set size:undefined disposed:false
1058 http fetch GET 200 https://registry.npmjs.org/@nodelib%2ffs.walk 156ms (cache miss)
1059 silly packumentCache full:https://registry.npmjs.org/@nodelib%2ffs.walk set size:undefined disposed:false
1060 http fetch GET 200 https://registry.npmjs.org/micromatch 174ms (cache miss)
1061 silly packumentCache full:https://registry.npmjs.org/micromatch set size:undefined disposed:false
1062 silly placeDep node_modules/eslint-import-resolver-node debug@3.2.7 OK for: eslint-import-resolver-node@0.3.9 want: ^3.2.7
1063 silly placeDep ROOT is-core-module@2.16.1 OK for: eslint-import-resolver-node@0.3.9 want: ^2.13.0
1064 silly placeDep ROOT resolve@1.22.11 OK for: eslint-import-resolver-node@0.3.9 want: ^1.22.4
1065 silly fetch manifest path-parse@^1.0.7
1066 silly packumentCache full:https://registry.npmjs.org/path-parse cache-miss
1067 silly fetch manifest supports-preserve-symlinks-flag@^1.0.0
1068 silly packumentCache full:https://registry.npmjs.org/supports-preserve-symlinks-flag cache-miss
1069 http fetch GET 200 https://registry.npmjs.org/path-parse 43ms (cache miss)
1070 silly packumentCache full:https://registry.npmjs.org/path-parse set size:undefined disposed:false
1071 http fetch GET 200 https://registry.npmjs.org/supports-preserve-symlinks-flag 190ms (cache miss)
1072 silly packumentCache full:https://registry.npmjs.org/supports-preserve-symlinks-flag set size:undefined disposed:false
1073 silly placeDep ROOT @nolyfill/is-core-module@1.0.39 OK for: eslint-import-resolver-typescript@3.10.1 want: 1.0.39
1074 silly placeDep ROOT get-tsconfig@4.13.0 OK for: eslint-import-resolver-typescript@3.10.1 want: ^4.10.0
1075 silly placeDep ROOT is-bun-module@2.0.0 OK for: eslint-import-resolver-typescript@3.10.1 want: ^2.0.0
1076 silly placeDep ROOT stable-hash@0.0.5 OK for: eslint-import-resolver-typescript@3.10.1 want: ^0.0.5
1077 silly placeDep ROOT tinyglobby@0.2.15 OK for: eslint-import-resolver-typescript@3.10.1 want: ^0.2.13
1078 silly placeDep ROOT unrs-resolver@1.11.1 OK for: eslint-import-resolver-typescript@3.10.1 want: ^1.6.2
1079 silly fetch manifest resolve-pkg-maps@^1.0.0
1080 silly packumentCache full:https://registry.npmjs.org/resolve-pkg-maps cache-miss
1081 silly fetch manifest semver@^7.7.1
1082 silly packumentCache full:https://registry.npmjs.org/semver cache-miss
1083 silly fetch manifest fdir@^6.5.0
1084 silly packumentCache full:https://registry.npmjs.org/fdir cache-miss
1085 silly fetch manifest picomatch@^4.0.3
1086 silly packumentCache full:https://registry.npmjs.org/picomatch cache-miss
1087 silly fetch manifest napi-postinstall@^0.3.0
1088 silly packumentCache full:https://registry.npmjs.org/napi-postinstall cache-miss
1089 silly fetch manifest @unrs/resolver-binding-win32-x64-msvc@1.11.1
1090 silly packumentCache full:https://registry.npmjs.org/@unrs%2fresolver-binding-win32-x64-msvc cache-miss
1091 silly fetch manifest @unrs/resolver-binding-win32-arm64-msvc@1.11.1
1092 silly packumentCache full:https://registry.npmjs.org/@unrs%2fresolver-binding-win32-arm64-msvc cache-miss
1093 silly fetch manifest @unrs/resolver-binding-win32-ia32-msvc@1.11.1
1094 silly packumentCache full:https://registry.npmjs.org/@unrs%2fresolver-binding-win32-ia32-msvc cache-miss
1095 silly fetch manifest @unrs/resolver-binding-linux-x64-gnu@1.11.1
1096 silly packumentCache full:https://registry.npmjs.org/@unrs%2fresolver-binding-linux-x64-gnu cache-miss
1097 http cache https://registry.npmjs.org/semver 9ms (cache hit)
1098 silly packumentCache full:https://registry.npmjs.org/semver set size:226907 disposed:false
1099 silly fetch manifest @unrs/resolver-binding-linux-x64-musl@1.11.1
1100 silly packumentCache full:https://registry.npmjs.org/@unrs%2fresolver-binding-linux-x64-musl cache-miss
1101 http fetch GET 200 https://registry.npmjs.org/napi-postinstall 105ms (cache miss)
1102 silly packumentCache full:https://registry.npmjs.org/napi-postinstall set size:undefined disposed:false
1103 silly fetch manifest @unrs/resolver-binding-freebsd-x64@1.11.1
1104 silly packumentCache full:https://registry.npmjs.org/@unrs%2fresolver-binding-freebsd-x64 cache-miss
1105 http fetch GET 200 https://registry.npmjs.org/resolve-pkg-maps 108ms (cache miss)
1106 silly packumentCache full:https://registry.npmjs.org/resolve-pkg-maps set size:undefined disposed:false
1107 silly fetch manifest @unrs/resolver-binding-android-arm64@1.11.1
1108 silly packumentCache full:https://registry.npmjs.org/@unrs%2fresolver-binding-android-arm64 cache-miss
1109 http fetch GET 200 https://registry.npmjs.org/fdir 110ms (cache miss)
1110 silly packumentCache full:https://registry.npmjs.org/fdir set size:undefined disposed:false
1111 silly fetch manifest @unrs/resolver-binding-linux-arm64-gnu@1.11.1
1112 silly packumentCache full:https://registry.npmjs.org/@unrs%2fresolver-binding-linux-arm64-gnu cache-miss
1113 http fetch GET 200 https://registry.npmjs.org/@unrs%2fresolver-binding-win32-ia32-msvc 179ms (cache miss)
1114 silly packumentCache full:https://registry.npmjs.org/@unrs%2fresolver-binding-win32-ia32-msvc set size:undefined disposed:false
1115 silly fetch manifest @unrs/resolver-binding-linux-arm64-musl@1.11.1
1116 silly packumentCache full:https://registry.npmjs.org/@unrs%2fresolver-binding-linux-arm64-musl cache-miss
1117 http fetch GET 200 https://registry.npmjs.org/@unrs%2fresolver-binding-linux-x64-musl 170ms (cache miss)
1118 silly packumentCache full:https://registry.npmjs.org/@unrs%2fresolver-binding-linux-x64-musl set size:undefined disposed:false
1119 silly fetch manifest @unrs/resolver-binding-android-arm-eabi@1.11.1
1120 silly packumentCache full:https://registry.npmjs.org/@unrs%2fresolver-binding-android-arm-eabi cache-miss
1121 http fetch GET 200 https://registry.npmjs.org/@unrs%2fresolver-binding-linux-x64-gnu 181ms (cache miss)
1122 silly packumentCache full:https://registry.npmjs.org/@unrs%2fresolver-binding-linux-x64-gnu set size:undefined disposed:false
1123 silly fetch manifest @unrs/resolver-binding-linux-arm-gnueabihf@1.11.1
1124 silly packumentCache full:https://registry.npmjs.org/@unrs%2fresolver-binding-linux-arm-gnueabihf cache-miss
1125 http fetch GET 200 https://registry.npmjs.org/picomatch 184ms (cache miss)
1126 silly packumentCache full:https://registry.npmjs.org/picomatch set size:undefined disposed:false
1127 silly fetch manifest @unrs/resolver-binding-linux-arm-musleabihf@1.11.1
1128 silly packumentCache full:https://registry.npmjs.org/@unrs%2fresolver-binding-linux-arm-musleabihf cache-miss
1129 http fetch GET 200 https://registry.npmjs.org/@unrs%2fresolver-binding-linux-arm-gnueabihf 101ms (cache miss)
1130 silly packumentCache full:https://registry.npmjs.org/@unrs%2fresolver-binding-linux-arm-gnueabihf set size:undefined disposed:false
1131 silly fetch manifest @unrs/resolver-binding-linux-ppc64-gnu@1.11.1
1132 silly packumentCache full:https://registry.npmjs.org/@unrs%2fresolver-binding-linux-ppc64-gnu cache-miss
1133 http fetch GET 200 https://registry.npmjs.org/@unrs%2fresolver-binding-linux-arm64-gnu 175ms (cache miss)
1134 silly packumentCache full:https://registry.npmjs.org/@unrs%2fresolver-binding-linux-arm64-gnu set size:undefined disposed:false
1135 silly fetch manifest @unrs/resolver-binding-linux-riscv64-gnu@1.11.1
1136 silly packumentCache full:https://registry.npmjs.org/@unrs%2fresolver-binding-linux-riscv64-gnu cache-miss
1137 http fetch GET 200 https://registry.npmjs.org/@unrs%2fresolver-binding-win32-x64-msvc 287ms (cache miss)
1138 silly packumentCache full:https://registry.npmjs.org/@unrs%2fresolver-binding-win32-x64-msvc set size:undefined disposed:false
1139 silly fetch manifest @unrs/resolver-binding-linux-riscv64-musl@1.11.1
1140 silly packumentCache full:https://registry.npmjs.org/@unrs%2fresolver-binding-linux-riscv64-musl cache-miss
1141 http fetch GET 200 https://registry.npmjs.org/@unrs%2fresolver-binding-freebsd-x64 181ms (cache miss)
1142 silly packumentCache full:https://registry.npmjs.org/@unrs%2fresolver-binding-freebsd-x64 set size:undefined disposed:false
1143 silly fetch manifest @unrs/resolver-binding-linux-s390x-gnu@1.11.1
1144 silly packumentCache full:https://registry.npmjs.org/@unrs%2fresolver-binding-linux-s390x-gnu cache-miss
1145 http fetch GET 200 https://registry.npmjs.org/@unrs%2fresolver-binding-linux-arm64-musl 108ms (cache miss)
1146 silly packumentCache full:https://registry.npmjs.org/@unrs%2fresolver-binding-linux-arm64-musl set size:undefined disposed:false
1147 silly fetch manifest @unrs/resolver-binding-darwin-x64@1.11.1
1148 silly packumentCache full:https://registry.npmjs.org/@unrs%2fresolver-binding-darwin-x64 cache-miss
1149 http fetch GET 200 https://registry.npmjs.org/@unrs%2fresolver-binding-linux-arm-musleabihf 118ms (cache miss)
1150 silly packumentCache full:https://registry.npmjs.org/@unrs%2fresolver-binding-linux-arm-musleabihf set size:undefined disposed:false
1151 silly fetch manifest @unrs/resolver-binding-darwin-arm64@1.11.1
1152 silly packumentCache full:https://registry.npmjs.org/@unrs%2fresolver-binding-darwin-arm64 cache-miss
1153 http fetch GET 200 https://registry.npmjs.org/@unrs%2fresolver-binding-darwin-x64 95ms (cache miss)
1154 silly packumentCache full:https://registry.npmjs.org/@unrs%2fresolver-binding-darwin-x64 set size:undefined disposed:false
1155 silly fetch manifest @unrs/resolver-binding-wasm32-wasi@1.11.1
1156 silly packumentCache full:https://registry.npmjs.org/@unrs%2fresolver-binding-wasm32-wasi cache-miss
1157 http fetch GET 200 https://registry.npmjs.org/@unrs%2fresolver-binding-linux-s390x-gnu 98ms (cache miss)
1158 silly packumentCache full:https://registry.npmjs.org/@unrs%2fresolver-binding-linux-s390x-gnu set size:undefined disposed:false
1159 http fetch GET 200 https://registry.npmjs.org/@unrs%2fresolver-binding-linux-riscv64-gnu 100ms (cache miss)
1160 silly packumentCache full:https://registry.npmjs.org/@unrs%2fresolver-binding-linux-riscv64-gnu set size:undefined disposed:false
1161 http fetch GET 200 https://registry.npmjs.org/@unrs%2fresolver-binding-linux-riscv64-musl 100ms (cache miss)
1162 silly packumentCache full:https://registry.npmjs.org/@unrs%2fresolver-binding-linux-riscv64-musl set size:undefined disposed:false
1163 http fetch GET 200 https://registry.npmjs.org/@unrs%2fresolver-binding-win32-arm64-msvc 418ms (cache miss)
1164 silly packumentCache full:https://registry.npmjs.org/@unrs%2fresolver-binding-win32-arm64-msvc set size:undefined disposed:false
1165 http fetch GET 200 https://registry.npmjs.org/@unrs%2fresolver-binding-darwin-arm64 127ms (cache miss)
1166 silly packumentCache full:https://registry.npmjs.org/@unrs%2fresolver-binding-darwin-arm64 set size:undefined disposed:false
1167 http fetch GET 200 https://registry.npmjs.org/@unrs%2fresolver-binding-android-arm-eabi 277ms (cache miss)
1168 silly packumentCache full:https://registry.npmjs.org/@unrs%2fresolver-binding-android-arm-eabi set size:undefined disposed:false
1169 http fetch GET 200 https://registry.npmjs.org/@unrs%2fresolver-binding-wasm32-wasi 186ms (cache miss)
1170 silly packumentCache full:https://registry.npmjs.org/@unrs%2fresolver-binding-wasm32-wasi set size:undefined disposed:false
1171 http fetch GET 200 https://registry.npmjs.org/@unrs%2fresolver-binding-android-arm64 466ms (cache miss)
1172 silly packumentCache full:https://registry.npmjs.org/@unrs%2fresolver-binding-android-arm64 set size:undefined disposed:false
1173 http fetch GET 200 https://registry.npmjs.org/@unrs%2fresolver-binding-linux-ppc64-gnu 396ms (cache miss)
1174 silly packumentCache full:https://registry.npmjs.org/@unrs%2fresolver-binding-linux-ppc64-gnu set size:undefined disposed:false
1175 silly placeDep ROOT @rtsao/scc@1.1.0 OK for: eslint-plugin-import@2.32.0 want: ^1.1.0
1176 silly placeDep ROOT array-includes@3.1.9 OK for: eslint-plugin-import@2.32.0 want: ^3.1.9
1177 silly placeDep ROOT array.prototype.findlastindex@1.2.6 OK for: eslint-plugin-import@2.32.0 want: ^1.2.6
1178 silly placeDep ROOT array.prototype.flat@1.3.3 OK for: eslint-plugin-import@2.32.0 want: ^1.3.3
1179 silly placeDep ROOT array.prototype.flatmap@1.3.3 OK for: eslint-plugin-import@2.32.0 want: ^1.3.3
1180 silly placeDep node_modules/eslint-plugin-import debug@3.2.7 OK for: eslint-plugin-import@2.32.0 want: ^3.2.7
1181 silly placeDep ROOT doctrine@2.1.0 OK for: eslint-plugin-import@2.32.0 want: ^2.1.0
1182 silly placeDep ROOT eslint-module-utils@2.12.1 OK for: eslint-plugin-import@2.32.0 want: ^2.12.1
1183 silly placeDep ROOT hasown@2.0.2 OK for: eslint-plugin-import@2.32.0 want: ^2.0.2
1184 silly placeDep ROOT object.fromentries@2.0.8 OK for: eslint-plugin-import@2.32.0 want: ^2.0.8
1185 silly placeDep ROOT object.groupby@1.0.3 OK for: eslint-plugin-import@2.32.0 want: ^1.0.3
1186 silly placeDep ROOT object.values@1.2.1 OK for: eslint-plugin-import@2.32.0 want: ^1.2.1
1187 silly placeDep ROOT semver@6.3.1 OK for: eslint-plugin-import@2.32.0 want: ^6.3.1
1188 silly placeDep ROOT string.prototype.trimend@1.0.9 OK for: eslint-plugin-import@2.32.0 want: ^1.0.9
1189 silly placeDep ROOT tsconfig-paths@3.15.0 OK for: eslint-plugin-import@2.32.0 want: ^3.15.0
1190 silly fetch manifest call-bind@^1.0.8
1191 silly packumentCache full:https://registry.npmjs.org/call-bind cache-miss
1192 silly fetch manifest call-bound@^1.0.4
1193 silly packumentCache full:https://registry.npmjs.org/call-bound cache-miss
1194 silly fetch manifest define-properties@^1.2.1
1195 silly packumentCache full:https://registry.npmjs.org/define-properties cache-miss
1196 silly fetch manifest es-abstract@^1.24.0
1197 silly packumentCache full:https://registry.npmjs.org/es-abstract cache-miss
1198 silly fetch manifest es-object-atoms@^1.1.1
1199 silly packumentCache full:https://registry.npmjs.org/es-object-atoms cache-miss
1200 silly fetch manifest get-intrinsic@^1.3.0
1201 silly packumentCache full:https://registry.npmjs.org/get-intrinsic cache-miss
1202 silly fetch manifest is-string@^1.1.1
1203 silly packumentCache full:https://registry.npmjs.org/is-string cache-miss
1204 silly fetch manifest math-intrinsics@^1.1.0
1205 silly packumentCache full:https://registry.npmjs.org/math-intrinsics cache-miss
1206 silly fetch manifest call-bind@^1.0.8
1207 silly packumentCache full:https://registry.npmjs.org/call-bind cache-miss
1208 http fetch GET 200 https://registry.npmjs.org/math-intrinsics 82ms (cache miss)
1209 silly packumentCache full:https://registry.npmjs.org/math-intrinsics set size:undefined disposed:false
1210 silly fetch manifest call-bound@^1.0.4
1211 silly packumentCache full:https://registry.npmjs.org/call-bound cache-miss
1212 http fetch GET 200 https://registry.npmjs.org/es-object-atoms 85ms (cache miss)
1213 silly packumentCache full:https://registry.npmjs.org/es-object-atoms set size:undefined disposed:false
1214 silly fetch manifest define-properties@^1.2.1
1215 silly packumentCache full:https://registry.npmjs.org/define-properties cache-miss
1216 http fetch GET 200 https://registry.npmjs.org/is-string 85ms (cache miss)
1217 silly packumentCache full:https://registry.npmjs.org/is-string set size:undefined disposed:false
1218 silly fetch manifest es-abstract@^1.23.9
1219 silly packumentCache full:https://registry.npmjs.org/es-abstract cache-miss
1220 http fetch GET 200 https://registry.npmjs.org/define-properties 86ms (cache miss)
1221 silly packumentCache full:https://registry.npmjs.org/define-properties set size:undefined disposed:false
1222 silly fetch manifest es-errors@^1.3.0
1223 silly packumentCache full:https://registry.npmjs.org/es-errors cache-miss
1224 http fetch GET 200 https://registry.npmjs.org/call-bound 87ms (cache miss)
1225 silly packumentCache full:https://registry.npmjs.org/call-bound set size:undefined disposed:false
1226 silly fetch manifest es-shim-unscopables@^1.1.0
1227 silly packumentCache full:https://registry.npmjs.org/es-shim-unscopables cache-miss
1228 http fetch GET 200 https://registry.npmjs.org/call-bind 86ms (cache miss)
1229 silly packumentCache full:https://registry.npmjs.org/call-bind set size:undefined disposed:false
1230 silly fetch manifest es-abstract@^1.23.5
1231 silly packumentCache full:https://registry.npmjs.org/es-abstract cache-miss
1232 http fetch GET 200 https://registry.npmjs.org/get-intrinsic 88ms (cache miss)
1233 silly packumentCache full:https://registry.npmjs.org/get-intrinsic set size:undefined disposed:false
1234 silly fetch manifest es-shim-unscopables@^1.0.2
1235 silly packumentCache full:https://registry.npmjs.org/es-shim-unscopables cache-miss
1236 http fetch GET 200 https://registry.npmjs.org/call-bind 90ms (cache miss)
1237 silly packumentCache full:https://registry.npmjs.org/call-bind set size:undefined disposed:false
1238 silly fetch manifest es-abstract@^1.23.5
1239 silly packumentCache full:https://registry.npmjs.org/es-abstract cache-miss
1240 http cache https://registry.npmjs.org/define-properties 6ms (cache hit)
1241 silly packumentCache full:https://registry.npmjs.org/define-properties set size:31491 disposed:false
1242 silly fetch manifest es-shim-unscopables@^1.0.2
1243 silly packumentCache full:https://registry.npmjs.org/es-shim-unscopables cache-miss
1244 http cache https://registry.npmjs.org/call-bound 8ms (cache hit)
1245 silly packumentCache full:https://registry.npmjs.org/call-bound set size:15317 disposed:false
1246 silly fetch manifest function-bind@^1.1.2
1247 silly packumentCache full:https://registry.npmjs.org/function-bind cache-miss
1248 http fetch GET 200 https://registry.npmjs.org/es-shim-unscopables 66ms (cache miss)
1249 silly packumentCache full:https://registry.npmjs.org/es-shim-unscopables set size:undefined disposed:false
1250 silly fetch manifest call-bind@^1.0.7
1251 silly packumentCache full:https://registry.npmjs.org/call-bind cache-miss
1252 http fetch GET 200 https://registry.npmjs.org/function-bind 63ms (cache miss)
1253 silly packumentCache full:https://registry.npmjs.org/function-bind set size:undefined disposed:false
1254 silly fetch manifest es-abstract@^1.23.2
1255 silly packumentCache full:https://registry.npmjs.org/es-abstract cache-miss
1256 http fetch GET 200 https://registry.npmjs.org/es-shim-unscopables 69ms (cache miss)
1257 silly packumentCache full:https://registry.npmjs.org/es-shim-unscopables set size:undefined disposed:false
1258 silly fetch manifest es-object-atoms@^1.0.0
1259 silly packumentCache full:https://registry.npmjs.org/es-object-atoms cache-miss
1260 http fetch GET 200 https://registry.npmjs.org/es-errors 71ms (cache miss)
1261 silly packumentCache full:https://registry.npmjs.org/es-errors set size:undefined disposed:false
1262 silly fetch manifest call-bind@^1.0.7
1263 silly packumentCache full:https://registry.npmjs.org/call-bind cache-miss
1264 http cache https://registry.npmjs.org/call-bind 4ms (cache hit)
1265 silly packumentCache full:https://registry.npmjs.org/call-bind set size:30096 disposed:false
1266 silly fetch manifest es-abstract@^1.23.2
1267 silly packumentCache full:https://registry.npmjs.org/es-abstract cache-miss
1268 http cache https://registry.npmjs.org/es-object-atoms 3ms (cache hit)
1269 silly packumentCache full:https://registry.npmjs.org/es-object-atoms set size:15304 disposed:false
1270 silly fetch manifest call-bound@^1.0.3
1271 silly packumentCache full:https://registry.npmjs.org/call-bound cache-hit
1272 silly fetch manifest call-bound@^1.0.2
1273 silly packumentCache full:https://registry.npmjs.org/call-bound cache-hit
1274 silly fetch manifest json5@^1.0.2
1275 silly packumentCache full:https://registry.npmjs.org/json5 cache-miss
1276 http cache https://registry.npmjs.org/call-bind 2ms (cache hit)
1277 silly packumentCache full:https://registry.npmjs.org/call-bind set size:30096 disposed:false
1278 silly packumentCache full:https://registry.npmjs.org/call-bind dispose
1279 silly fetch manifest minimist@^1.2.6
1280 silly packumentCache full:https://registry.npmjs.org/minimist cache-miss
1281 http fetch GET 200 https://registry.npmjs.org/es-shim-unscopables 131ms (cache miss)
1282 silly packumentCache full:https://registry.npmjs.org/es-shim-unscopables set size:undefined disposed:false
1283 silly fetch manifest strip-bom@^3.0.0
1284 silly packumentCache full:https://registry.npmjs.org/strip-bom cache-miss
1285 http fetch GET 200 https://registry.npmjs.org/es-abstract 202ms (cache miss)
1286 silly packumentCache full:https://registry.npmjs.org/es-abstract set size:undefined disposed:false
1287 silly fetch manifest @types/json5@^0.0.29
1288 silly packumentCache full:https://registry.npmjs.org/@types%2fjson5 cache-miss
1289 http fetch GET 200 https://registry.npmjs.org/es-abstract 207ms (cache miss)
1290 silly packumentCache full:https://registry.npmjs.org/es-abstract set size:undefined disposed:false
1291 http fetch GET 200 https://registry.npmjs.org/es-abstract 267ms (cache miss)
1292 silly packumentCache full:https://registry.npmjs.org/es-abstract set size:undefined disposed:false
1293 http fetch GET 200 https://registry.npmjs.org/json5 200ms (cache miss)
1294 silly packumentCache full:https://registry.npmjs.org/json5 set size:undefined disposed:false
1295 http fetch GET 200 https://registry.npmjs.org/minimist 251ms (cache miss)
1296 silly packumentCache full:https://registry.npmjs.org/minimist set size:undefined disposed:false
1297 http fetch GET 200 https://registry.npmjs.org/strip-bom 190ms (cache miss)
1298 silly packumentCache full:https://registry.npmjs.org/strip-bom set size:undefined disposed:false
1299 http fetch GET 200 https://registry.npmjs.org/es-abstract 258ms (cache miss)
1300 silly packumentCache full:https://registry.npmjs.org/es-abstract set size:undefined disposed:false
1301 http fetch GET 200 https://registry.npmjs.org/es-abstract 478ms (cache miss)
1302 silly packumentCache full:https://registry.npmjs.org/es-abstract set size:undefined disposed:false
1303 http fetch GET 200 https://registry.npmjs.org/@types%2fjson5 189ms (cache miss)
1304 silly packumentCache full:https://registry.npmjs.org/@types%2fjson5 set size:undefined disposed:false
1305 http fetch GET 200 https://registry.npmjs.org/es-abstract 327ms (cache miss)
1306 silly packumentCache full:https://registry.npmjs.org/es-abstract set size:undefined disposed:false
1307 silly placeDep ROOT call-bind@1.0.8 OK for: array-includes@3.1.9 want: ^1.0.8
1308 silly placeDep ROOT call-bound@1.0.4 OK for: array-includes@3.1.9 want: ^1.0.4
1309 silly placeDep ROOT define-properties@1.2.1 OK for: array-includes@3.1.9 want: ^1.2.1
1310 silly placeDep ROOT es-abstract@1.24.0 OK for: array-includes@3.1.9 want: ^1.24.0
1311 silly placeDep ROOT es-object-atoms@1.1.1 OK for: array-includes@3.1.9 want: ^1.1.1
1312 silly placeDep ROOT get-intrinsic@1.3.0 OK for: array-includes@3.1.9 want: ^1.3.0
1313 silly placeDep ROOT is-string@1.1.1 OK for: array-includes@3.1.9 want: ^1.1.1
1314 silly placeDep ROOT math-intrinsics@1.1.0 OK for: array-includes@3.1.9 want: ^1.1.0
1315 silly fetch manifest call-bind-apply-helpers@^1.0.0
1316 silly packumentCache full:https://registry.npmjs.org/call-bind-apply-helpers cache-miss
1317 silly fetch manifest es-define-property@^1.0.0
1318 silly packumentCache full:https://registry.npmjs.org/es-define-property cache-miss
1319 silly fetch manifest get-intrinsic@^1.2.4
1320 silly packumentCache full:https://registry.npmjs.org/get-intrinsic cache-miss
1321 silly fetch manifest set-function-length@^1.2.2
1322 silly packumentCache full:https://registry.npmjs.org/set-function-length cache-miss
1323 silly fetch manifest call-bind-apply-helpers@^1.0.2
1324 silly packumentCache full:https://registry.npmjs.org/call-bind-apply-helpers cache-miss
1325 silly fetch manifest define-data-property@^1.0.1
1326 silly packumentCache full:https://registry.npmjs.org/define-data-property cache-miss
1327 silly fetch manifest has-property-descriptors@^1.0.0
1328 silly packumentCache full:https://registry.npmjs.org/has-property-descriptors cache-miss
1329 silly fetch manifest object-keys@^1.1.1
1330 silly packumentCache full:https://registry.npmjs.org/object-keys cache-miss
1331 silly fetch manifest array-buffer-byte-length@^1.0.2
1332 silly packumentCache full:https://registry.npmjs.org/array-buffer-byte-length cache-miss
1333 http cache https://registry.npmjs.org/get-intrinsic 4ms (cache hit)
1334 silly packumentCache full:https://registry.npmjs.org/get-intrinsic set size:60985 disposed:false
1335 silly fetch manifest arraybuffer.prototype.slice@^1.0.4
1336 silly packumentCache full:https://registry.npmjs.org/arraybuffer.prototype.slice cache-miss
1337 http fetch GET 200 https://registry.npmjs.org/es-define-property 96ms (cache miss)
1338 silly packumentCache full:https://registry.npmjs.org/es-define-property set size:undefined disposed:false
1339 silly fetch manifest available-typed-arrays@^1.0.7
1340 silly packumentCache full:https://registry.npmjs.org/available-typed-arrays cache-miss
1341 http fetch GET 200 https://registry.npmjs.org/has-property-descriptors 98ms (cache miss)
1342 silly packumentCache full:https://registry.npmjs.org/has-property-descriptors set size:undefined disposed:false
1343 silly fetch manifest data-view-buffer@^1.0.2
1344 silly packumentCache full:https://registry.npmjs.org/data-view-buffer cache-miss
1345 http fetch GET 200 https://registry.npmjs.org/define-data-property 99ms (cache miss)
1346 silly packumentCache full:https://registry.npmjs.org/define-data-property set size:undefined disposed:false
1347 silly fetch manifest data-view-byte-length@^1.0.2
1348 silly packumentCache full:https://registry.npmjs.org/data-view-byte-length cache-miss
1349 http fetch GET 200 https://registry.npmjs.org/arraybuffer.prototype.slice 95ms (cache miss)
1350 silly packumentCache full:https://registry.npmjs.org/arraybuffer.prototype.slice set size:undefined disposed:false
1351 silly fetch manifest data-view-byte-offset@^1.0.1
1352 silly packumentCache full:https://registry.npmjs.org/data-view-byte-offset cache-miss
1353 http fetch GET 200 https://registry.npmjs.org/array-buffer-byte-length 101ms (cache miss)
1354 silly packumentCache full:https://registry.npmjs.org/array-buffer-byte-length set size:undefined disposed:false
1355 silly fetch manifest es-define-property@^1.0.1
1356 silly packumentCache full:https://registry.npmjs.org/es-define-property cache-miss
1357 http fetch GET 200 https://registry.npmjs.org/set-function-length 103ms (cache miss)
1358 silly packumentCache full:https://registry.npmjs.org/set-function-length set size:undefined disposed:false
1359 silly fetch manifest es-set-tostringtag@^2.1.0
1360 silly packumentCache full:https://registry.npmjs.org/es-set-tostringtag cache-miss
1361 http fetch GET 200 https://registry.npmjs.org/object-keys 103ms (cache miss)
1362 silly packumentCache full:https://registry.npmjs.org/object-keys set size:undefined disposed:false
1363 silly fetch manifest es-to-primitive@^1.3.0
1364 silly packumentCache full:https://registry.npmjs.org/es-to-primitive cache-miss
1365 http fetch GET 200 https://registry.npmjs.org/call-bind-apply-helpers 106ms (cache miss)
1366 silly packumentCache full:https://registry.npmjs.org/call-bind-apply-helpers set size:undefined disposed:false
1367 silly fetch manifest function.prototype.name@^1.1.8
1368 silly packumentCache full:https://registry.npmjs.org/function.prototype.name cache-miss
1369 http fetch GET 200 https://registry.npmjs.org/call-bind-apply-helpers 106ms (cache miss)
1370 silly packumentCache full:https://registry.npmjs.org/call-bind-apply-helpers set size:undefined disposed:false
1371 silly fetch manifest get-proto@^1.0.1
1372 silly packumentCache full:https://registry.npmjs.org/get-proto cache-miss
1373 http cache https://registry.npmjs.org/es-define-property 5ms (cache hit)
1374 silly packumentCache full:https://registry.npmjs.org/es-define-property set size:8542 disposed:false
1375 silly fetch manifest get-symbol-description@^1.1.0
1376 silly packumentCache full:https://registry.npmjs.org/get-symbol-description cache-miss
1377 http fetch GET 200 https://registry.npmjs.org/data-view-byte-length 45ms (cache miss)
1378 silly packumentCache full:https://registry.npmjs.org/data-view-byte-length set size:undefined disposed:false
1379 silly fetch manifest globalthis@^1.0.4
1380 silly packumentCache full:https://registry.npmjs.org/globalthis cache-miss
1381 http fetch GET 200 https://registry.npmjs.org/data-view-byte-offset 113ms (cache miss)
1382 silly packumentCache full:https://registry.npmjs.org/data-view-byte-offset set size:undefined disposed:false
1383 silly fetch manifest gopd@^1.2.0
1384 silly packumentCache full:https://registry.npmjs.org/gopd cache-miss
1385 http fetch GET 200 https://registry.npmjs.org/es-set-tostringtag 112ms (cache miss)
1386 silly packumentCache full:https://registry.npmjs.org/es-set-tostringtag set size:undefined disposed:false
1387 silly fetch manifest has-property-descriptors@^1.0.2
1388 silly packumentCache full:https://registry.npmjs.org/has-property-descriptors cache-miss
1389 http fetch GET 200 https://registry.npmjs.org/get-symbol-description 108ms (cache miss)
1390 silly packumentCache full:https://registry.npmjs.org/get-symbol-description set size:undefined disposed:false
1391 silly fetch manifest has-proto@^1.2.0
1392 silly packumentCache full:https://registry.npmjs.org/has-proto cache-miss
1393 http fetch GET 200 https://registry.npmjs.org/available-typed-arrays 120ms (cache miss)
1394 silly packumentCache full:https://registry.npmjs.org/available-typed-arrays set size:undefined disposed:false
1395 silly fetch manifest has-symbols@^1.1.0
1396 silly packumentCache full:https://registry.npmjs.org/has-symbols cache-miss
1397 http fetch GET 200 https://registry.npmjs.org/globalthis 71ms (cache miss)
1398 silly packumentCache full:https://registry.npmjs.org/globalthis set size:undefined disposed:false
1399 silly fetch manifest internal-slot@^1.1.0
1400 silly packumentCache full:https://registry.npmjs.org/internal-slot cache-miss
1401 http fetch GET 200 https://registry.npmjs.org/data-view-buffer 120ms (cache miss)
1402 silly packumentCache full:https://registry.npmjs.org/data-view-buffer set size:undefined disposed:false
1403 silly fetch manifest is-array-buffer@^3.0.5
1404 silly packumentCache full:https://registry.npmjs.org/is-array-buffer cache-miss
1405 http fetch GET 200 https://registry.npmjs.org/es-to-primitive 114ms (cache miss)
1406 silly packumentCache full:https://registry.npmjs.org/es-to-primitive set size:undefined disposed:false
1407 silly fetch manifest is-callable@^1.2.7
1408 silly packumentCache full:https://registry.npmjs.org/is-callable cache-miss
1409 http fetch GET 200 https://registry.npmjs.org/get-proto 113ms (cache miss)
1410 silly packumentCache full:https://registry.npmjs.org/get-proto set size:undefined disposed:false
1411 silly fetch manifest is-data-view@^1.0.2
1412 silly packumentCache full:https://registry.npmjs.org/is-data-view cache-miss
1413 http fetch GET 200 https://registry.npmjs.org/function.prototype.name 115ms (cache miss)
1414 silly packumentCache full:https://registry.npmjs.org/function.prototype.name set size:undefined disposed:false
1415 silly fetch manifest is-negative-zero@^2.0.3
1416 silly packumentCache full:https://registry.npmjs.org/is-negative-zero cache-miss
1417 http cache https://registry.npmjs.org/has-property-descriptors 6ms (cache hit)
1418 silly packumentCache full:https://registry.npmjs.org/has-property-descriptors set size:12452 disposed:false
1419 silly fetch manifest is-regex@^1.2.1
1420 silly packumentCache full:https://registry.npmjs.org/is-regex cache-miss
1421 http fetch GET 200 https://registry.npmjs.org/gopd 115ms (cache miss)
1422 silly packumentCache full:https://registry.npmjs.org/gopd set size:undefined disposed:false
1423 silly fetch manifest is-set@^2.0.3
1424 silly packumentCache full:https://registry.npmjs.org/is-set cache-miss
1425 http fetch GET 200 https://registry.npmjs.org/has-symbols 112ms (cache miss)
1426 silly packumentCache full:https://registry.npmjs.org/has-symbols set size:undefined disposed:false
1427 silly fetch manifest is-shared-array-buffer@^1.0.4
1428 silly packumentCache full:https://registry.npmjs.org/is-shared-array-buffer cache-miss
1429 http fetch GET 200 https://registry.npmjs.org/is-data-view 111ms (cache miss)
1430 silly packumentCache full:https://registry.npmjs.org/is-data-view set size:undefined disposed:false
1431 silly fetch manifest is-typed-array@^1.1.15
1432 silly packumentCache full:https://registry.npmjs.org/is-typed-array cache-miss
1433 http fetch GET 200 https://registry.npmjs.org/has-proto 114ms (cache miss)
1434 silly packumentCache full:https://registry.npmjs.org/has-proto set size:undefined disposed:false
1435 silly fetch manifest is-weakref@^1.1.1
1436 silly packumentCache full:https://registry.npmjs.org/is-weakref cache-miss
1437 http fetch GET 200 https://registry.npmjs.org/is-negative-zero 112ms (cache miss)
1438 silly packumentCache full:https://registry.npmjs.org/is-negative-zero set size:undefined disposed:false
1439 silly fetch manifest object-inspect@^1.13.4
1440 silly packumentCache full:https://registry.npmjs.org/object-inspect cache-miss
1441 http fetch GET 200 https://registry.npmjs.org/is-regex 110ms (cache miss)
1442 silly packumentCache full:https://registry.npmjs.org/is-regex set size:undefined disposed:false
1443 silly fetch manifest object.assign@^4.1.7
1444 silly packumentCache full:https://registry.npmjs.org/object.assign cache-miss
1445 http fetch GET 200 https://registry.npmjs.org/internal-slot 116ms (cache miss)
1446 silly packumentCache full:https://registry.npmjs.org/internal-slot set size:undefined disposed:false
1447 silly fetch manifest own-keys@^1.0.1
1448 silly packumentCache full:https://registry.npmjs.org/own-keys cache-miss
1449 http fetch GET 200 https://registry.npmjs.org/is-array-buffer 117ms (cache miss)
1450 silly packumentCache full:https://registry.npmjs.org/is-array-buffer set size:undefined disposed:false
1451 silly fetch manifest regexp.prototype.flags@^1.5.4
1452 silly packumentCache full:https://registry.npmjs.org/regexp.prototype.flags cache-miss
1453 http fetch GET 200 https://registry.npmjs.org/is-callable 117ms (cache miss)
1454 silly packumentCache full:https://registry.npmjs.org/is-callable set size:undefined disposed:false
1455 silly fetch manifest safe-array-concat@^1.1.3
1456 silly packumentCache full:https://registry.npmjs.org/safe-array-concat cache-miss
1457 http fetch GET 200 https://registry.npmjs.org/own-keys 109ms (cache miss)
1458 silly packumentCache full:https://registry.npmjs.org/own-keys set size:undefined disposed:false
1459 silly fetch manifest safe-push-apply@^1.0.0
1460 silly packumentCache full:https://registry.npmjs.org/safe-push-apply cache-miss
1461 http fetch GET 200 https://registry.npmjs.org/safe-array-concat 107ms (cache miss)
1462 silly packumentCache full:https://registry.npmjs.org/safe-array-concat set size:undefined disposed:false
1463 silly fetch manifest safe-regex-test@^1.1.0
1464 silly packumentCache full:https://registry.npmjs.org/safe-regex-test cache-miss
1465 http fetch GET 200 https://registry.npmjs.org/is-set 117ms (cache miss)
1466 silly packumentCache full:https://registry.npmjs.org/is-set set size:undefined disposed:false
1467 silly fetch manifest set-proto@^1.0.0
1468 silly packumentCache full:https://registry.npmjs.org/set-proto cache-miss
1469 http fetch GET 200 https://registry.npmjs.org/is-shared-array-buffer 118ms (cache miss)
1470 silly packumentCache full:https://registry.npmjs.org/is-shared-array-buffer set size:undefined disposed:false
1471 silly fetch manifest stop-iteration-iterator@^1.1.0
1472 silly packumentCache full:https://registry.npmjs.org/stop-iteration-iterator cache-miss
1473 http fetch GET 200 https://registry.npmjs.org/regexp.prototype.flags 113ms (cache miss)
1474 silly packumentCache full:https://registry.npmjs.org/regexp.prototype.flags set size:undefined disposed:false
1475 silly fetch manifest string.prototype.trim@^1.2.10
1476 silly packumentCache full:https://registry.npmjs.org/string.prototype.trim cache-miss
1477 http fetch GET 200 https://registry.npmjs.org/is-weakref 118ms (cache miss)
1478 silly packumentCache full:https://registry.npmjs.org/is-weakref set size:undefined disposed:false
1479 silly fetch manifest string.prototype.trimstart@^1.0.8
1480 silly packumentCache full:https://registry.npmjs.org/string.prototype.trimstart cache-miss
1481 http fetch GET 200 https://registry.npmjs.org/object.assign 122ms (cache miss)
1482 silly packumentCache full:https://registry.npmjs.org/object.assign set size:undefined disposed:false
1483 silly fetch manifest typed-array-buffer@^1.0.3
1484 silly packumentCache full:https://registry.npmjs.org/typed-array-buffer cache-miss
1485 http cache https://registry.npmjs.org/safe-regex-test 14ms (cache hit)
1486 silly packumentCache full:https://registry.npmjs.org/safe-regex-test set size:17412 disposed:false
1487 silly fetch manifest typed-array-byte-length@^1.0.3
1488 silly packumentCache full:https://registry.npmjs.org/typed-array-byte-length cache-miss
1489 http fetch GET 200 https://registry.npmjs.org/object-inspect 169ms (cache miss)
1490 silly packumentCache full:https://registry.npmjs.org/object-inspect set size:undefined disposed:false
1491 silly fetch manifest typed-array-byte-offset@^1.0.4
1492 silly packumentCache full:https://registry.npmjs.org/typed-array-byte-offset cache-miss
1493 http fetch GET 200 https://registry.npmjs.org/is-typed-array 172ms (cache miss)
1494 silly packumentCache full:https://registry.npmjs.org/is-typed-array set size:undefined disposed:false
1495 silly fetch manifest typed-array-length@^1.0.7
1496 silly packumentCache full:https://registry.npmjs.org/typed-array-length cache-miss
1497 http fetch GET 200 https://registry.npmjs.org/set-proto 59ms (cache miss)
1498 silly packumentCache full:https://registry.npmjs.org/set-proto set size:undefined disposed:false
1499 silly fetch manifest unbox-primitive@^1.1.0
1500 silly packumentCache full:https://registry.npmjs.org/unbox-primitive cache-miss
1501 http fetch GET 200 https://registry.npmjs.org/stop-iteration-iterator 59ms (cache miss)
1502 silly packumentCache full:https://registry.npmjs.org/stop-iteration-iterator set size:undefined disposed:false
1503 silly fetch manifest which-typed-array@^1.1.19
1504 silly packumentCache full:https://registry.npmjs.org/which-typed-array cache-miss
1505 http fetch GET 200 https://registry.npmjs.org/string.prototype.trimstart 57ms (cache miss)
1506 silly packumentCache full:https://registry.npmjs.org/string.prototype.trimstart set size:undefined disposed:false
1507 silly fetch manifest has-tostringtag@^1.0.2
1508 silly packumentCache full:https://registry.npmjs.org/has-tostringtag cache-miss
1509 http fetch GET 200 https://registry.npmjs.org/safe-push-apply 65ms (cache miss)
1510 silly packumentCache full:https://registry.npmjs.org/safe-push-apply set size:undefined disposed:false
1511 http fetch GET 200 https://registry.npmjs.org/typed-array-byte-length 61ms (cache miss)
1512 silly packumentCache full:https://registry.npmjs.org/typed-array-byte-length set size:undefined disposed:false
1513 http fetch GET 200 https://registry.npmjs.org/typed-array-buffer 64ms (cache miss)
1514 silly packumentCache full:https://registry.npmjs.org/typed-array-buffer set size:undefined disposed:false
1515 http fetch GET 200 https://registry.npmjs.org/string.prototype.trim 100ms (cache miss)
1516 silly packumentCache full:https://registry.npmjs.org/string.prototype.trim set size:undefined disposed:false
1517 http fetch GET 200 https://registry.npmjs.org/typed-array-byte-offset 50ms (cache miss)
1518 silly packumentCache full:https://registry.npmjs.org/typed-array-byte-offset set size:undefined disposed:false
1519 http fetch GET 200 https://registry.npmjs.org/unbox-primitive 55ms (cache miss)
1520 silly packumentCache full:https://registry.npmjs.org/unbox-primitive set size:undefined disposed:false
1521 http fetch GET 200 https://registry.npmjs.org/has-tostringtag 59ms (cache miss)
1522 silly packumentCache full:https://registry.npmjs.org/has-tostringtag set size:undefined disposed:false
1523 http fetch GET 200 https://registry.npmjs.org/typed-array-length 96ms (cache miss)
1524 silly packumentCache full:https://registry.npmjs.org/typed-array-length set size:undefined disposed:false
1525 http fetch GET 200 https://registry.npmjs.org/which-typed-array 102ms (cache miss)
1526 silly packumentCache full:https://registry.npmjs.org/which-typed-array set size:undefined disposed:false
1527 silly placeDep ROOT es-errors@1.3.0 OK for: array.prototype.findlastindex@1.2.6 want: ^1.3.0
1528 silly placeDep ROOT es-shim-unscopables@1.1.0 OK for: array.prototype.findlastindex@1.2.6 want: ^1.1.0
1529 silly placeDep ROOT call-bind-apply-helpers@1.0.2 OK for: call-bind@1.0.8 want: ^1.0.0
1530 silly placeDep ROOT es-define-property@1.0.1 OK for: call-bind@1.0.8 want: ^1.0.0
1531 silly placeDep ROOT set-function-length@1.2.2 OK for: call-bind@1.0.8 want: ^1.2.2
1532 silly fetch manifest define-data-property@^1.1.4
1533 silly packumentCache full:https://registry.npmjs.org/define-data-property cache-miss
1534 silly fetch manifest gopd@^1.0.1
1535 silly packumentCache full:https://registry.npmjs.org/gopd cache-miss
1536 http cache https://registry.npmjs.org/define-data-property 2ms (cache hit)
1537 silly packumentCache full:https://registry.npmjs.org/define-data-property set size:28048 disposed:false
1538 http cache https://registry.npmjs.org/gopd 2ms (cache hit)
1539 silly packumentCache full:https://registry.npmjs.org/gopd set size:11458 disposed:false
1540 silly placeDep ROOT function-bind@1.1.2 OK for: call-bind-apply-helpers@1.0.2 want: ^1.1.2
1541 silly placeDep ROOT define-data-property@1.1.4 OK for: define-properties@1.2.1 want: ^1.0.1
1542 silly placeDep ROOT has-property-descriptors@1.0.2 OK for: define-properties@1.2.1 want: ^1.0.0
1543 silly placeDep ROOT object-keys@1.1.1 OK for: define-properties@1.2.1 want: ^1.1.1
1544 silly placeDep ROOT gopd@1.2.0 OK for: define-data-property@1.1.4 want: ^1.0.1
1545 silly placeDep ROOT array-buffer-byte-length@1.0.2 OK for: es-abstract@1.24.0 want: ^1.0.2
1546 silly placeDep ROOT arraybuffer.prototype.slice@1.0.4 OK for: es-abstract@1.24.0 want: ^1.0.4
1547 silly placeDep ROOT available-typed-arrays@1.0.7 OK for: es-abstract@1.24.0 want: ^1.0.7
1548 silly placeDep ROOT data-view-buffer@1.0.2 OK for: es-abstract@1.24.0 want: ^1.0.2
1549 silly placeDep ROOT data-view-byte-length@1.0.2 OK for: es-abstract@1.24.0 want: ^1.0.2
1550 silly placeDep ROOT data-view-byte-offset@1.0.1 OK for: es-abstract@1.24.0 want: ^1.0.1
1551 silly placeDep ROOT es-set-tostringtag@2.1.0 OK for: es-abstract@1.24.0 want: ^2.1.0
1552 silly placeDep ROOT es-to-primitive@1.3.0 OK for: es-abstract@1.24.0 want: ^1.3.0
1553 silly placeDep ROOT function.prototype.name@1.1.8 OK for: es-abstract@1.24.0 want: ^1.1.8
1554 silly placeDep ROOT get-proto@1.0.1 OK for: es-abstract@1.24.0 want: ^1.0.1
1555 silly placeDep ROOT get-symbol-description@1.1.0 OK for: es-abstract@1.24.0 want: ^1.1.0
1556 silly placeDep ROOT globalthis@1.0.4 OK for: es-abstract@1.24.0 want: ^1.0.4
1557 silly placeDep ROOT has-proto@1.2.0 OK for: es-abstract@1.24.0 want: ^1.2.0
1558 silly placeDep ROOT has-symbols@1.1.0 OK for: es-abstract@1.24.0 want: ^1.1.0
1559 silly placeDep ROOT internal-slot@1.1.0 OK for: es-abstract@1.24.0 want: ^1.1.0
1560 silly placeDep ROOT is-array-buffer@3.0.5 OK for: es-abstract@1.24.0 want: ^3.0.5
1561 silly placeDep ROOT is-callable@1.2.7 OK for: es-abstract@1.24.0 want: ^1.2.7
1562 silly placeDep ROOT is-data-view@1.0.2 OK for: es-abstract@1.24.0 want: ^1.0.2
1563 silly placeDep ROOT is-negative-zero@2.0.3 OK for: es-abstract@1.24.0 want: ^2.0.3
1564 silly placeDep ROOT is-regex@1.2.1 OK for: es-abstract@1.24.0 want: ^1.2.1
1565 silly placeDep ROOT is-set@2.0.3 OK for: es-abstract@1.24.0 want: ^2.0.3
1566 silly placeDep ROOT is-shared-array-buffer@1.0.4 OK for: es-abstract@1.24.0 want: ^1.0.4
1567 silly placeDep ROOT is-typed-array@1.1.15 OK for: es-abstract@1.24.0 want: ^1.1.15
1568 silly placeDep ROOT is-weakref@1.1.1 OK for: es-abstract@1.24.0 want: ^1.1.1
1569 silly placeDep ROOT object-inspect@1.13.4 OK for: es-abstract@1.24.0 want: ^1.13.4
1570 silly placeDep ROOT object.assign@4.1.7 OK for: es-abstract@1.24.0 want: ^4.1.7
1571 silly placeDep ROOT own-keys@1.0.1 OK for: es-abstract@1.24.0 want: ^1.0.1
1572 silly placeDep ROOT regexp.prototype.flags@1.5.4 OK for: es-abstract@1.24.0 want: ^1.5.4
1573 silly placeDep ROOT safe-array-concat@1.1.3 OK for: es-abstract@1.24.0 want: ^1.1.3
1574 silly placeDep ROOT safe-push-apply@1.0.0 OK for: es-abstract@1.24.0 want: ^1.0.0
1575 silly placeDep ROOT safe-regex-test@1.1.0 OK for: es-abstract@1.24.0 want: ^1.1.0
1576 silly placeDep ROOT set-proto@1.0.0 OK for: es-abstract@1.24.0 want: ^1.0.0
1577 silly placeDep ROOT stop-iteration-iterator@1.1.0 OK for: es-abstract@1.24.0 want: ^1.1.0
1578 silly placeDep ROOT string.prototype.trim@1.2.10 OK for: es-abstract@1.24.0 want: ^1.2.10
1579 silly placeDep ROOT string.prototype.trimstart@1.0.8 OK for: es-abstract@1.24.0 want: ^1.0.8
1580 silly placeDep ROOT typed-array-buffer@1.0.3 OK for: es-abstract@1.24.0 want: ^1.0.3
1581 silly placeDep ROOT typed-array-byte-length@1.0.3 OK for: es-abstract@1.24.0 want: ^1.0.3
1582 silly placeDep ROOT typed-array-byte-offset@1.0.4 OK for: es-abstract@1.24.0 want: ^1.0.4
1583 silly placeDep ROOT typed-array-length@1.0.7 OK for: es-abstract@1.24.0 want: ^1.0.7
1584 silly placeDep ROOT unbox-primitive@1.1.0 OK for: es-abstract@1.24.0 want: ^1.1.0
1585 silly placeDep ROOT which-typed-array@1.1.19 OK for: es-abstract@1.24.0 want: ^1.1.19
1586 silly fetch manifest is-array-buffer@^3.0.4
1587 silly packumentCache full:https://registry.npmjs.org/is-array-buffer cache-miss
1588 silly fetch manifest possible-typed-array-names@^1.0.0
1589 silly packumentCache full:https://registry.npmjs.org/possible-typed-array-names cache-miss
1590 silly fetch manifest is-data-view@^1.0.1
1591 silly packumentCache full:https://registry.npmjs.org/is-data-view cache-miss
1592 silly fetch manifest is-date-object@^1.0.5
1593 silly packumentCache full:https://registry.npmjs.org/is-date-object cache-miss
1594 silly fetch manifest is-symbol@^1.0.4
1595 silly packumentCache full:https://registry.npmjs.org/is-symbol cache-miss
1596 silly fetch manifest functions-have-names@^1.2.3
1597 silly packumentCache full:https://registry.npmjs.org/functions-have-names cache-miss
1598 silly fetch manifest dunder-proto@^1.0.1
1599 silly packumentCache full:https://registry.npmjs.org/dunder-proto cache-miss
1600 silly fetch manifest dunder-proto@^1.0.0
1601 silly packumentCache full:https://registry.npmjs.org/dunder-proto cache-miss
1602 silly fetch manifest side-channel@^1.1.0
1603 silly packumentCache full:https://registry.npmjs.org/side-channel cache-miss
1604 http cache https://registry.npmjs.org/is-array-buffer 3ms (cache hit)
1605 silly packumentCache full:https://registry.npmjs.org/is-array-buffer set size:33562 disposed:false
1606 silly fetch manifest is-typed-array@^1.1.13
1607 silly packumentCache full:https://registry.npmjs.org/is-typed-array cache-miss
1608 http cache https://registry.npmjs.org/is-data-view 3ms (cache hit)
1609 silly packumentCache full:https://registry.npmjs.org/is-data-view set size:13756 disposed:false
1610 silly fetch manifest which-typed-array@^1.1.16
1611 silly packumentCache full:https://registry.npmjs.org/which-typed-array cache-miss
1612 http cache https://registry.npmjs.org/is-typed-array 1ms (cache hit)
1613 silly packumentCache full:https://registry.npmjs.org/is-typed-array set size:79965 disposed:false
1614 silly fetch manifest set-function-name@^2.0.2
1615 silly packumentCache full:https://registry.npmjs.org/set-function-name cache-miss
1616 http cache https://registry.npmjs.org/which-typed-array 1ms (cache hit)
1617 silly packumentCache full:https://registry.npmjs.org/which-typed-array set size:89701 disposed:false
1618 silly fetch manifest isarray@^2.0.5
1619 silly packumentCache full:https://registry.npmjs.org/isarray cache-miss
1620 http fetch GET 200 https://registry.npmjs.org/dunder-proto 46ms (cache miss)
1621 silly packumentCache full:https://registry.npmjs.org/dunder-proto set size:undefined disposed:false
1622 silly fetch manifest isarray@^2.0.5
1623 silly packumentCache full:https://registry.npmjs.org/isarray cache-miss
1624 http fetch GET 200 https://registry.npmjs.org/dunder-proto 110ms (cache miss)
1625 silly packumentCache full:https://registry.npmjs.org/dunder-proto set size:undefined disposed:false
1626 silly fetch manifest for-each@^0.3.3
1627 silly packumentCache full:https://registry.npmjs.org/for-each cache-miss
1628 http fetch GET 200 https://registry.npmjs.org/possible-typed-array-names 112ms (cache miss)
1629 silly packumentCache full:https://registry.npmjs.org/possible-typed-array-names set size:undefined disposed:false
1630 silly fetch manifest for-each@^0.3.3
1631 silly packumentCache full:https://registry.npmjs.org/for-each cache-miss
1632 http fetch GET 200 https://registry.npmjs.org/side-channel 112ms (cache miss)
1633 silly packumentCache full:https://registry.npmjs.org/side-channel set size:undefined disposed:false
1634 silly fetch manifest reflect.getprototypeof@^1.0.9
1635 silly packumentCache full:https://registry.npmjs.org/reflect.getprototypeof cache-miss
1636 http fetch GET 200 https://registry.npmjs.org/set-function-name 108ms (cache miss)
1637 silly packumentCache full:https://registry.npmjs.org/set-function-name set size:undefined disposed:false
1638 silly fetch manifest for-each@^0.3.3
1639 silly packumentCache full:https://registry.npmjs.org/for-each cache-miss
1640 http fetch GET 200 https://registry.npmjs.org/functions-have-names 113ms (cache miss)
1641 silly packumentCache full:https://registry.npmjs.org/functions-have-names set size:undefined disposed:false
1642 silly fetch manifest reflect.getprototypeof@^1.0.6
1643 silly packumentCache full:https://registry.npmjs.org/reflect.getprototypeof cache-miss
1644 http fetch GET 200 https://registry.npmjs.org/is-symbol 114ms (cache miss)
1645 silly packumentCache full:https://registry.npmjs.org/is-symbol set size:undefined disposed:false
1646 silly fetch manifest has-bigints@^1.0.2
1647 silly packumentCache full:https://registry.npmjs.org/has-bigints cache-miss
1648 http fetch GET 200 https://registry.npmjs.org/isarray 110ms (cache miss)
1649 silly packumentCache full:https://registry.npmjs.org/isarray set size:undefined disposed:false
1650 silly fetch manifest which-boxed-primitive@^1.1.1
1651 silly packumentCache full:https://registry.npmjs.org/which-boxed-primitive cache-miss
1652 http fetch GET 200 https://registry.npmjs.org/is-date-object 116ms (cache miss)
1653 silly packumentCache full:https://registry.npmjs.org/is-date-object set size:undefined disposed:false
1654 silly fetch manifest for-each@^0.3.5
1655 silly packumentCache full:https://registry.npmjs.org/for-each cache-miss
1656 http fetch GET 200 https://registry.npmjs.org/isarray 69ms (cache miss)
1657 silly packumentCache full:https://registry.npmjs.org/isarray set size:undefined disposed:false
1658 http fetch GET 200 https://registry.npmjs.org/for-each 206ms (cache miss)
1659 silly packumentCache full:https://registry.npmjs.org/for-each set size:undefined disposed:false
1660 http fetch GET 200 https://registry.npmjs.org/for-each 202ms (cache miss)
1661 silly packumentCache full:https://registry.npmjs.org/for-each set size:undefined disposed:false
1662 http fetch GET 200 https://registry.npmjs.org/for-each 204ms (cache miss)
1663 silly packumentCache full:https://registry.npmjs.org/for-each set size:undefined disposed:false
1664 http fetch GET 200 https://registry.npmjs.org/for-each 205ms (cache miss)
1665 silly packumentCache full:https://registry.npmjs.org/for-each set size:undefined disposed:false
1666 http fetch GET 200 https://registry.npmjs.org/reflect.getprototypeof 206ms (cache miss)
1667 silly packumentCache full:https://registry.npmjs.org/reflect.getprototypeof set size:undefined disposed:false
1668 http fetch GET 200 https://registry.npmjs.org/has-bigints 204ms (cache miss)
1669 silly packumentCache full:https://registry.npmjs.org/has-bigints set size:undefined disposed:false
1670 http fetch GET 200 https://registry.npmjs.org/which-boxed-primitive 205ms (cache miss)
1671 silly packumentCache full:https://registry.npmjs.org/which-boxed-primitive set size:undefined disposed:false
1672 http fetch GET 200 https://registry.npmjs.org/reflect.getprototypeof 206ms (cache miss)
1673 silly packumentCache full:https://registry.npmjs.org/reflect.getprototypeof set size:undefined disposed:false
1674 silly placeDep ROOT possible-typed-array-names@1.1.0 OK for: available-typed-arrays@1.0.7 want: ^1.0.0
1675 silly placeDep ROOT has-tostringtag@1.0.2 OK for: es-set-tostringtag@2.1.0 want: ^1.0.2
1676 silly placeDep ROOT is-date-object@1.1.0 OK for: es-to-primitive@1.3.0 want: ^1.0.5
1677 silly placeDep ROOT is-symbol@1.1.1 OK for: es-to-primitive@1.3.0 want: ^1.0.4
1678 silly placeDep node_modules/eslint-module-utils debug@3.2.7 OK for: eslint-module-utils@2.12.1 want: ^3.2.7
1679 silly placeDep ROOT aria-query@5.3.2 OK for: eslint-plugin-jsx-a11y@6.10.2 want: ^5.3.2
1680 silly placeDep ROOT ast-types-flow@0.0.8 OK for: eslint-plugin-jsx-a11y@6.10.2 want: ^0.0.8
1681 silly placeDep ROOT axe-core@4.11.0 OK for: eslint-plugin-jsx-a11y@6.10.2 want: ^4.10.0
1682 silly placeDep ROOT axobject-query@4.1.0 OK for: eslint-plugin-jsx-a11y@6.10.2 want: ^4.1.0
1683 silly placeDep ROOT damerau-levenshtein@1.0.8 OK for: eslint-plugin-jsx-a11y@6.10.2 want: ^1.0.8
1684 silly placeDep ROOT emoji-regex@9.2.2 OK for: eslint-plugin-jsx-a11y@6.10.2 want: ^9.2.2
1685 silly placeDep ROOT jsx-ast-utils@3.3.5 OK for: eslint-plugin-jsx-a11y@6.10.2 want: ^3.3.5
1686 silly placeDep ROOT language-tags@1.0.9 OK for: eslint-plugin-jsx-a11y@6.10.2 want: ^1.0.9
1687 silly placeDep ROOT string.prototype.includes@2.0.1 OK for: eslint-plugin-jsx-a11y@6.10.2 want: ^2.0.1
1688 silly fetch manifest language-subtag-registry@^0.3.20
1689 silly packumentCache full:https://registry.npmjs.org/language-subtag-registry cache-miss
1690 http fetch GET 200 https://registry.npmjs.org/language-subtag-registry 134ms (cache miss)
1691 silly packumentCache full:https://registry.npmjs.org/language-subtag-registry set size:undefined disposed:false
1692 silly placeDep ROOT array.prototype.findlast@1.2.5 OK for: eslint-plugin-react@7.37.5 want: ^1.2.5
1693 silly placeDep ROOT array.prototype.tosorted@1.1.4 OK for: eslint-plugin-react@7.37.5 want: ^1.1.4
1694 silly placeDep ROOT es-iterator-helpers@1.2.1 OK for: eslint-plugin-react@7.37.5 want: ^1.2.1
1695 silly placeDep ROOT estraverse@5.3.0 OK for: eslint-plugin-react@7.37.5 want: ^5.3.0
1696 silly placeDep ROOT object.entries@1.1.9 OK for: eslint-plugin-react@7.37.5 want: ^1.1.9
1697 silly placeDep ROOT prop-types@15.8.1 OK for: eslint-plugin-react@7.37.5 want: ^15.8.1
1698 silly placeDep node_modules/eslint-plugin-react resolve@2.0.0-next.5 OK for: eslint-plugin-react@7.37.5 want: ^2.0.0-next.5
1699 silly placeDep ROOT string.prototype.matchall@4.0.12 OK for: eslint-plugin-react@7.37.5 want: ^4.0.12
1700 silly placeDep ROOT string.prototype.repeat@1.0.0 OK for: eslint-plugin-react@7.37.5 want: ^1.0.0
1701 silly fetch manifest iterator.prototype@^1.1.4
1702 silly packumentCache full:https://registry.npmjs.org/iterator.prototype cache-miss
1703 silly fetch manifest loose-envify@^1.4.0
1704 silly packumentCache full:https://registry.npmjs.org/loose-envify cache-miss
1705 silly fetch manifest object-assign@^4.1.1
1706 silly packumentCache full:https://registry.npmjs.org/object-assign cache-miss
1707 silly fetch manifest react-is@^16.13.1
1708 silly packumentCache full:https://registry.npmjs.org/react-is cache-miss
1709 http fetch GET 200 https://registry.npmjs.org/loose-envify 54ms (cache miss)
1710 silly packumentCache full:https://registry.npmjs.org/loose-envify set size:undefined disposed:false
1711 http fetch GET 200 https://registry.npmjs.org/iterator.prototype 119ms (cache miss)
1712 silly packumentCache full:https://registry.npmjs.org/iterator.prototype set size:undefined disposed:false
1713 http fetch GET 200 https://registry.npmjs.org/object-assign 152ms (cache miss)
1714 silly packumentCache full:https://registry.npmjs.org/object-assign set size:undefined disposed:false
1715 http fetch GET 200 https://registry.npmjs.org/react-is 992ms (cache miss)
1716 silly packumentCache full:https://registry.npmjs.org/react-is set size:undefined disposed:false
1717 silly placeDep ROOT iterator.prototype@1.1.5 OK for: es-iterator-helpers@1.2.1 want: ^1.1.4
1718 silly placeDep ROOT @babel/core@7.28.5 OK for: eslint-plugin-react-hooks@7.0.1 want: ^7.24.4
1719 silly placeDep ROOT @babel/parser@7.28.5 OK for: eslint-plugin-react-hooks@7.0.1 want: ^7.24.4
1720 silly placeDep ROOT hermes-parser@0.25.1 OK for: eslint-plugin-react-hooks@7.0.1 want: ^0.25.1
1721 silly placeDep ROOT zod@4.1.12 OK for: eslint-plugin-react-hooks@7.0.1 want: ^3.25.0 || ^4.0.0
1722 silly placeDep ROOT zod-validation-error@4.0.2 OK for: eslint-plugin-react-hooks@7.0.1 want: ^3.5.0 || ^4.0.0
1723 silly fetch manifest @babel/code-frame@^7.27.1
1724 silly packumentCache full:https://registry.npmjs.org/@babel%2fcode-frame cache-miss
1725 silly fetch manifest @babel/generator@^7.28.5
1726 silly packumentCache full:https://registry.npmjs.org/@babel%2fgenerator cache-miss
1727 silly fetch manifest @babel/helper-compilation-targets@^7.27.2
1728 silly packumentCache full:https://registry.npmjs.org/@babel%2fhelper-compilation-targets cache-miss
1729 silly fetch manifest @babel/helper-module-transforms@^7.28.3
1730 silly packumentCache full:https://registry.npmjs.org/@babel%2fhelper-module-transforms cache-miss
1731 silly fetch manifest @babel/helpers@^7.28.4
1732 silly packumentCache full:https://registry.npmjs.org/@babel%2fhelpers cache-miss
1733 silly fetch manifest @babel/parser@^7.28.5
1734 silly packumentCache full:https://registry.npmjs.org/@babel%2fparser cache-miss
1735 silly fetch manifest @babel/template@^7.27.2
1736 silly packumentCache full:https://registry.npmjs.org/@babel%2ftemplate cache-miss
1737 silly fetch manifest @babel/traverse@^7.28.5
1738 silly packumentCache full:https://registry.npmjs.org/@babel%2ftraverse cache-miss
1739 silly fetch manifest @babel/types@^7.28.5
1740 silly packumentCache full:https://registry.npmjs.org/@babel%2ftypes cache-miss
1741 http cache https://registry.npmjs.org/@babel%2fparser 3ms (cache hit)
1742 silly packumentCache full:https://registry.npmjs.org/@babel%2fparser set size:702781 disposed:false
1743 silly fetch manifest convert-source-map@^2.0.0
1744 silly packumentCache full:https://registry.npmjs.org/convert-source-map cache-miss
1745 http fetch GET 200 https://registry.npmjs.org/convert-source-map 111ms (cache miss)
1746 silly packumentCache full:https://registry.npmjs.org/convert-source-map set size:undefined disposed:false
1747 silly fetch manifest gensync@^1.0.0-beta.2
1748 silly packumentCache full:https://registry.npmjs.org/gensync cache-miss
1749 http fetch GET 200 https://registry.npmjs.org/@babel%2fhelper-module-transforms 208ms (cache miss)
1750 silly packumentCache full:https://registry.npmjs.org/@babel%2fhelper-module-transforms set size:undefined disposed:false
1751 silly fetch manifest json5@^2.2.3
1752 silly packumentCache full:https://registry.npmjs.org/json5 cache-miss
1753 http cache https://registry.npmjs.org/json5 2ms (cache hit)
1754 silly packumentCache full:https://registry.npmjs.org/json5 set size:86136 disposed:false
1755 silly fetch manifest @babel/types@^7.28.5
1756 silly packumentCache full:https://registry.npmjs.org/@babel%2ftypes cache-miss
1757 http fetch GET 200 https://registry.npmjs.org/gensync 315ms (cache miss)
1758 silly packumentCache full:https://registry.npmjs.org/gensync set size:undefined disposed:false
1759 silly fetch manifest hermes-estree@0.25.1
1760 silly packumentCache full:https://registry.npmjs.org/hermes-estree cache-miss
1761 http fetch GET 200 https://registry.npmjs.org/@babel%2ftemplate 434ms (cache miss)
1762 silly packumentCache full:https://registry.npmjs.org/@babel%2ftemplate set size:undefined disposed:false
1763 http fetch GET 200 https://registry.npmjs.org/@babel%2fgenerator 488ms (cache miss)
1764 silly packumentCache full:https://registry.npmjs.org/@babel%2fgenerator set size:undefined disposed:false
1765 http fetch GET 200 https://registry.npmjs.org/@babel%2fcode-frame 547ms (cache miss)
1766 silly packumentCache full:https://registry.npmjs.org/@babel%2fcode-frame set size:undefined disposed:false
1767 http fetch GET 200 https://registry.npmjs.org/@babel%2fhelper-compilation-targets 610ms (cache miss)
1768 silly packumentCache full:https://registry.npmjs.org/@babel%2fhelper-compilation-targets set size:undefined disposed:false
1769 http fetch GET 200 https://registry.npmjs.org/hermes-estree 177ms (cache miss)
1770 silly packumentCache full:https://registry.npmjs.org/hermes-estree set size:undefined disposed:false
1771 http fetch GET 200 https://registry.npmjs.org/@babel%2ftypes 444ms (cache miss)
1772 silly packumentCache full:https://registry.npmjs.org/@babel%2ftypes set size:undefined disposed:false
1773 http fetch GET 200 https://registry.npmjs.org/@babel%2fhelpers 662ms (cache miss)
1774 silly packumentCache full:https://registry.npmjs.org/@babel%2fhelpers set size:undefined disposed:false
1775 http fetch GET 200 https://registry.npmjs.org/@babel%2ftraverse 765ms (cache miss)
1776 silly packumentCache full:https://registry.npmjs.org/@babel%2ftraverse set size:undefined disposed:false
1777 http fetch GET 200 https://registry.npmjs.org/@babel%2ftypes 840ms (cache miss)
1778 silly packumentCache full:https://registry.npmjs.org/@babel%2ftypes set size:undefined disposed:false
1779 silly fetch manifest @babel/core@^7.0.0
1780 silly packumentCache full:https://registry.npmjs.org/@babel%2fcore cache-miss
1781 http cache https://registry.npmjs.org/@babel%2fcore 16ms (cache hit)
1782 silly packumentCache full:https://registry.npmjs.org/@babel%2fcore set size:738278 disposed:false
1783 silly placeDep ROOT @babel/code-frame@7.27.1 OK for: @babel/core@7.28.5 want: ^7.27.1
1784 silly placeDep ROOT @babel/generator@7.28.5 OK for: @babel/core@7.28.5 want: ^7.28.5
1785 silly placeDep ROOT @babel/helper-compilation-targets@7.27.2 OK for: @babel/core@7.28.5 want: ^7.27.2
1786 silly placeDep ROOT @babel/helper-module-transforms@7.28.3 OK for: @babel/core@7.28.5 want: ^7.28.3
1787 silly placeDep ROOT @babel/helpers@7.28.4 OK for: @babel/core@7.28.5 want: ^7.28.4
1788 silly placeDep ROOT @babel/template@7.27.2 OK for: @babel/core@7.28.5 want: ^7.27.2
1789 silly placeDep ROOT @babel/traverse@7.28.5 OK for: @babel/core@7.28.5 want: ^7.28.5
1790 silly placeDep ROOT @babel/types@7.28.5 OK for: @babel/core@7.28.5 want: ^7.28.5
1791 silly placeDep ROOT convert-source-map@2.0.0 OK for: @babel/core@7.28.5 want: ^2.0.0
1792 silly placeDep ROOT gensync@1.0.0-beta.2 OK for: @babel/core@7.28.5 want: ^1.0.0-beta.2
1793 silly placeDep ROOT json5@2.2.3 OK for: @babel/core@7.28.5 want: ^2.2.3
1794 silly fetch manifest js-tokens@^4.0.0
1795 silly packumentCache full:https://registry.npmjs.org/js-tokens cache-miss
1796 silly fetch manifest @babel/helper-validator-identifier@^7.27.1
1797 silly packumentCache full:https://registry.npmjs.org/@babel%2fhelper-validator-identifier cache-miss
1798 silly fetch manifest jsesc@^3.0.2
1799 silly packumentCache full:https://registry.npmjs.org/jsesc cache-miss
1800 silly fetch manifest lru-cache@^5.1.1
1801 silly packumentCache full:https://registry.npmjs.org/lru-cache cache-miss
1802 silly fetch manifest browserslist@^4.24.0
1803 silly packumentCache full:https://registry.npmjs.org/browserslist cache-miss
1804 silly fetch manifest @babel/compat-data@^7.27.2
1805 silly packumentCache full:https://registry.npmjs.org/@babel%2fcompat-data cache-miss
1806 silly fetch manifest @babel/helper-validator-option@^7.27.1
1807 silly packumentCache full:https://registry.npmjs.org/@babel%2fhelper-validator-option cache-miss
1808 silly fetch manifest @babel/traverse@^7.28.3
1809 silly packumentCache full:https://registry.npmjs.org/@babel%2ftraverse cache-miss
1810 silly fetch manifest @babel/helper-module-imports@^7.27.1
1811 silly packumentCache full:https://registry.npmjs.org/@babel%2fhelper-module-imports cache-miss
1812 http cache https://registry.npmjs.org/@babel%2ftraverse 3ms (cache hit)
1813 silly packumentCache full:https://registry.npmjs.org/@babel%2ftraverse set size:535703 disposed:false
1814 silly fetch manifest @babel/helper-validator-identifier@^7.27.1
1815 silly packumentCache full:https://registry.npmjs.org/@babel%2fhelper-validator-identifier cache-miss
1816 http fetch GET 200 https://registry.npmjs.org/js-tokens 393ms (cache miss)
1817 silly packumentCache full:https://registry.npmjs.org/js-tokens set size:undefined disposed:false
1818 silly fetch manifest @babel/types@^7.28.4
1819 silly packumentCache full:https://registry.npmjs.org/@babel%2ftypes cache-miss
1820 http fetch GET 200 https://registry.npmjs.org/jsesc 394ms (cache miss)
1821 silly packumentCache full:https://registry.npmjs.org/jsesc set size:undefined disposed:false
1822 silly fetch manifest @babel/types@^7.27.1
1823 silly packumentCache full:https://registry.npmjs.org/@babel%2ftypes cache-miss
1824 http cache https://registry.npmjs.org/@babel%2ftypes 3ms (cache hit)
1825 silly packumentCache full:https://registry.npmjs.org/@babel%2ftypes set size:475698 disposed:false
1826 silly fetch manifest @babel/helper-globals@^7.28.0
1827 silly packumentCache full:https://registry.npmjs.org/@babel%2fhelper-globals cache-miss
1828 http cache https://registry.npmjs.org/@babel%2ftypes 11ms (cache hit)
1829 silly packumentCache full:https://registry.npmjs.org/@babel%2ftypes set size:475698 disposed:false
1830 silly packumentCache full:https://registry.npmjs.org/@babel%2ftypes dispose
1831 silly fetch manifest @babel/helper-string-parser@^7.27.1
1832 silly packumentCache full:https://registry.npmjs.org/@babel%2fhelper-string-parser cache-miss
1833 http fetch GET 200 https://registry.npmjs.org/@babel%2fhelper-validator-identifier 458ms (cache miss)
1834 silly packumentCache full:https://registry.npmjs.org/@babel%2fhelper-validator-identifier set size:undefined disposed:false
1835 silly fetch manifest @babel/helper-validator-identifier@^7.28.5
1836 silly packumentCache full:https://registry.npmjs.org/@babel%2fhelper-validator-identifier cache-miss
1837 http fetch GET 200 https://registry.npmjs.org/@babel%2fhelper-validator-identifier 454ms (cache miss)
1838 silly packumentCache full:https://registry.npmjs.org/@babel%2fhelper-validator-identifier set size:undefined disposed:false
1839 http fetch GET 200 https://registry.npmjs.org/@babel%2fhelper-validator-option 460ms (cache miss)
1840 silly packumentCache full:https://registry.npmjs.org/@babel%2fhelper-validator-option set size:undefined disposed:false
1841 http fetch GET 200 https://registry.npmjs.org/browserslist 461ms (cache miss)
1842 silly packumentCache full:https://registry.npmjs.org/browserslist set size:undefined disposed:false
1843 http cache https://registry.npmjs.org/@babel%2fhelper-validator-identifier 9ms (cache hit)
1844 silly packumentCache full:https://registry.npmjs.org/@babel%2fhelper-validator-identifier set size:108996 disposed:false
1845 http fetch GET 200 https://registry.npmjs.org/@babel%2fhelper-globals 100ms (cache miss)
1846 silly packumentCache full:https://registry.npmjs.org/@babel%2fhelper-globals set size:undefined disposed:false
1847 http fetch GET 200 https://registry.npmjs.org/@babel%2fhelper-module-imports 502ms (cache miss)
1848 silly packumentCache full:https://registry.npmjs.org/@babel%2fhelper-module-imports set size:undefined disposed:false
1849 http fetch GET 200 https://registry.npmjs.org/@babel%2fcompat-data 504ms (cache miss)
1850 silly packumentCache full:https://registry.npmjs.org/@babel%2fcompat-data set size:undefined disposed:false
1851 http fetch GET 200 https://registry.npmjs.org/@babel%2fhelper-string-parser 126ms (cache miss)
1852 silly packumentCache full:https://registry.npmjs.org/@babel%2fhelper-string-parser set size:undefined disposed:false
1853 http fetch GET 200 https://registry.npmjs.org/lru-cache 686ms (cache miss)
1854 silly packumentCache full:https://registry.npmjs.org/lru-cache set size:undefined disposed:false
1855 silly placeDep ROOT @babel/helper-validator-identifier@7.28.5 OK for: @babel/code-frame@7.27.1 want: ^7.27.1
1856 silly placeDep ROOT js-tokens@4.0.0 OK for: @babel/code-frame@7.27.1 want: ^4.0.0
1857 silly placeDep ROOT picocolors@1.1.1 OK for: @babel/code-frame@7.27.1 want: ^1.1.1
1858 silly placeDep ROOT jsesc@3.1.0 OK for: @babel/generator@7.28.5 want: ^3.0.2
1859 silly placeDep ROOT @babel/compat-data@7.28.5 OK for: @babel/helper-compilation-targets@7.27.2 want: ^7.27.2
1860 silly placeDep ROOT @babel/helper-validator-option@7.27.1 OK for: @babel/helper-compilation-targets@7.27.2 want: ^7.27.1
1861 silly placeDep ROOT browserslist@4.27.0 OK for: @babel/helper-compilation-targets@7.27.2 want: ^4.24.0
1862 silly placeDep ROOT lru-cache@5.1.1 OK for: @babel/helper-compilation-targets@7.27.2 want: ^5.1.1
1863 silly fetch manifest baseline-browser-mapping@^2.8.19
1864 silly packumentCache full:https://registry.npmjs.org/baseline-browser-mapping cache-miss
1865 silly fetch manifest caniuse-lite@^1.0.30001751
1866 silly packumentCache full:https://registry.npmjs.org/caniuse-lite cache-miss
1867 silly fetch manifest electron-to-chromium@^1.5.238
1868 silly packumentCache full:https://registry.npmjs.org/electron-to-chromium cache-miss
1869 silly fetch manifest node-releases@^2.0.26
1870 silly packumentCache full:https://registry.npmjs.org/node-releases cache-miss
1871 silly fetch manifest update-browserslist-db@^1.1.4
1872 silly packumentCache full:https://registry.npmjs.org/update-browserslist-db cache-miss
1873 silly fetch manifest yallist@^3.0.2
1874 silly packumentCache full:https://registry.npmjs.org/yallist cache-miss
1875 http cache https://registry.npmjs.org/caniuse-lite 9ms (cache hit)
1876 silly packumentCache full:https://registry.npmjs.org/caniuse-lite set size:2222092 disposed:false
1877 http fetch GET 200 https://registry.npmjs.org/yallist 85ms (cache miss)
1878 silly packumentCache full:https://registry.npmjs.org/yallist set size:undefined disposed:false
1879 http fetch GET 200 https://registry.npmjs.org/baseline-browser-mapping 166ms (cache miss)
1880 silly packumentCache full:https://registry.npmjs.org/baseline-browser-mapping set size:undefined disposed:false
1881 http fetch GET 200 https://registry.npmjs.org/update-browserslist-db 169ms (cache miss)
1882 silly packumentCache full:https://registry.npmjs.org/update-browserslist-db set size:undefined disposed:false
1883 http fetch GET 200 https://registry.npmjs.org/node-releases 442ms (cache miss)
1884 silly packumentCache full:https://registry.npmjs.org/node-releases set size:undefined disposed:false
1885 http fetch GET 200 https://registry.npmjs.org/electron-to-chromium 2801ms (cache miss)
1886 silly packumentCache full:https://registry.npmjs.org/electron-to-chromium set size:undefined disposed:false
1887 silly placeDep ROOT @babel/helper-module-imports@7.27.1 OK for: @babel/helper-module-transforms@7.28.3 want: ^7.27.1
1888 silly placeDep ROOT @babel/helper-globals@7.28.0 OK for: @babel/traverse@7.28.5 want: ^7.28.0
1889 silly placeDep ROOT @babel/helper-string-parser@7.27.1 OK for: @babel/types@7.28.5 want: ^7.27.1
1890 silly fetch manifest browserslist@>= 4.21.0
1891 silly packumentCache full:https://registry.npmjs.org/browserslist cache-miss
1892 http cache https://registry.npmjs.org/browserslist 5ms (cache hit)
1893 silly packumentCache full:https://registry.npmjs.org/browserslist set size:498935 disposed:false
1894 silly placeDep ROOT baseline-browser-mapping@2.8.23 OK for: browserslist@4.27.0 want: ^2.8.19
1895 silly placeDep ROOT caniuse-lite@1.0.30001753 OK for: browserslist@4.27.0 want: ^1.0.30001751
1896 silly placeDep ROOT electron-to-chromium@1.5.244 OK for: browserslist@4.27.0 want: ^1.5.238
1897 silly placeDep ROOT node-releases@2.0.27 OK for: browserslist@4.27.0 want: ^2.0.26
1898 silly placeDep ROOT update-browserslist-db@1.1.4 OK for: browserslist@4.27.0 want: ^1.1.4
1899 silly fetch manifest escalade@^3.2.0
1900 silly packumentCache full:https://registry.npmjs.org/escalade cache-miss
1901 http fetch GET 200 https://registry.npmjs.org/escalade 79ms (cache miss)
1902 silly packumentCache full:https://registry.npmjs.org/escalade set size:undefined disposed:false
1903 silly placeDep ROOT esrecurse@4.3.0 OK for: eslint-scope@8.4.0 want: ^4.3.0
1904 silly placeDep ROOT acorn@8.15.0 OK for: espree@10.4.0 want: ^8.15.0
1905 silly placeDep ROOT acorn-jsx@5.3.2 OK for: espree@10.4.0 want: ^5.3.2
1906 silly placeDep ROOT @nodelib/fs.stat@2.0.5 OK for: fast-glob@3.3.1 want: ^2.0.2
1907 silly placeDep ROOT @nodelib/fs.walk@1.2.8 OK for: fast-glob@3.3.1 want: ^1.2.3
1908 silly placeDep node_modules/fast-glob glob-parent@5.1.2 OK for: fast-glob@3.3.1 want: ^5.1.2
1909 silly placeDep ROOT merge2@1.4.1 OK for: fast-glob@3.3.1 want: ^1.3.0
1910 silly placeDep ROOT micromatch@4.0.8 OK for: fast-glob@3.3.1 want: ^4.0.4
1911 silly fetch manifest fastq@^1.6.0
1912 silly packumentCache full:https://registry.npmjs.org/fastq cache-miss
1913 silly fetch manifest @nodelib/fs.scandir@2.1.5
1914 silly packumentCache full:https://registry.npmjs.org/@nodelib%2ffs.scandir cache-miss
1915 silly fetch manifest braces@^3.0.3
1916 silly packumentCache full:https://registry.npmjs.org/braces cache-miss
1917 silly fetch manifest picomatch@^2.3.1
1918 silly packumentCache full:https://registry.npmjs.org/picomatch cache-miss
1919 http cache https://registry.npmjs.org/picomatch 3ms (cache hit)
1920 silly packumentCache full:https://registry.npmjs.org/picomatch set size:118818 disposed:false
1921 http fetch GET 200 https://registry.npmjs.org/@nodelib%2ffs.scandir 151ms (cache miss)
1922 silly packumentCache full:https://registry.npmjs.org/@nodelib%2ffs.scandir set size:undefined disposed:false
1923 http fetch GET 200 https://registry.npmjs.org/fastq 152ms (cache miss)
1924 silly packumentCache full:https://registry.npmjs.org/fastq set size:undefined disposed:false
1925 http fetch GET 200 https://registry.npmjs.org/braces 153ms (cache miss)
1926 silly packumentCache full:https://registry.npmjs.org/braces set size:undefined disposed:false
1927 silly placeDep ROOT @nodelib/fs.scandir@2.1.5 OK for: @nodelib/fs.walk@1.2.8 want: 2.1.5
1928 silly placeDep ROOT fastq@1.19.1 OK for: @nodelib/fs.walk@1.2.8 want: ^1.6.0
1929 silly fetch manifest run-parallel@^1.1.9
1930 silly packumentCache full:https://registry.npmjs.org/run-parallel cache-miss
1931 silly fetch manifest reusify@^1.0.4
1932 silly packumentCache full:https://registry.npmjs.org/reusify cache-miss
1933 http fetch GET 200 https://registry.npmjs.org/reusify 49ms (cache miss)
1934 silly packumentCache full:https://registry.npmjs.org/reusify set size:undefined disposed:false
1935 http fetch GET 200 https://registry.npmjs.org/run-parallel 77ms (cache miss)
1936 silly packumentCache full:https://registry.npmjs.org/run-parallel set size:undefined disposed:false
1937 silly placeDep ROOT run-parallel@1.2.0 OK for: @nodelib/fs.scandir@2.1.5 want: ^1.1.9
1938 silly fetch manifest queue-microtask@^1.2.2
1939 silly packumentCache full:https://registry.npmjs.org/queue-microtask cache-miss
1940 http fetch GET 200 https://registry.npmjs.org/queue-microtask 155ms (cache miss)
1941 silly packumentCache full:https://registry.npmjs.org/queue-microtask set size:undefined disposed:false
1942 silly placeDep ROOT reusify@1.1.0 OK for: fastq@1.19.1 want: ^1.0.4
1943 silly placeDep ROOT flat-cache@4.0.1 OK for: file-entry-cache@8.0.0 want: ^4.0.0
1944 silly fetch manifest keyv@^4.5.4
1945 silly packumentCache full:https://registry.npmjs.org/keyv cache-miss
1946 silly fetch manifest flatted@^3.2.9
1947 silly packumentCache full:https://registry.npmjs.org/flatted cache-miss
1948 http fetch GET 200 https://registry.npmjs.org/flatted 155ms (cache miss)
1949 silly packumentCache full:https://registry.npmjs.org/flatted set size:undefined disposed:false
1950 http fetch GET 200 https://registry.npmjs.org/keyv 237ms (cache miss)
1951 silly packumentCache full:https://registry.npmjs.org/keyv set size:undefined disposed:false
1952 silly placeDep ROOT locate-path@6.0.0 OK for: find-up@5.0.0 want: ^6.0.0
1953 silly placeDep ROOT path-exists@4.0.0 OK for: find-up@5.0.0 want: ^4.0.0
1954 silly fetch manifest p-locate@^5.0.0
1955 silly packumentCache full:https://registry.npmjs.org/p-locate cache-miss
1956 http fetch GET 200 https://registry.npmjs.org/p-locate 66ms (cache miss)
1957 silly packumentCache full:https://registry.npmjs.org/p-locate set size:undefined disposed:false
1958 silly placeDep ROOT flatted@3.3.3 OK for: flat-cache@4.0.1 want: ^3.2.9
1959 silly placeDep ROOT keyv@4.5.4 OK for: flat-cache@4.0.1 want: ^4.5.4
1960 silly fetch manifest json-buffer@3.0.1
1961 silly packumentCache full:https://registry.npmjs.org/json-buffer cache-miss
1962 http fetch GET 200 https://registry.npmjs.org/json-buffer 63ms (cache miss)
1963 silly packumentCache full:https://registry.npmjs.org/json-buffer set size:undefined disposed:false
1964 silly placeDep ROOT functions-have-names@1.2.3 OK for: function.prototype.name@1.1.8 want: ^1.2.3
1965 silly placeDep ROOT dunder-proto@1.0.1 OK for: get-proto@1.0.1 want: ^1.0.1
1966 silly placeDep ROOT resolve-pkg-maps@1.0.0 OK for: get-tsconfig@4.13.0 want: ^1.0.0
1967 silly placeDep ROOT hermes-estree@0.25.1 OK for: hermes-parser@0.25.1 want: 0.25.1
1968 silly placeDep ROOT parent-module@1.0.1 OK for: import-fresh@3.3.1 want: ^1.0.0
1969 silly placeDep ROOT resolve-from@4.0.0 OK for: import-fresh@3.3.1 want: ^4.0.0
1970 silly fetch manifest callsites@^3.0.0
1971 silly packumentCache full:https://registry.npmjs.org/callsites cache-miss
1972 http fetch GET 200 https://registry.npmjs.org/callsites 80ms (cache miss)
1973 silly packumentCache full:https://registry.npmjs.org/callsites set size:undefined disposed:false
1974 silly placeDep ROOT side-channel@1.1.0 OK for: internal-slot@1.1.0 want: ^1.1.0
1975 silly fetch manifest side-channel-list@^1.0.0
1976 silly packumentCache full:https://registry.npmjs.org/side-channel-list cache-miss
1977 silly fetch manifest side-channel-map@^1.0.1
1978 silly packumentCache full:https://registry.npmjs.org/side-channel-map cache-miss
1979 silly fetch manifest side-channel-weakmap@^1.0.2
1980 silly packumentCache full:https://registry.npmjs.org/side-channel-weakmap cache-miss
1981 http fetch GET 200 https://registry.npmjs.org/side-channel-map 49ms (cache miss)
1982 silly packumentCache full:https://registry.npmjs.org/side-channel-map set size:undefined disposed:false
1983 http fetch GET 200 https://registry.npmjs.org/side-channel-list 52ms (cache miss)
1984 silly packumentCache full:https://registry.npmjs.org/side-channel-list set size:undefined disposed:false
1985 http fetch GET 200 https://registry.npmjs.org/side-channel-weakmap 79ms (cache miss)
1986 silly packumentCache full:https://registry.npmjs.org/side-channel-weakmap set size:undefined disposed:false
1987 silly placeDep node_modules/is-bun-module semver@7.7.3 OK for: is-bun-module@2.0.0 want: ^7.7.1
1988 silly placeDep ROOT is-extglob@2.1.1 OK for: is-glob@4.0.3 want: ^2.1.1
1989 silly placeDep ROOT set-function-name@2.0.2 OK for: iterator.prototype@1.1.5 want: ^2.0.2
1990 silly placeDep ROOT argparse@2.0.1 OK for: js-yaml@4.1.0 want: ^2.0.1
1991 silly placeDep ROOT json-buffer@3.0.1 OK for: keyv@4.5.4 want: 3.0.1
1992 silly placeDep ROOT language-subtag-registry@0.3.23 OK for: language-tags@1.0.9 want: ^0.3.20
1993 silly placeDep ROOT prelude-ls@1.2.1 OK for: levn@0.4.1 want: ^1.2.1
1994 silly placeDep ROOT type-check@0.4.0 OK for: levn@0.4.1 want: ~0.4.0
1995 silly placeDep ROOT detect-libc@2.1.2 OK for: lightningcss@1.30.2 want: ^2.0.3
1996 silly placeDep ROOT lightningcss-android-arm64@1.30.2 OK for: lightningcss@1.30.2 want: 1.30.2
1997 silly placeDep ROOT lightningcss-darwin-arm64@1.30.2 OK for: lightningcss@1.30.2 want: 1.30.2
1998 silly placeDep ROOT lightningcss-darwin-x64@1.30.2 OK for: lightningcss@1.30.2 want: 1.30.2
1999 silly placeDep ROOT lightningcss-freebsd-x64@1.30.2 OK for: lightningcss@1.30.2 want: 1.30.2
2000 silly placeDep ROOT lightningcss-linux-arm-gnueabihf@1.30.2 OK for: lightningcss@1.30.2 want: 1.30.2
2001 silly placeDep ROOT lightningcss-linux-arm64-gnu@1.30.2 OK for: lightningcss@1.30.2 want: 1.30.2
2002 silly placeDep ROOT lightningcss-linux-arm64-musl@1.30.2 OK for: lightningcss@1.30.2 want: 1.30.2
2003 silly placeDep ROOT lightningcss-linux-x64-gnu@1.30.2 OK for: lightningcss@1.30.2 want: 1.30.2
2004 silly placeDep ROOT lightningcss-linux-x64-musl@1.30.2 OK for: lightningcss@1.30.2 want: 1.30.2
2005 silly placeDep ROOT lightningcss-win32-arm64-msvc@1.30.2 OK for: lightningcss@1.30.2 want: 1.30.2
2006 silly placeDep ROOT lightningcss-win32-x64-msvc@1.30.2 OK for: lightningcss@1.30.2 want: 1.30.2
2007 silly placeDep ROOT p-locate@5.0.0 OK for: locate-path@6.0.0 want: ^5.0.0
2008 silly fetch manifest p-limit@^3.0.2
2009 silly packumentCache full:https://registry.npmjs.org/p-limit cache-miss
2010 http fetch GET 200 https://registry.npmjs.org/p-limit 152ms (cache miss)
2011 silly packumentCache full:https://registry.npmjs.org/p-limit set size:undefined disposed:false
2012 silly placeDep ROOT yallist@3.1.1 OK for: lru-cache@5.1.1 want: ^3.0.2
2013 silly placeDep ROOT braces@3.0.3 OK for: micromatch@4.0.8 want: ^3.0.3
2014 silly placeDep ROOT picomatch@2.3.1 OK for: micromatch@4.0.8 want: ^2.3.1
2015 silly fetch manifest fill-range@^7.1.1
2016 silly packumentCache full:https://registry.npmjs.org/fill-range cache-miss
2017 http fetch GET 200 https://registry.npmjs.org/fill-range 66ms (cache miss)
2018 silly packumentCache full:https://registry.npmjs.org/fill-range set size:undefined disposed:false
2019 silly placeDep ROOT fill-range@7.1.1 OK for: braces@3.0.3 want: ^7.1.1
2020 silly fetch manifest to-regex-range@^5.0.1
2021 silly packumentCache full:https://registry.npmjs.org/to-regex-range cache-miss
2022 http fetch GET 200 https://registry.npmjs.org/to-regex-range 101ms (cache miss)
2023 silly packumentCache full:https://registry.npmjs.org/to-regex-range set size:undefined disposed:false
2024 silly placeDep ROOT to-regex-range@5.0.1 OK for: fill-range@7.1.1 want: ^5.0.1
2025 silly fetch manifest is-number@^7.0.0
2026 silly packumentCache full:https://registry.npmjs.org/is-number cache-miss
2027 http fetch GET 200 https://registry.npmjs.org/is-number 71ms (cache miss)
2028 silly packumentCache full:https://registry.npmjs.org/is-number set size:undefined disposed:false
2029 silly placeDep ROOT brace-expansion@1.1.12 OK for: minimatch@3.1.2 want: ^1.1.7
2030 silly fetch manifest balanced-match@^1.0.0
2031 silly packumentCache full:https://registry.npmjs.org/balanced-match cache-miss
2032 silly fetch manifest concat-map@0.0.1
2033 silly packumentCache full:https://registry.npmjs.org/concat-map cache-miss
2034 http fetch GET 200 https://registry.npmjs.org/concat-map 73ms (cache miss)
2035 silly packumentCache full:https://registry.npmjs.org/concat-map set size:undefined disposed:false
2036 http fetch GET 200 https://registry.npmjs.org/balanced-match 75ms (cache miss)
2037 silly packumentCache full:https://registry.npmjs.org/balanced-match set size:undefined disposed:false
2038 silly placeDep ROOT balanced-match@1.0.2 OK for: brace-expansion@1.1.12 want: ^1.0.0
2039 silly placeDep ROOT concat-map@0.0.1 OK for: brace-expansion@1.1.12 want: 0.0.1
2040 silly fetch manifest react@^18.2.0 || 19.0.0-rc-de68d2f4-20241204 || ^19.0.0
2041 silly packumentCache full:https://registry.npmjs.org/react cache-miss
2042 http cache https://registry.npmjs.org/react 14ms (cache hit)
2043 silly packumentCache full:https://registry.npmjs.org/react set size:6220657 disposed:false
2044 silly placeDep ROOT @next/env@16.0.1 OK for: next@16.0.1 want: 16.0.1
2045 silly placeDep ROOT @next/swc-darwin-arm64@16.0.1 OK for: next@16.0.1 want: 16.0.1
2046 silly placeDep ROOT @next/swc-darwin-x64@16.0.1 OK for: next@16.0.1 want: 16.0.1
2047 silly placeDep ROOT @next/swc-linux-arm64-gnu@16.0.1 OK for: next@16.0.1 want: 16.0.1
2048 silly placeDep ROOT @next/swc-linux-arm64-musl@16.0.1 OK for: next@16.0.1 want: 16.0.1
2049 silly placeDep ROOT @next/swc-linux-x64-gnu@16.0.1 OK for: next@16.0.1 want: 16.0.1
2050 silly placeDep ROOT @next/swc-linux-x64-musl@16.0.1 OK for: next@16.0.1 want: 16.0.1
2051 silly placeDep ROOT @next/swc-win32-arm64-msvc@16.0.1 OK for: next@16.0.1 want: 16.0.1
2052 silly placeDep ROOT @next/swc-win32-x64-msvc@16.0.1 OK for: next@16.0.1 want: 16.0.1
2053 silly placeDep ROOT @swc/helpers@0.5.15 OK for: next@16.0.1 want: 0.5.15
2054 silly placeDep node_modules/next postcss@8.4.31 OK for: next@16.0.1 want: 8.4.31
2055 silly placeDep ROOT sharp@0.34.4 OK for: next@16.0.1 want: ^0.34.4
2056 silly placeDep ROOT styled-jsx@5.1.6 OK for: next@16.0.1 want: 5.1.6
2057 silly fetch manifest tslib@^2.8.0
2058 silly packumentCache full:https://registry.npmjs.org/tslib cache-miss
2059 silly fetch manifest nanoid@^3.3.6
2060 silly packumentCache full:https://registry.npmjs.org/nanoid cache-miss
2061 silly fetch manifest semver@^7.7.2
2062 silly packumentCache full:https://registry.npmjs.org/semver cache-hit
2063 silly fetch manifest @img/colour@^1.0.0
2064 silly packumentCache full:https://registry.npmjs.org/@img%2fcolour cache-miss
2065 silly fetch manifest @img/sharp-wasm32@0.34.4
2066 silly packumentCache full:https://registry.npmjs.org/@img%2fsharp-wasm32 cache-miss
2067 silly fetch manifest @img/sharp-linux-arm@0.34.4
2068 silly packumentCache full:https://registry.npmjs.org/@img%2fsharp-linux-arm cache-miss
2069 silly fetch manifest @img/sharp-linux-x64@0.34.4
2070 silly packumentCache full:https://registry.npmjs.org/@img%2fsharp-linux-x64 cache-miss
2071 silly fetch manifest @img/sharp-win32-x64@0.34.4
2072 silly packumentCache full:https://registry.npmjs.org/@img%2fsharp-win32-x64 cache-miss
2073 silly fetch manifest @img/sharp-darwin-x64@0.34.4
2074 silly packumentCache full:https://registry.npmjs.org/@img%2fsharp-darwin-x64 cache-miss
2075 silly fetch manifest @img/sharp-win32-ia32@0.34.4
2076 silly packumentCache full:https://registry.npmjs.org/@img%2fsharp-win32-ia32 cache-miss
2077 http cache https://registry.npmjs.org/nanoid 6ms (cache hit)
2078 silly packumentCache full:https://registry.npmjs.org/nanoid set size:298419 disposed:false
2079 silly fetch manifest @img/sharp-linux-arm64@0.34.4
2080 silly packumentCache full:https://registry.npmjs.org/@img%2fsharp-linux-arm64 cache-miss
2081 http fetch GET 200 https://registry.npmjs.org/@img%2fcolour 121ms (cache miss)
2082 silly packumentCache full:https://registry.npmjs.org/@img%2fcolour set size:undefined disposed:false
2083 silly fetch manifest @img/sharp-linux-ppc64@0.34.4
2084 silly packumentCache full:https://registry.npmjs.org/@img%2fsharp-linux-ppc64 cache-miss
2085 http fetch GET 200 https://registry.npmjs.org/@img%2fsharp-linux-x64 121ms (cache miss)
2086 silly packumentCache full:https://registry.npmjs.org/@img%2fsharp-linux-x64 set size:undefined disposed:false
2087 silly fetch manifest @img/sharp-linux-s390x@0.34.4
2088 silly packumentCache full:https://registry.npmjs.org/@img%2fsharp-linux-s390x cache-miss
2089 http fetch GET 200 https://registry.npmjs.org/tslib 124ms (cache miss)
2090 silly packumentCache full:https://registry.npmjs.org/tslib set size:undefined disposed:false
2091 silly fetch manifest @img/sharp-win32-arm64@0.34.4
2092 silly packumentCache full:https://registry.npmjs.org/@img%2fsharp-win32-arm64 cache-miss
2093 http fetch GET 200 https://registry.npmjs.org/@img%2fsharp-linux-arm 194ms (cache miss)
2094 silly packumentCache full:https://registry.npmjs.org/@img%2fsharp-linux-arm set size:undefined disposed:false
2095 silly fetch manifest @img/sharp-darwin-arm64@0.34.4
2096 silly packumentCache full:https://registry.npmjs.org/@img%2fsharp-darwin-arm64 cache-miss
2097 http fetch GET 200 https://registry.npmjs.org/@img%2fsharp-win32-x64 195ms (cache miss)
2098 silly packumentCache full:https://registry.npmjs.org/@img%2fsharp-win32-x64 set size:undefined disposed:false
2099 silly fetch manifest @img/sharp-linuxmusl-x64@0.34.4
2100 silly packumentCache full:https://registry.npmjs.org/@img%2fsharp-linuxmusl-x64 cache-miss
2101 http fetch GET 200 https://registry.npmjs.org/@img%2fsharp-wasm32 196ms (cache miss)
2102 silly packumentCache full:https://registry.npmjs.org/@img%2fsharp-wasm32 set size:undefined disposed:false
2103 silly fetch manifest @img/sharp-linuxmusl-arm64@0.34.4
2104 silly packumentCache full:https://registry.npmjs.org/@img%2fsharp-linuxmusl-arm64 cache-miss
2105 http fetch GET 200 https://registry.npmjs.org/@img%2fsharp-win32-ia32 197ms (cache miss)
2106 silly packumentCache full:https://registry.npmjs.org/@img%2fsharp-win32-ia32 set size:undefined disposed:false
2107 silly fetch manifest @img/sharp-libvips-linux-arm@1.2.3
2108 silly packumentCache full:https://registry.npmjs.org/@img%2fsharp-libvips-linux-arm cache-miss
2109 http fetch GET 200 https://registry.npmjs.org/@img%2fsharp-linux-arm64 190ms (cache miss)
2110 silly packumentCache full:https://registry.npmjs.org/@img%2fsharp-linux-arm64 set size:undefined disposed:false
2111 silly fetch manifest @img/sharp-libvips-linux-x64@1.2.3
2112 silly packumentCache full:https://registry.npmjs.org/@img%2fsharp-libvips-linux-x64 cache-miss
2113 http fetch GET 200 https://registry.npmjs.org/@img%2fsharp-darwin-x64 199ms (cache miss)
2114 silly packumentCache full:https://registry.npmjs.org/@img%2fsharp-darwin-x64 set size:undefined disposed:false
2115 silly fetch manifest @img/sharp-libvips-darwin-x64@1.2.3
2116 silly packumentCache full:https://registry.npmjs.org/@img%2fsharp-libvips-darwin-x64 cache-miss
2117 http fetch GET 200 https://registry.npmjs.org/@img%2fsharp-win32-arm64 187ms (cache miss)
2118 silly packumentCache full:https://registry.npmjs.org/@img%2fsharp-win32-arm64 set size:undefined disposed:false
2119 silly fetch manifest @img/sharp-libvips-linux-arm64@1.2.3
2120 silly packumentCache full:https://registry.npmjs.org/@img%2fsharp-libvips-linux-arm64 cache-miss
2121 http fetch GET 200 https://registry.npmjs.org/@img%2fsharp-libvips-darwin-x64 114ms (cache miss)
2122 silly packumentCache full:https://registry.npmjs.org/@img%2fsharp-libvips-darwin-x64 set size:undefined disposed:false
2123 silly fetch manifest @img/sharp-libvips-linux-ppc64@1.2.3
2124 silly packumentCache full:https://registry.npmjs.org/@img%2fsharp-libvips-linux-ppc64 cache-miss
2125 http fetch GET 200 https://registry.npmjs.org/@img%2fsharp-libvips-linux-x64 115ms (cache miss)
2126 silly packumentCache full:https://registry.npmjs.org/@img%2fsharp-libvips-linux-x64 set size:undefined disposed:false
2127 silly fetch manifest @img/sharp-libvips-linux-s390x@1.2.3
2128 silly packumentCache full:https://registry.npmjs.org/@img%2fsharp-libvips-linux-s390x cache-miss
2129 http fetch GET 200 https://registry.npmjs.org/@img%2fsharp-darwin-arm64 119ms (cache miss)
2130 silly packumentCache full:https://registry.npmjs.org/@img%2fsharp-darwin-arm64 set size:undefined disposed:false
2131 silly fetch manifest @img/sharp-libvips-darwin-arm64@1.2.3
2132 silly packumentCache full:https://registry.npmjs.org/@img%2fsharp-libvips-darwin-arm64 cache-miss
2133 http fetch GET 200 https://registry.npmjs.org/@img%2fsharp-libvips-linux-arm 118ms (cache miss)
2134 silly packumentCache full:https://registry.npmjs.org/@img%2fsharp-libvips-linux-arm set size:undefined disposed:false
2135 silly fetch manifest @img/sharp-libvips-linuxmusl-x64@1.2.3
2136 silly packumentCache full:https://registry.npmjs.org/@img%2fsharp-libvips-linuxmusl-x64 cache-miss
2137 http fetch GET 200 https://registry.npmjs.org/@img%2fsharp-linux-ppc64 195ms (cache miss)
2138 silly packumentCache full:https://registry.npmjs.org/@img%2fsharp-linux-ppc64 set size:undefined disposed:false
2139 silly fetch manifest @img/sharp-libvips-linuxmusl-arm64@1.2.3
2140 silly packumentCache full:https://registry.npmjs.org/@img%2fsharp-libvips-linuxmusl-arm64 cache-miss
2141 http fetch GET 200 https://registry.npmjs.org/@img%2fsharp-linuxmusl-arm64 123ms (cache miss)
2142 silly packumentCache full:https://registry.npmjs.org/@img%2fsharp-linuxmusl-arm64 set size:undefined disposed:false
2143 silly fetch manifest client-only@0.0.1
2144 silly packumentCache full:https://registry.npmjs.org/client-only cache-miss
2145 http fetch GET 200 https://registry.npmjs.org/@img%2fsharp-linux-s390x 198ms (cache miss)
2146 silly packumentCache full:https://registry.npmjs.org/@img%2fsharp-linux-s390x set size:undefined disposed:false
2147 http fetch GET 200 https://registry.npmjs.org/@img%2fsharp-libvips-darwin-arm64 123ms (cache miss)
2148 silly packumentCache full:https://registry.npmjs.org/@img%2fsharp-libvips-darwin-arm64 set size:undefined disposed:false
2149 http fetch GET 200 https://registry.npmjs.org/@img%2fsharp-libvips-linux-ppc64 126ms (cache miss)
2150 silly packumentCache full:https://registry.npmjs.org/@img%2fsharp-libvips-linux-ppc64 set size:undefined disposed:false
2151 http fetch GET 200 https://registry.npmjs.org/@img%2fsharp-libvips-linuxmusl-x64 125ms (cache miss)
2152 silly packumentCache full:https://registry.npmjs.org/@img%2fsharp-libvips-linuxmusl-x64 set size:undefined disposed:false
2153 http fetch GET 200 https://registry.npmjs.org/@img%2fsharp-libvips-linux-arm64 128ms (cache miss)
2154 silly packumentCache full:https://registry.npmjs.org/@img%2fsharp-libvips-linux-arm64 set size:undefined disposed:false
2155 http fetch GET 200 https://registry.npmjs.org/client-only 122ms (cache miss)
2156 silly packumentCache full:https://registry.npmjs.org/client-only set size:undefined disposed:false
2157 http fetch GET 200 https://registry.npmjs.org/@img%2fsharp-linuxmusl-x64 279ms (cache miss)
2158 silly packumentCache full:https://registry.npmjs.org/@img%2fsharp-linuxmusl-x64 set size:undefined disposed:false
2159 http fetch GET 200 https://registry.npmjs.org/@img%2fsharp-libvips-linuxmusl-arm64 412ms (cache miss)
2160 silly packumentCache full:https://registry.npmjs.org/@img%2fsharp-libvips-linuxmusl-arm64 set size:undefined disposed:false
2161 http fetch GET 200 https://registry.npmjs.org/@img%2fsharp-libvips-linux-s390x 607ms (cache miss)
2162 silly packumentCache full:https://registry.npmjs.org/@img%2fsharp-libvips-linux-s390x set size:undefined disposed:false
2163 silly placeDep ROOT tslib@2.8.1 OK for: @swc/helpers@0.5.15 want: ^2.8.0
2164 silly placeDep ROOT deep-is@0.1.4 OK for: optionator@0.9.4 want: ^0.1.3
2165 silly placeDep ROOT fast-levenshtein@2.0.6 OK for: optionator@0.9.4 want: ^2.0.6
2166 silly placeDep ROOT word-wrap@1.2.5 OK for: optionator@0.9.4 want: ^1.2.5
2167 silly placeDep ROOT p-limit@3.1.0 OK for: p-locate@5.0.0 want: ^3.0.2
2168 silly fetch manifest yocto-queue@^0.1.0
2169 silly packumentCache full:https://registry.npmjs.org/yocto-queue cache-miss
2170 http fetch GET 200 https://registry.npmjs.org/yocto-queue 132ms (cache miss)
2171 silly packumentCache full:https://registry.npmjs.org/yocto-queue set size:undefined disposed:false
2172 silly placeDep ROOT yocto-queue@0.1.0 OK for: p-limit@3.1.0 want: ^0.1.0
2173 silly placeDep ROOT callsites@3.1.0 OK for: parent-module@1.0.1 want: ^3.0.0
2174 silly placeDep ROOT nanoid@3.3.11 OK for: postcss@8.5.6 want: ^3.3.11
2175 silly placeDep ROOT loose-envify@1.4.0 OK for: prop-types@15.8.1 want: ^1.4.0
2176 silly placeDep ROOT object-assign@4.1.1 OK for: prop-types@15.8.1 want: ^4.1.1
2177 silly placeDep ROOT react-is@16.13.1 OK for: prop-types@15.8.1 want: ^16.13.1
2178 silly placeDep ROOT scheduler@0.27.0 OK for: react-dom@19.2.0 want: ^0.27.0
2179 silly placeDep ROOT path-parse@1.0.7 OK for: resolve@1.22.11 want: ^1.0.7
2180 silly placeDep ROOT supports-preserve-symlinks-flag@1.0.0 OK for: resolve@1.22.11 want: ^1.0.0
2181 silly placeDep ROOT queue-microtask@1.2.3 OK for: run-parallel@1.2.0 want: ^1.2.2
2182 silly placeDep ROOT isarray@2.0.5 OK for: safe-array-concat@1.1.3 want: ^2.0.5
2183 silly placeDep ROOT @img/colour@1.0.0 OK for: sharp@0.34.4 want: ^1.0.0
2184 silly placeDep ROOT @img/sharp-darwin-arm64@0.34.4 OK for: sharp@0.34.4 want: 0.34.4
2185 silly placeDep ROOT @img/sharp-darwin-x64@0.34.4 OK for: sharp@0.34.4 want: 0.34.4
2186 silly placeDep ROOT @img/sharp-libvips-darwin-arm64@1.2.3 OK for: sharp@0.34.4 want: 1.2.3
2187 silly placeDep ROOT @img/sharp-libvips-darwin-x64@1.2.3 OK for: sharp@0.34.4 want: 1.2.3
2188 silly placeDep ROOT @img/sharp-libvips-linux-arm@1.2.3 OK for: sharp@0.34.4 want: 1.2.3
2189 silly placeDep ROOT @img/sharp-libvips-linux-arm64@1.2.3 OK for: sharp@0.34.4 want: 1.2.3
2190 silly placeDep ROOT @img/sharp-libvips-linux-ppc64@1.2.3 OK for: sharp@0.34.4 want: 1.2.3
2191 silly placeDep ROOT @img/sharp-libvips-linux-s390x@1.2.3 OK for: sharp@0.34.4 want: 1.2.3
2192 silly placeDep ROOT @img/sharp-libvips-linux-x64@1.2.3 OK for: sharp@0.34.4 want: 1.2.3
2193 silly placeDep ROOT @img/sharp-libvips-linuxmusl-arm64@1.2.3 OK for: sharp@0.34.4 want: 1.2.3
2194 silly placeDep ROOT @img/sharp-libvips-linuxmusl-x64@1.2.3 OK for: sharp@0.34.4 want: 1.2.3
2195 silly placeDep ROOT @img/sharp-linux-arm@0.34.4 OK for: sharp@0.34.4 want: 0.34.4
2196 silly placeDep ROOT @img/sharp-linux-arm64@0.34.4 OK for: sharp@0.34.4 want: 0.34.4
2197 silly placeDep ROOT @img/sharp-linux-ppc64@0.34.4 OK for: sharp@0.34.4 want: 0.34.4
2198 silly placeDep ROOT @img/sharp-linux-s390x@0.34.4 OK for: sharp@0.34.4 want: 0.34.4
2199 silly placeDep ROOT @img/sharp-linux-x64@0.34.4 OK for: sharp@0.34.4 want: 0.34.4
2200 silly placeDep ROOT @img/sharp-linuxmusl-arm64@0.34.4 OK for: sharp@0.34.4 want: 0.34.4
2201 silly placeDep ROOT @img/sharp-linuxmusl-x64@0.34.4 OK for: sharp@0.34.4 want: 0.34.4
2202 silly placeDep ROOT @img/sharp-wasm32@0.34.4 OK for: sharp@0.34.4 want: 0.34.4
2203 silly placeDep ROOT @img/sharp-win32-arm64@0.34.4 OK for: sharp@0.34.4 want: 0.34.4
2204 silly placeDep ROOT @img/sharp-win32-ia32@0.34.4 OK for: sharp@0.34.4 want: 0.34.4
2205 silly placeDep ROOT @img/sharp-win32-x64@0.34.4 OK for: sharp@0.34.4 want: 0.34.4
2206 silly placeDep node_modules/sharp semver@7.7.3 OK for: sharp@0.34.4 want: ^7.7.2
2207 silly fetch manifest @emnapi/runtime@^1.5.0
2208 silly packumentCache full:https://registry.npmjs.org/@emnapi%2fruntime cache-miss
2209 http fetch GET 200 https://registry.npmjs.org/@emnapi%2fruntime 185ms (cache miss)
2210 silly packumentCache full:https://registry.npmjs.org/@emnapi%2fruntime set size:undefined disposed:false
2211 silly placeDep ROOT @emnapi/runtime@1.7.0 OK for: @img/sharp-wasm32@0.34.4 want: ^1.5.0
2212 silly placeDep ROOT shebang-regex@3.0.0 OK for: shebang-command@2.0.0 want: ^3.0.0
2213 silly placeDep ROOT side-channel-list@1.0.0 OK for: side-channel@1.1.0 want: ^1.0.0
2214 silly placeDep ROOT side-channel-map@1.0.1 OK for: side-channel@1.1.0 want: ^1.0.1
2215 silly placeDep ROOT side-channel-weakmap@1.0.2 OK for: side-channel@1.1.0 want: ^1.0.2
2216 silly placeDep ROOT client-only@0.0.1 OK for: styled-jsx@5.1.6 want: 0.0.1
2217 silly placeDep ROOT has-flag@4.0.0 OK for: supports-color@7.2.0 want: ^4.0.0
2218 silly placeDep node_modules/tinyglobby fdir@6.5.0 OK for: tinyglobby@0.2.15 want: ^6.5.0
2219 silly placeDep node_modules/tinyglobby picomatch@4.0.3 OK for: fdir@6.5.0 want: ^3 || ^4
2220 silly placeDep ROOT is-number@7.0.0 OK for: to-regex-range@5.0.1 want: ^7.0.0
2221 silly placeDep ROOT @types/json5@0.0.29 OK for: tsconfig-paths@3.15.0 want: ^0.0.29
2222 silly placeDep node_modules/tsconfig-paths json5@1.0.2 OK for: tsconfig-paths@3.15.0 want: ^1.0.2
2223 silly placeDep ROOT minimist@1.2.8 OK for: tsconfig-paths@3.15.0 want: ^1.2.6
2224 silly placeDep ROOT strip-bom@3.0.0 OK for: tsconfig-paths@3.15.0 want: ^3.0.0
2225 silly fetch manifest minimist@^1.2.0
2226 silly packumentCache full:https://registry.npmjs.org/minimist cache-miss
2227 http cache https://registry.npmjs.org/minimist 2ms (cache hit)
2228 silly packumentCache full:https://registry.npmjs.org/minimist set size:77082 disposed:false
2229 silly placeDep ROOT for-each@0.3.5 OK for: typed-array-byte-length@1.0.3 want: ^0.3.3
2230 silly placeDep ROOT reflect.getprototypeof@1.0.10 OK for: typed-array-byte-offset@1.0.4 want: ^1.0.9
2231 silly fetch manifest which-builtin-type@^1.2.1
2232 silly packumentCache full:https://registry.npmjs.org/which-builtin-type cache-miss
2233 http fetch GET 200 https://registry.npmjs.org/which-builtin-type 84ms (cache miss)
2234 silly packumentCache full:https://registry.npmjs.org/which-builtin-type set size:undefined disposed:false
2235 silly placeDep ROOT which-builtin-type@1.2.1 OK for: reflect.getprototypeof@1.0.10 want: ^1.2.1
2236 silly fetch manifest is-async-function@^2.0.0
2237 silly packumentCache full:https://registry.npmjs.org/is-async-function cache-miss
2238 silly fetch manifest is-finalizationregistry@^1.1.0
2239 silly packumentCache full:https://registry.npmjs.org/is-finalizationregistry cache-miss
2240 silly fetch manifest is-generator-function@^1.0.10
2241 silly packumentCache full:https://registry.npmjs.org/is-generator-function cache-miss
2242 silly fetch manifest which-boxed-primitive@^1.1.0
2243 silly packumentCache full:https://registry.npmjs.org/which-boxed-primitive cache-miss
2244 silly fetch manifest which-collection@^1.0.2
2245 silly packumentCache full:https://registry.npmjs.org/which-collection cache-miss
2246 http cache https://registry.npmjs.org/which-boxed-primitive 5ms (cache hit)
2247 silly packumentCache full:https://registry.npmjs.org/which-boxed-primitive set size:19407 disposed:false
2248 http fetch GET 200 https://registry.npmjs.org/which-collection 110ms (cache miss)
2249 silly packumentCache full:https://registry.npmjs.org/which-collection set size:undefined disposed:false
2250 http fetch GET 200 https://registry.npmjs.org/is-finalizationregistry 111ms (cache miss)
2251 silly packumentCache full:https://registry.npmjs.org/is-finalizationregistry set size:undefined disposed:false
2252 http fetch GET 200 https://registry.npmjs.org/is-generator-function 112ms (cache miss)
2253 silly packumentCache full:https://registry.npmjs.org/is-generator-function set size:undefined disposed:false
2254 http fetch GET 200 https://registry.npmjs.org/is-async-function 114ms (cache miss)
2255 silly packumentCache full:https://registry.npmjs.org/is-async-function set size:undefined disposed:false
2256 silly fetch manifest eslint@^8.57.0 || ^9.0.0
2257 silly packumentCache full:https://registry.npmjs.org/eslint cache-miss
2258 http cache https://registry.npmjs.org/eslint 4ms (cache hit)
2259 silly packumentCache full:https://registry.npmjs.org/eslint set size:1866589 disposed:false
2260 silly fetch manifest typescript@>=4.8.4 <6.0.0
2261 silly packumentCache full:https://registry.npmjs.org/typescript cache-miss
2262 http cache https://registry.npmjs.org/typescript 17ms (cache hit)
2263 silly packumentCache full:https://registry.npmjs.org/typescript set size:14855165 disposed:false
2264 silly placeDep ROOT @typescript-eslint/eslint-plugin@8.46.2 OK for: typescript-eslint@8.46.2 want: 8.46.2
2265 silly placeDep ROOT @typescript-eslint/parser@8.46.2 OK for: @typescript-eslint/eslint-plugin@8.46.2 want: ^8.46.2
2266 silly placeDep ROOT @typescript-eslint/typescript-estree@8.46.2 OK for: typescript-eslint@8.46.2 want: 8.46.2
2267 silly placeDep ROOT @typescript-eslint/utils@8.46.2 OK for: typescript-eslint@8.46.2 want: 8.46.2
2268 silly fetch manifest @typescript-eslint/scope-manager@8.46.2
2269 silly packumentCache full:https://registry.npmjs.org/@typescript-eslint%2fscope-manager cache-miss
2270 silly fetch manifest @typescript-eslint/type-utils@8.46.2
2271 silly packumentCache full:https://registry.npmjs.org/@typescript-eslint%2ftype-utils cache-miss
2272 silly fetch manifest @typescript-eslint/visitor-keys@8.46.2
2273 silly packumentCache full:https://registry.npmjs.org/@typescript-eslint%2fvisitor-keys cache-miss
2274 silly fetch manifest graphemer@^1.4.0
2275 silly packumentCache full:https://registry.npmjs.org/graphemer cache-miss
2276 silly fetch manifest ignore@^7.0.0
2277 silly packumentCache full:https://registry.npmjs.org/ignore cache-miss
2278 silly fetch manifest ts-api-utils@^2.1.0
2279 silly packumentCache full:https://registry.npmjs.org/ts-api-utils cache-miss
2280 silly fetch manifest @typescript-eslint/scope-manager@8.46.2
2281 silly packumentCache full:https://registry.npmjs.org/@typescript-eslint%2fscope-manager cache-miss
2282 silly fetch manifest @typescript-eslint/types@8.46.2
2283 silly packumentCache full:https://registry.npmjs.org/@typescript-eslint%2ftypes cache-miss
2284 silly fetch manifest @typescript-eslint/visitor-keys@8.46.2
2285 silly packumentCache full:https://registry.npmjs.org/@typescript-eslint%2fvisitor-keys cache-miss
2286 http cache https://registry.npmjs.org/ignore 4ms (cache hit)
2287 silly packumentCache full:https://registry.npmjs.org/ignore set size:237380 disposed:false
2288 silly fetch manifest @typescript-eslint/project-service@8.46.2
2289 silly packumentCache full:https://registry.npmjs.org/@typescript-eslint%2fproject-service cache-miss
2290 http fetch GET 200 https://registry.npmjs.org/graphemer 167ms (cache miss)
2291 silly packumentCache full:https://registry.npmjs.org/graphemer set size:undefined disposed:false
2292 silly fetch manifest @typescript-eslint/tsconfig-utils@8.46.2
2293 silly packumentCache full:https://registry.npmjs.org/@typescript-eslint%2ftsconfig-utils cache-miss
2294 http fetch GET 200 https://registry.npmjs.org/ts-api-utils 341ms (cache miss)
2295 silly packumentCache full:https://registry.npmjs.org/ts-api-utils set size:undefined disposed:false
2296 silly fetch manifest @typescript-eslint/types@8.46.2
2297 silly packumentCache full:https://registry.npmjs.org/@typescript-eslint%2ftypes cache-miss
2298 http fetch GET 200 https://registry.npmjs.org/@typescript-eslint%2fproject-service 729ms (cache miss)
2299 silly packumentCache full:https://registry.npmjs.org/@typescript-eslint%2fproject-service set size:undefined disposed:false
2300 silly fetch manifest @typescript-eslint/visitor-keys@8.46.2
2301 silly packumentCache full:https://registry.npmjs.org/@typescript-eslint%2fvisitor-keys cache-miss
2302 http fetch GET 200 https://registry.npmjs.org/@typescript-eslint%2ftsconfig-utils 1213ms (cache miss)
2303 silly packumentCache full:https://registry.npmjs.org/@typescript-eslint%2ftsconfig-utils set size:undefined disposed:false
2304 silly fetch manifest fast-glob@^3.3.2
2305 silly packumentCache full:https://registry.npmjs.org/fast-glob cache-miss
2306 http cache https://registry.npmjs.org/fast-glob 4ms (cache hit)
2307 silly packumentCache full:https://registry.npmjs.org/fast-glob set size:220556 disposed:false
2308 silly fetch manifest minimatch@^9.0.4
2309 silly packumentCache full:https://registry.npmjs.org/minimatch cache-miss
2310 http cache https://registry.npmjs.org/minimatch 4ms (cache hit)
2311 silly packumentCache full:https://registry.npmjs.org/minimatch set size:303959 disposed:false
2312 silly fetch manifest semver@^7.6.0
2313 silly packumentCache full:https://registry.npmjs.org/semver cache-hit
2314 silly fetch manifest @typescript-eslint/scope-manager@8.46.2
2315 silly packumentCache full:https://registry.npmjs.org/@typescript-eslint%2fscope-manager cache-miss
2316 http fetch GET 200 https://registry.npmjs.org/@typescript-eslint%2ftype-utils 7755ms (cache miss)
2317 silly packumentCache full:https://registry.npmjs.org/@typescript-eslint%2ftype-utils set size:undefined disposed:false
2318 silly fetch manifest @typescript-eslint/types@8.46.2
2319 silly packumentCache full:https://registry.npmjs.org/@typescript-eslint%2ftypes cache-miss
2320 http fetch GET 200 https://registry.npmjs.org/@typescript-eslint%2fscope-manager 8969ms (cache miss)
2321 silly packumentCache full:https://registry.npmjs.org/@typescript-eslint%2fscope-manager set size:undefined disposed:false
2322 http fetch GET 200 https://registry.npmjs.org/@typescript-eslint%2fscope-manager 9153ms (cache miss)
2323 silly packumentCache full:https://registry.npmjs.org/@typescript-eslint%2fscope-manager set size:undefined disposed:false
2324 http fetch GET 200 https://registry.npmjs.org/@typescript-eslint%2fvisitor-keys 9280ms (cache miss)
2325 silly packumentCache full:https://registry.npmjs.org/@typescript-eslint%2fvisitor-keys set size:undefined disposed:false
2326 http fetch GET 200 https://registry.npmjs.org/@typescript-eslint%2fvisitor-keys 10275ms (cache miss)
2327 silly packumentCache full:https://registry.npmjs.org/@typescript-eslint%2fvisitor-keys set size:undefined disposed:false
2328 http fetch GET 200 https://registry.npmjs.org/@typescript-eslint%2fscope-manager 9225ms (cache miss)
2329 silly packumentCache full:https://registry.npmjs.org/@typescript-eslint%2fscope-manager set size:undefined disposed:false
2330 http fetch GET 200 https://registry.npmjs.org/@typescript-eslint%2ftypes 11003ms (cache miss)
2331 silly packumentCache full:https://registry.npmjs.org/@typescript-eslint%2ftypes set size:undefined disposed:false
2332 http fetch GET 200 https://registry.npmjs.org/@typescript-eslint%2ftypes 3273ms (cache miss)
2333 silly packumentCache full:https://registry.npmjs.org/@typescript-eslint%2ftypes set size:undefined disposed:false
2334 http fetch GET 200 https://registry.npmjs.org/@typescript-eslint%2ftypes 11613ms (cache miss)
2335 silly packumentCache full:https://registry.npmjs.org/@typescript-eslint%2ftypes set size:undefined disposed:false
2336 http fetch GET 200 https://registry.npmjs.org/@typescript-eslint%2fvisitor-keys 13325ms (cache miss)
2337 silly packumentCache full:https://registry.npmjs.org/@typescript-eslint%2fvisitor-keys set size:undefined disposed:false
2338 silly placeDep ROOT @typescript-eslint/scope-manager@8.46.2 OK for: @typescript-eslint/eslint-plugin@8.46.2 want: 8.46.2
2339 silly placeDep ROOT @typescript-eslint/type-utils@8.46.2 OK for: @typescript-eslint/eslint-plugin@8.46.2 want: 8.46.2
2340 silly placeDep ROOT @typescript-eslint/visitor-keys@8.46.2 OK for: @typescript-eslint/eslint-plugin@8.46.2 want: 8.46.2
2341 silly placeDep ROOT graphemer@1.4.0 OK for: @typescript-eslint/eslint-plugin@8.46.2 want: ^1.4.0
2342 silly placeDep node_modules/@typescript-eslint/eslint-plugin ignore@7.0.5 OK for: @typescript-eslint/eslint-plugin@8.46.2 want: ^7.0.0
2343 silly placeDep ROOT ts-api-utils@2.1.0 OK for: @typescript-eslint/eslint-plugin@8.46.2 want: ^2.1.0
2344 silly placeDep ROOT @typescript-eslint/types@8.46.2 OK for: @typescript-eslint/parser@8.46.2 want: 8.46.2
2345 silly placeDep ROOT @typescript-eslint/project-service@8.46.2 OK for: @typescript-eslint/typescript-estree@8.46.2 want: 8.46.2
2346 silly placeDep ROOT @typescript-eslint/tsconfig-utils@8.46.2 OK for: @typescript-eslint/typescript-estree@8.46.2 want: 8.46.2
2347 silly placeDep node_modules/@typescript-eslint/typescript-estree fast-glob@3.3.3 OK for: @typescript-eslint/typescript-estree@8.46.2 want: ^3.3.2
2348 silly placeDep node_modules/@typescript-eslint/typescript-estree minimatch@9.0.5 OK for: @typescript-eslint/typescript-estree@8.46.2 want: ^9.0.4
2349 silly placeDep node_modules/@typescript-eslint/typescript-estree semver@7.7.3 OK for: @typescript-eslint/typescript-estree@8.46.2 want: ^7.6.0
2350 silly fetch manifest @typescript-eslint/tsconfig-utils@^8.46.2
2351 silly packumentCache full:https://registry.npmjs.org/@typescript-eslint%2ftsconfig-utils cache-miss
2352 silly fetch manifest brace-expansion@^2.0.1
2353 silly packumentCache full:https://registry.npmjs.org/brace-expansion cache-miss
2354 http cache https://registry.npmjs.org/@typescript-eslint%2ftsconfig-utils 3ms (cache hit)
2355 silly packumentCache full:https://registry.npmjs.org/@typescript-eslint%2ftsconfig-utils set size:505104 disposed:false
2356 http cache https://registry.npmjs.org/brace-expansion 5ms (cache hit)
2357 silly packumentCache full:https://registry.npmjs.org/brace-expansion set size:46250 disposed:false
2358 silly placeDep ROOT has-bigints@1.1.0 OK for: unbox-primitive@1.1.0 want: ^1.0.2
2359 silly placeDep ROOT which-boxed-primitive@1.1.1 OK for: unbox-primitive@1.1.0 want: ^1.1.1
2360 silly fetch manifest is-bigint@^1.1.0
2361 silly packumentCache full:https://registry.npmjs.org/is-bigint cache-miss
2362 silly fetch manifest is-boolean-object@^1.2.1
2363 silly packumentCache full:https://registry.npmjs.org/is-boolean-object cache-miss
2364 silly fetch manifest is-number-object@^1.1.1
2365 silly packumentCache full:https://registry.npmjs.org/is-number-object cache-miss
2366 http fetch GET 200 https://registry.npmjs.org/is-number-object 60ms (cache miss)
2367 silly packumentCache full:https://registry.npmjs.org/is-number-object set size:undefined disposed:false
2368 http fetch GET 200 https://registry.npmjs.org/is-boolean-object 62ms (cache miss)
2369 silly packumentCache full:https://registry.npmjs.org/is-boolean-object set size:undefined disposed:false
2370 http fetch GET 200 https://registry.npmjs.org/is-bigint 84ms (cache miss)
2371 silly packumentCache full:https://registry.npmjs.org/is-bigint set size:undefined disposed:false
2372 silly placeDep ROOT @unrs/resolver-binding-android-arm-eabi@1.11.1 OK for: unrs-resolver@1.11.1 want: 1.11.1
2373 silly placeDep ROOT @unrs/resolver-binding-android-arm64@1.11.1 OK for: unrs-resolver@1.11.1 want: 1.11.1
2374 silly placeDep ROOT @unrs/resolver-binding-darwin-arm64@1.11.1 OK for: unrs-resolver@1.11.1 want: 1.11.1
2375 silly placeDep ROOT @unrs/resolver-binding-darwin-x64@1.11.1 OK for: unrs-resolver@1.11.1 want: 1.11.1
2376 silly placeDep ROOT @unrs/resolver-binding-freebsd-x64@1.11.1 OK for: unrs-resolver@1.11.1 want: 1.11.1
2377 silly placeDep ROOT @unrs/resolver-binding-linux-arm-gnueabihf@1.11.1 OK for: unrs-resolver@1.11.1 want: 1.11.1
2378 silly placeDep ROOT @unrs/resolver-binding-linux-arm-musleabihf@1.11.1 OK for: unrs-resolver@1.11.1 want: 1.11.1
2379 silly placeDep ROOT @unrs/resolver-binding-linux-arm64-gnu@1.11.1 OK for: unrs-resolver@1.11.1 want: 1.11.1
2380 silly placeDep ROOT @unrs/resolver-binding-linux-arm64-musl@1.11.1 OK for: unrs-resolver@1.11.1 want: 1.11.1
2381 silly placeDep ROOT @unrs/resolver-binding-linux-ppc64-gnu@1.11.1 OK for: unrs-resolver@1.11.1 want: 1.11.1
2382 silly placeDep ROOT @unrs/resolver-binding-linux-riscv64-gnu@1.11.1 OK for: unrs-resolver@1.11.1 want: 1.11.1
2383 silly placeDep ROOT @unrs/resolver-binding-linux-riscv64-musl@1.11.1 OK for: unrs-resolver@1.11.1 want: 1.11.1
2384 silly placeDep ROOT @unrs/resolver-binding-linux-s390x-gnu@1.11.1 OK for: unrs-resolver@1.11.1 want: 1.11.1
2385 silly placeDep ROOT @unrs/resolver-binding-linux-x64-gnu@1.11.1 OK for: unrs-resolver@1.11.1 want: 1.11.1
2386 silly placeDep ROOT @unrs/resolver-binding-linux-x64-musl@1.11.1 OK for: unrs-resolver@1.11.1 want: 1.11.1
2387 silly placeDep ROOT @unrs/resolver-binding-wasm32-wasi@1.11.1 OK for: unrs-resolver@1.11.1 want: 1.11.1
2388 silly placeDep ROOT @unrs/resolver-binding-win32-arm64-msvc@1.11.1 OK for: unrs-resolver@1.11.1 want: 1.11.1
2389 silly placeDep ROOT @unrs/resolver-binding-win32-ia32-msvc@1.11.1 OK for: unrs-resolver@1.11.1 want: 1.11.1
2390 silly placeDep ROOT @unrs/resolver-binding-win32-x64-msvc@1.11.1 OK for: unrs-resolver@1.11.1 want: 1.11.1
2391 silly placeDep ROOT napi-postinstall@0.3.4 OK for: unrs-resolver@1.11.1 want: ^0.3.0
2392 silly fetch manifest @napi-rs/wasm-runtime@^0.2.11
2393 silly packumentCache full:https://registry.npmjs.org/@napi-rs%2fwasm-runtime cache-miss
2394 http fetch GET 200 https://registry.npmjs.org/@napi-rs%2fwasm-runtime 68ms (cache miss)
2395 silly packumentCache full:https://registry.npmjs.org/@napi-rs%2fwasm-runtime set size:undefined disposed:false
2396 silly placeDep ROOT @napi-rs/wasm-runtime@0.2.12 OK for: @unrs/resolver-binding-wasm32-wasi@1.11.1 want: ^0.2.11
2397 silly fetch manifest @emnapi/core@^1.4.3
2398 silly packumentCache full:https://registry.npmjs.org/@emnapi%2fcore cache-miss
2399 silly fetch manifest @tybys/wasm-util@^0.10.0
2400 silly packumentCache full:https://registry.npmjs.org/@tybys%2fwasm-util cache-miss
2401 http fetch GET 200 https://registry.npmjs.org/@emnapi%2fcore 108ms (cache miss)
2402 silly packumentCache full:https://registry.npmjs.org/@emnapi%2fcore set size:undefined disposed:false
2403 http fetch GET 200 https://registry.npmjs.org/@tybys%2fwasm-util 327ms (cache miss)
2404 silly packumentCache full:https://registry.npmjs.org/@tybys%2fwasm-util set size:undefined disposed:false
2405 silly placeDep ROOT @emnapi/core@1.7.0 OK for: @napi-rs/wasm-runtime@0.2.12 want: ^1.4.3
2406 silly placeDep ROOT @tybys/wasm-util@0.10.1 OK for: @napi-rs/wasm-runtime@0.2.12 want: ^0.10.0
2407 silly fetch manifest @emnapi/wasi-threads@1.1.0
2408 silly packumentCache full:https://registry.npmjs.org/@emnapi%2fwasi-threads cache-miss
2409 http fetch GET 200 https://registry.npmjs.org/@emnapi%2fwasi-threads 59ms (cache miss)
2410 silly packumentCache full:https://registry.npmjs.org/@emnapi%2fwasi-threads set size:undefined disposed:false
2411 silly placeDep ROOT @emnapi/wasi-threads@1.1.0 OK for: @emnapi/core@1.7.0 want: 1.1.0
2412 silly placeDep ROOT escalade@3.2.0 OK for: update-browserslist-db@1.1.4 want: ^3.2.0
2413 silly placeDep ROOT punycode@2.3.1 OK for: uri-js@4.4.1 want: ^2.1.0
2414 silly placeDep ROOT isexe@2.0.0 OK for: which@2.0.2 want: ^2.0.0
2415 silly placeDep ROOT is-bigint@1.1.0 OK for: which-boxed-primitive@1.1.1 want: ^1.1.0
2416 silly placeDep ROOT is-boolean-object@1.2.2 OK for: which-boxed-primitive@1.1.1 want: ^1.2.1
2417 silly placeDep ROOT is-number-object@1.1.1 OK for: which-boxed-primitive@1.1.1 want: ^1.1.1
2418 silly placeDep ROOT is-async-function@2.1.1 OK for: which-builtin-type@1.2.1 want: ^2.0.0
2419 silly placeDep ROOT is-finalizationregistry@1.1.1 OK for: which-builtin-type@1.2.1 want: ^1.1.0
2420 silly placeDep ROOT is-generator-function@1.1.2 OK for: which-builtin-type@1.2.1 want: ^1.0.10
2421 silly placeDep ROOT which-collection@1.0.2 OK for: which-builtin-type@1.2.1 want: ^1.0.2
2422 silly fetch manifest async-function@^1.0.0
2423 silly packumentCache full:https://registry.npmjs.org/async-function cache-miss
2424 silly fetch manifest generator-function@^2.0.0
2425 silly packumentCache full:https://registry.npmjs.org/generator-function cache-miss
2426 silly fetch manifest is-map@^2.0.3
2427 silly packumentCache full:https://registry.npmjs.org/is-map cache-miss
2428 silly fetch manifest is-weakmap@^2.0.2
2429 silly packumentCache full:https://registry.npmjs.org/is-weakmap cache-miss
2430 silly fetch manifest is-weakset@^2.0.3
2431 silly packumentCache full:https://registry.npmjs.org/is-weakset cache-miss
2432 http fetch GET 200 https://registry.npmjs.org/async-function 44ms (cache miss)
2433 silly packumentCache full:https://registry.npmjs.org/async-function set size:undefined disposed:false
2434 http fetch GET 200 https://registry.npmjs.org/generator-function 49ms (cache miss)
2435 silly packumentCache full:https://registry.npmjs.org/generator-function set size:undefined disposed:false
2436 http fetch GET 200 https://registry.npmjs.org/is-map 84ms (cache miss)
2437 silly packumentCache full:https://registry.npmjs.org/is-map set size:undefined disposed:false
2438 http fetch GET 200 https://registry.npmjs.org/is-weakmap 85ms (cache miss)
2439 silly packumentCache full:https://registry.npmjs.org/is-weakmap set size:undefined disposed:false
2440 http fetch GET 200 https://registry.npmjs.org/is-weakset 94ms (cache miss)
2441 silly packumentCache full:https://registry.npmjs.org/is-weakset set size:undefined disposed:false
2442 silly placeDep ROOT async-function@1.0.0 OK for: is-async-function@2.1.1 want: ^1.0.0
2443 silly placeDep ROOT generator-function@2.0.1 OK for: is-generator-function@1.1.2 want: ^2.0.0
2444 silly placeDep ROOT is-map@2.0.3 OK for: which-collection@1.0.2 want: ^2.0.3
2445 silly placeDep ROOT is-weakmap@2.0.2 OK for: which-collection@1.0.2 want: ^2.0.2
2446 silly placeDep ROOT is-weakset@2.0.4 OK for: which-collection@1.0.2 want: ^2.0.3
2447 silly placeDep node_modules/@typescript-eslint/typescript-estree glob-parent@5.1.2 OK for: fast-glob@3.3.3 want: ^5.1.2
2448 silly placeDep node_modules/@typescript-eslint/typescript-estree brace-expansion@2.0.2 OK for: minimatch@9.0.5 want: ^2.0.1
2449 silly reify moves {}
2450 verbose reify failed optional dependency /Users/yaramanisai/deals-demo/web/node_modules/@tailwindcss/oxide-wasm32-wasi
2451 silly reify mark deleted [
2451 silly reify   '/Users/yaramanisai/deals-demo/web/node_modules/@tailwindcss/oxide-wasm32-wasi'
2451 silly reify ]
2452 silly audit bulk request {
2452 silly audit   '@tailwindcss/postcss': [ '4.1.16' ],
2452 silly audit   '@types/node': [ '20.19.24' ],
2452 silly audit   '@types/react': [ '19.2.2' ],
2452 silly audit   '@types/react-dom': [ '19.2.2' ],
2452 silly audit   eslint: [ '9.39.0' ],
2452 silly audit   'eslint-config-next': [ '16.0.1' ],
2452 silly audit   next: [ '16.0.1' ],
2452 silly audit   react: [ '19.2.0' ],
2452 silly audit   'react-dom': [ '19.2.0' ],
2452 silly audit   tailwindcss: [ '4.1.16' ],
2452 silly audit   typescript: [ '5.9.3' ],
2452 silly audit   '@alloc/quick-lru': [ '5.2.0' ],
2452 silly audit   '@tailwindcss/node': [ '4.1.16' ],
2452 silly audit   '@tailwindcss/oxide': [ '4.1.16' ],
2452 silly audit   postcss: [ '8.5.6', '8.4.31' ],
2452 silly audit   '@jridgewell/remapping': [ '2.3.5' ],
2452 silly audit   'enhanced-resolve': [ '5.18.3' ],
2452 silly audit   jiti: [ '2.6.1' ],
2452 silly audit   lightningcss: [ '1.30.2' ],
2452 silly audit   'magic-string': [ '0.30.21' ],
2452 silly audit   'source-map-js': [ '1.2.1' ],
2452 silly audit   '@jridgewell/gen-mapping': [ '0.3.13' ],
2452 silly audit   '@jridgewell/trace-mapping': [ '0.3.31' ],
2452 silly audit   '@jridgewell/sourcemap-codec': [ '1.5.5' ],
2452 silly audit   '@jridgewell/resolve-uri': [ '3.1.2' ],
2452 silly audit   '@tailwindcss/oxide-android-arm64': [ '4.1.16' ],
2452 silly audit   '@tailwindcss/oxide-darwin-arm64': [ '4.1.16' ],
2452 silly audit   '@tailwindcss/oxide-darwin-x64': [ '4.1.16' ],
2452 silly audit   '@tailwindcss/oxide-freebsd-x64': [ '4.1.16' ],
2452 silly audit   '@tailwindcss/oxide-linux-arm-gnueabihf': [ '4.1.16' ],
2452 silly audit   '@tailwindcss/oxide-linux-arm64-gnu': [ '4.1.16' ],
2452 silly audit   '@tailwindcss/oxide-linux-arm64-musl': [ '4.1.16' ],
2452 silly audit   '@tailwindcss/oxide-linux-x64-gnu': [ '4.1.16' ],
2452 silly audit   '@tailwindcss/oxide-linux-x64-musl': [ '4.1.16' ],
2452 silly audit   '@tailwindcss/oxide-win32-arm64-msvc': [ '4.1.16' ],
2452 silly audit   '@tailwindcss/oxide-win32-x64-msvc': [ '4.1.16' ],
2452 silly audit   'undici-types': [ '6.21.0' ],
2452 silly audit   csstype: [ '3.1.3' ],
2452 silly audit   'graceful-fs': [ '4.2.11' ],
2452 silly audit   tapable: [ '2.3.0' ],
2452 silly audit   '@eslint-community/eslint-utils': [ '4.9.0' ],
2452 silly audit   '@eslint-community/regexpp': [ '4.12.2' ],
2452 silly audit   '@eslint/config-array': [ '0.21.1' ],
2452 silly audit   '@eslint/config-helpers': [ '0.4.2' ],
2452 silly audit   '@eslint/core': [ '0.17.0' ],
2452 silly audit   '@eslint/eslintrc': [ '3.3.1' ],
2452 silly audit   '@eslint/js': [ '9.39.0' ],
2452 silly audit   '@eslint/plugin-kit': [ '0.4.1' ],
2452 silly audit   '@humanfs/node': [ '0.16.7' ],
2452 silly audit   '@humanwhocodes/module-importer': [ '1.0.1' ],
2452 silly audit   '@humanwhocodes/retry': [ '0.4.3' ],
2452 silly audit   '@types/estree': [ '1.0.8' ],
2452 silly audit   ajv: [ '6.12.6' ],
2452 silly audit   chalk: [ '4.1.2' ],
2452 silly audit   'cross-spawn': [ '7.0.6' ],
2452 silly audit   debug: [ '4.4.3', '3.2.7' ],
2452 silly audit   'escape-string-regexp': [ '4.0.0' ],
2452 silly audit   'eslint-scope': [ '8.4.0' ],
2452 silly audit   'eslint-visitor-keys': [ '4.2.1', '3.4.3' ],
2452 silly audit   espree: [ '10.4.0' ],
2452 silly audit   esquery: [ '1.6.0' ],
2452 silly audit   esutils: [ '2.0.3' ],
2452 silly audit   'fast-deep-equal': [ '3.1.3' ],
2452 silly audit   'file-entry-cache': [ '8.0.0' ],
2452 silly audit   'find-up': [ '5.0.0' ],
2452 silly audit   'glob-parent': [ '6.0.2', '5.1.2' ],
2452 silly audit   ignore: [ '5.3.2', '7.0.5' ],
2452 silly audit   imurmurhash: [ '0.1.4' ],
2452 silly audit   'is-glob': [ '4.0.3' ],
2452 silly audit   'json-stable-stringify-without-jsonify': [ '1.0.1' ],
2452 silly audit   'lodash.merge': [ '4.6.2' ],
2452 silly audit   minimatch: [ '3.1.2', '9.0.5' ],
2452 silly audit   'natural-compare': [ '1.4.0' ],
2452 silly audit   optionator: [ '0.9.4' ],
2452 silly audit   '@eslint/object-schema': [ '2.1.7' ],
2452 silly audit   '@types/json-schema': [ '7.0.15' ],
2452 silly audit   globals: [ '14.0.0', '16.4.0' ],
2452 silly audit   'import-fresh': [ '3.3.1' ],
2452 silly audit   'js-yaml': [ '4.1.0' ],
2452 silly audit   'strip-json-comments': [ '3.1.1' ],
2452 silly audit   levn: [ '0.4.1' ],
2452 silly audit   '@humanfs/core': [ '0.19.1' ],
2452 silly audit   'fast-json-stable-stringify': [ '2.1.0' ],
2452 silly audit   'json-schema-traverse': [ '0.4.1' ],
2452 silly audit   'uri-js': [ '4.4.1' ],
2452 silly audit   'ansi-styles': [ '4.3.0' ],
2452 silly audit   'supports-color': [ '7.2.0' ],
2452 silly audit   'color-convert': [ '2.0.1' ],
2452 silly audit   'color-name': [ '1.1.4' ],
2452 silly audit   'path-key': [ '3.1.1' ],
2452 silly audit   'shebang-command': [ '2.0.0' ],
2452 silly audit   which: [ '2.0.2' ],
2452 silly audit   ms: [ '2.1.3' ],
2452 silly audit   '@next/eslint-plugin-next': [ '16.0.1' ],
2452 silly audit   'eslint-import-resolver-node': [ '0.3.9' ],
2452 silly audit   'eslint-import-resolver-typescript': [ '3.10.1' ],
2452 silly audit   'eslint-plugin-import': [ '2.32.0' ],
2452 silly audit   'eslint-plugin-jsx-a11y': [ '6.10.2' ],
2452 silly audit   'eslint-plugin-react': [ '7.37.5' ],
2452 silly audit   'eslint-plugin-react-hooks': [ '7.0.1' ],
2452 silly audit   'typescript-eslint': [ '8.46.2' ],
2452 silly audit   'fast-glob': [ '3.3.1', '3.3.3' ],
2452 silly audit   'is-core-module': [ '2.16.1' ],
2452 silly audit   resolve: [ '1.22.11', '2.0.0-next.5' ],
2452 silly audit   '@nolyfill/is-core-module': [ '1.0.39' ],
2452 silly audit   'get-tsconfig': [ '4.13.0' ],
2452 silly audit   'is-bun-module': [ '2.0.0' ],
2452 silly audit   'stable-hash': [ '0.0.5' ],
2452 silly audit   tinyglobby: [ '0.2.15' ],
2452 silly audit   'unrs-resolver': [ '1.11.1' ],
2452 silly audit   '@rtsao/scc': [ '1.1.0' ],
2452 silly audit   'array-includes': [ '3.1.9' ],
2452 silly audit   'array.prototype.findlastindex': [ '1.2.6' ],
2452 silly audit   'array.prototype.flat': [ '1.3.3' ],
2452 silly audit   'array.prototype.flatmap': [ '1.3.3' ],
2452 silly audit   doctrine: [ '2.1.0' ],
2452 silly audit   'eslint-module-utils': [ '2.12.1' ],
2452 silly audit   hasown: [ '2.0.2' ],
2452 silly audit   'object.fromentries': [ '2.0.8' ],
2452 silly audit   'object.groupby': [ '1.0.3' ],
2452 silly audit   'object.values': [ '1.2.1' ],
2452 silly audit   semver: [ '6.3.1', '7.7.3' ],
2452 silly audit   'string.prototype.trimend': [ '1.0.9' ],
2452 silly audit   'tsconfig-paths': [ '3.15.0' ],
2452 silly audit   'call-bind': [ '1.0.8' ],
2452 silly audit   'call-bound': [ '1.0.4' ],
2452 silly audit   'define-properties': [ '1.2.1' ],
2452 silly audit   'es-abstract': [ '1.24.0' ],
2452 silly audit   'es-object-atoms': [ '1.1.1' ],
2452 silly audit   'get-intrinsic': [ '1.3.0' ],
2452 silly audit   'is-string': [ '1.1.1' ],
2452 silly audit   'math-intrinsics': [ '1.1.0' ],
2452 silly audit   'es-errors': [ '1.3.0' ],
2452 silly audit   'es-shim-unscopables': [ '1.1.0' ],
2452 silly audit   'call-bind-apply-helpers': [ '1.0.2' ],
2452 silly audit   'es-define-property': [ '1.0.1' ],
2452 silly audit   'set-function-length': [ '1.2.2' ],
2452 silly audit   'function-bind': [ '1.1.2' ],
2452 silly audit   'define-data-property': [ '1.1.4' ],
2452 silly audit   'has-property-descriptors': [ '1.0.2' ],
2452 silly audit   'object-keys': [ '1.1.1' ],
2452 silly audit   gopd: [ '1.2.0' ],
2452 silly audit   'array-buffer-byte-length': [ '1.0.2' ],
2452 silly audit   'arraybuffer.prototype.slice': [ '1.0.4' ],
2452 silly audit   'available-typed-arrays': [ '1.0.7' ],
2452 silly audit   'data-view-buffer': [ '1.0.2' ],
2452 silly audit   'data-view-byte-length': [ '1.0.2' ],
2452 silly audit   'data-view-byte-offset': [ '1.0.1' ],
2452 silly audit   'es-set-tostringtag': [ '2.1.0' ],
2452 silly audit   'es-to-primitive': [ '1.3.0' ],
2452 silly audit   'function.prototype.name': [ '1.1.8' ],
2452 silly audit   'get-proto': [ '1.0.1' ],
2452 silly audit   'get-symbol-description': [ '1.1.0' ],
2452 silly audit   globalthis: [ '1.0.4' ],
2452 silly audit   'has-proto': [ '1.2.0' ],
2452 silly audit   'has-symbols': [ '1.1.0' ],
2452 silly audit   'internal-slot': [ '1.1.0' ],
2452 silly audit   'is-array-buffer': [ '3.0.5' ],
2452 silly audit   'is-callable': [ '1.2.7' ],
2452 silly audit   'is-data-view': [ '1.0.2' ],
2452 silly audit   'is-negative-zero': [ '2.0.3' ],
2452 silly audit   'is-regex': [ '1.2.1' ],
2452 silly audit   'is-set': [ '2.0.3' ],
2452 silly audit   'is-shared-array-buffer': [ '1.0.4' ],
2452 silly audit   'is-typed-array': [ '1.1.15' ],
2452 silly audit   'is-weakref': [ '1.1.1' ],
2452 silly audit   'object-inspect': [ '1.13.4' ],
2452 silly audit   'object.assign': [ '4.1.7' ],
2452 silly audit   'own-keys': [ '1.0.1' ],
2452 silly audit   'regexp.prototype.flags': [ '1.5.4' ],
2452 silly audit   'safe-array-concat': [ '1.1.3' ],
2452 silly audit   'safe-push-apply': [ '1.0.0' ],
2452 silly audit   'safe-regex-test': [ '1.1.0' ],
2452 silly audit   'set-proto': [ '1.0.0' ],
2452 silly audit   'stop-iteration-iterator': [ '1.1.0' ],
2452 silly audit   'string.prototype.trim': [ '1.2.10' ],
2452 silly audit   'string.prototype.trimstart': [ '1.0.8' ],
2452 silly audit   'typed-array-buffer': [ '1.0.3' ],
2452 silly audit   'typed-array-byte-length': [ '1.0.3' ],
2452 silly audit   'typed-array-byte-offset': [ '1.0.4' ],
2452 silly audit   'typed-array-length': [ '1.0.7' ],
2452 silly audit   'unbox-primitive': [ '1.1.0' ],
2452 silly audit   'which-typed-array': [ '1.1.19' ],
2452 silly audit   'possible-typed-array-names': [ '1.1.0' ],
2452 silly audit   'has-tostringtag': [ '1.0.2' ],
2452 silly audit   'is-date-object': [ '1.1.0' ],
2452 silly audit   'is-symbol': [ '1.1.1' ],
2452 silly audit   'aria-query': [ '5.3.2' ],
2452 silly audit   'ast-types-flow': [ '0.0.8' ],
2452 silly audit   'axe-core': [ '4.11.0' ],
2452 silly audit   'axobject-query': [ '4.1.0' ],
2452 silly audit   'damerau-levenshtein': [ '1.0.8' ],
2452 silly audit   'emoji-regex': [ '9.2.2' ],
2452 silly audit   'jsx-ast-utils': [ '3.3.5' ],
2452 silly audit   'language-tags': [ '1.0.9' ],
2452 silly audit   'string.prototype.includes': [ '2.0.1' ],
2452 silly audit   'array.prototype.findlast': [ '1.2.5' ],
2452 silly audit   'array.prototype.tosorted': [ '1.1.4' ],
2452 silly audit   'es-iterator-helpers': [ '1.2.1' ],
2452 silly audit   estraverse: [ '5.3.0' ],
2452 silly audit   'object.entries': [ '1.1.9' ],
2452 silly audit   'prop-types': [ '15.8.1' ],
2452 silly audit   'string.prototype.matchall': [ '4.0.12' ],
2452 silly audit   'string.prototype.repeat': [ '1.0.0' ],
2452 silly audit   'iterator.prototype': [ '1.1.5' ],
2452 silly audit   '@babel/core': [ '7.28.5' ],
2452 silly audit   '@babel/parser': [ '7.28.5' ],
2452 silly audit   'hermes-parser': [ '0.25.1' ],
2452 silly audit   zod: [ '4.1.12' ],
2452 silly audit   'zod-validation-error': [ '4.0.2' ],
2452 silly audit   '@babel/code-frame': [ '7.27.1' ],
2452 silly audit   '@babel/generator': [ '7.28.5' ],
2452 silly audit   '@babel/helper-compilation-targets': [ '7.27.2' ],
2452 silly audit   '@babel/helper-module-transforms': [ '7.28.3' ],
2452 silly audit   '@babel/helpers': [ '7.28.4' ],
2452 silly audit   '@babel/template': [ '7.27.2' ],
2452 silly audit   '@babel/traverse': [ '7.28.5' ],
2452 silly audit   '@babel/types': [ '7.28.5' ],
2452 silly audit   'convert-source-map': [ '2.0.0' ],
2452 silly audit   gensync: [ '1.0.0-beta.2' ],
2452 silly audit   json5: [ '2.2.3', '1.0.2' ],
2452 silly audit   '@babel/helper-validator-identifier': [ '7.28.5' ],
2452 silly audit   'js-tokens': [ '4.0.0' ],
2452 silly audit   picocolors: [ '1.1.1' ],
2452 silly audit   jsesc: [ '3.1.0' ],
2452 silly audit   '@babel/compat-data': [ '7.28.5' ],
2452 silly audit   '@babel/helper-validator-option': [ '7.27.1' ],
2452 silly audit   browserslist: [ '4.27.0' ],
2452 silly audit   'lru-cache': [ '5.1.1' ],
2452 silly audit   '@babel/helper-module-imports': [ '7.27.1' ],
2452 silly audit   '@babel/helper-globals': [ '7.28.0' ],
2452 silly audit   '@babel/helper-string-parser': [ '7.27.1' ],
2452 silly audit   'baseline-browser-mapping': [ '2.8.23' ],
2452 silly audit   'caniuse-lite': [ '1.0.30001753' ],
2452 silly audit   'electron-to-chromium': [ '1.5.244' ],
2452 silly audit   'node-releases': [ '2.0.27' ],
2452 silly audit   'update-browserslist-db': [ '1.1.4' ],
2452 silly audit   esrecurse: [ '4.3.0' ],
2452 silly audit   acorn: [ '8.15.0' ],
2452 silly audit   'acorn-jsx': [ '5.3.2' ],
2452 silly audit   '@nodelib/fs.stat': [ '2.0.5' ],
2452 silly audit   '@nodelib/fs.walk': [ '1.2.8' ],
2452 silly audit   merge2: [ '1.4.1' ],
2452 silly audit   micromatch: [ '4.0.8' ],
2452 silly audit   '@nodelib/fs.scandir': [ '2.1.5' ],
2452 silly audit   fastq: [ '1.19.1' ],
2452 silly audit   'run-parallel': [ '1.2.0' ],
2452 silly audit   reusify: [ '1.1.0' ],
2452 silly audit   'flat-cache': [ '4.0.1' ],
2452 silly audit   'locate-path': [ '6.0.0' ],
2452 silly audit   'path-exists': [ '4.0.0' ],
2452 silly audit   flatted: [ '3.3.3' ],
2452 silly audit   keyv: [ '4.5.4' ],
2452 silly audit   'functions-have-names': [ '1.2.3' ],
2452 silly audit   'dunder-proto': [ '1.0.1' ],
2452 silly audit   'resolve-pkg-maps': [ '1.0.0' ],
2452 silly audit   'hermes-estree': [ '0.25.1' ],
2452 silly audit   'parent-module': [ '1.0.1' ],
2452 silly audit   'resolve-from': [ '4.0.0' ],
2452 silly audit   'side-channel': [ '1.1.0' ],
2452 silly audit   'is-extglob': [ '2.1.1' ],
2452 silly audit   'set-function-name': [ '2.0.2' ],
2452 silly audit   argparse: [ '2.0.1' ],
2452 silly audit   'json-buffer': [ '3.0.1' ],
2452 silly audit   'language-subtag-registry': [ '0.3.23' ],
2452 silly audit   'prelude-ls': [ '1.2.1' ],
2452 silly audit   'type-check': [ '0.4.0' ],
2452 silly audit   'detect-libc': [ '2.1.2' ],
2452 silly audit   'lightningcss-android-arm64': [ '1.30.2' ],
2452 silly audit   'lightningcss-darwin-arm64': [ '1.30.2' ],
2452 silly audit   'lightningcss-darwin-x64': [ '1.30.2' ],
2452 silly audit   'lightningcss-freebsd-x64': [ '1.30.2' ],
2452 silly audit   'lightningcss-linux-arm-gnueabihf': [ '1.30.2' ],
2452 silly audit   'lightningcss-linux-arm64-gnu': [ '1.30.2' ],
2452 silly audit   'lightningcss-linux-arm64-musl': [ '1.30.2' ],
2452 silly audit   'lightningcss-linux-x64-gnu': [ '1.30.2' ],
2452 silly audit   'lightningcss-linux-x64-musl': [ '1.30.2' ],
2452 silly audit   'lightningcss-win32-arm64-msvc': [ '1.30.2' ],
2452 silly audit   'lightningcss-win32-x64-msvc': [ '1.30.2' ],
2452 silly audit   'p-locate': [ '5.0.0' ],
2452 silly audit   yallist: [ '3.1.1' ],
2452 silly audit   braces: [ '3.0.3' ],
2452 silly audit   picomatch: [ '2.3.1', '4.0.3' ],
2452 silly audit   'fill-range': [ '7.1.1' ],
2452 silly audit   'to-regex-range': [ '5.0.1' ],
2452 silly audit   'brace-expansion': [ '1.1.12', '2.0.2' ],
2452 silly audit   'balanced-match': [ '1.0.2' ],
2452 silly audit   'concat-map': [ '0.0.1' ],
2452 silly audit   '@next/env': [ '16.0.1' ],
2452 silly audit   '@next/swc-darwin-arm64': [ '16.0.1' ],
2452 silly audit   '@next/swc-darwin-x64': [ '16.0.1' ],
2452 silly audit   '@next/swc-linux-arm64-gnu': [ '16.0.1' ],
2452 silly audit   '@next/swc-linux-arm64-musl': [ '16.0.1' ],
2452 silly audit   '@next/swc-linux-x64-gnu': [ '16.0.1' ],
2452 silly audit   '@next/swc-linux-x64-musl': [ '16.0.1' ],
2452 silly audit   '@next/swc-win32-arm64-msvc': [ '16.0.1' ],
2452 silly audit   '@next/swc-win32-x64-msvc': [ '16.0.1' ],
2452 silly audit   '@swc/helpers': [ '0.5.15' ],
2452 silly audit   sharp: [ '0.34.4' ],
2452 silly audit   'styled-jsx': [ '5.1.6' ],
2452 silly audit   tslib: [ '2.8.1' ],
2452 silly audit   'deep-is': [ '0.1.4' ],
2452 silly audit   'fast-levenshtein': [ '2.0.6' ],
2452 silly audit   'word-wrap': [ '1.2.5' ],
2452 silly audit   'p-limit': [ '3.1.0' ],
2452 silly audit   'yocto-queue': [ '0.1.0' ],
2452 silly audit   callsites: [ '3.1.0' ],
2452 silly audit   nanoid: [ '3.3.11' ],
2452 silly audit   'loose-envify': [ '1.4.0' ],
2452 silly audit   'object-assign': [ '4.1.1' ],
2452 silly audit   'react-is': [ '16.13.1' ],
2452 silly audit   scheduler: [ '0.27.0' ],
2452 silly audit   'path-parse': [ '1.0.7' ],
2452 silly audit   'supports-preserve-symlinks-flag': [ '1.0.0' ],
2452 silly audit   'queue-microtask': [ '1.2.3' ],
2452 silly audit   isarray: [ '2.0.5' ],
2452 silly audit   '@img/colour': [ '1.0.0' ],
2452 silly audit   '@img/sharp-darwin-arm64': [ '0.34.4' ],
2452 silly audit   '@img/sharp-darwin-x64': [ '0.34.4' ],
2452 silly audit   '@img/sharp-libvips-darwin-arm64': [ '1.2.3' ],
2452 silly audit   '@img/sharp-libvips-darwin-x64': [ '1.2.3' ],
2452 silly audit   '@img/sharp-libvips-linux-arm': [ '1.2.3' ],
2452 silly audit   '@img/sharp-libvips-linux-arm64': [ '1.2.3' ],
2452 silly audit   '@img/sharp-libvips-linux-ppc64': [ '1.2.3' ],
2452 silly audit   '@img/sharp-libvips-linux-s390x': [ '1.2.3' ],
2452 silly audit   '@img/sharp-libvips-linux-x64': [ '1.2.3' ],
2452 silly audit   '@img/sharp-libvips-linuxmusl-arm64': [ '1.2.3' ],
2452 silly audit   '@img/sharp-libvips-linuxmusl-x64': [ '1.2.3' ],
2452 silly audit   '@img/sharp-linux-arm': [ '0.34.4' ],
2452 silly audit   '@img/sharp-linux-arm64': [ '0.34.4' ],
2452 silly audit   '@img/sharp-linux-ppc64': [ '0.34.4' ],
2452 silly audit   '@img/sharp-linux-s390x': [ '0.34.4' ],
2452 silly audit   '@img/sharp-linux-x64': [ '0.34.4' ],
2452 silly audit   '@img/sharp-linuxmusl-arm64': [ '0.34.4' ],
2452 silly audit   '@img/sharp-linuxmusl-x64': [ '0.34.4' ],
2452 silly audit   '@img/sharp-wasm32': [ '0.34.4' ],
2452 silly audit   '@img/sharp-win32-arm64': [ '0.34.4' ],
2452 silly audit   '@img/sharp-win32-ia32': [ '0.34.4' ],
2452 silly audit   '@img/sharp-win32-x64': [ '0.34.4' ],
2452 silly audit   '@emnapi/runtime': [ '1.7.0' ],
2452 silly audit   'shebang-regex': [ '3.0.0' ],
2452 silly audit   'side-channel-list': [ '1.0.0' ],
2452 silly audit   'side-channel-map': [ '1.0.1' ],
2452 silly audit   'side-channel-weakmap': [ '1.0.2' ],
2452 silly audit   'client-only': [ '0.0.1' ],
2452 silly audit   'has-flag': [ '4.0.0' ],
2452 silly audit   fdir: [ '6.5.0' ],
2452 silly audit   'is-number': [ '7.0.0' ],
2452 silly audit   '@types/json5': [ '0.0.29' ],
2452 silly audit   minimist: [ '1.2.8' ],
2452 silly audit   'strip-bom': [ '3.0.0' ],
2452 silly audit   'for-each': [ '0.3.5' ],
2452 silly audit   'reflect.getprototypeof': [ '1.0.10' ],
2452 silly audit   'which-builtin-type': [ '1.2.1' ],
2452 silly audit   '@typescript-eslint/eslint-plugin': [ '8.46.2' ],
2452 silly audit   '@typescript-eslint/parser': [ '8.46.2' ],
2452 silly audit   '@typescript-eslint/typescript-estree': [ '8.46.2' ],
2452 silly audit   '@typescript-eslint/utils': [ '8.46.2' ],
2452 silly audit   '@typescript-eslint/scope-manager': [ '8.46.2' ],
2452 silly audit   '@typescript-eslint/type-utils': [ '8.46.2' ],
2452 silly audit   '@typescript-eslint/visitor-keys': [ '8.46.2' ],
2452 silly audit   graphemer: [ '1.4.0' ],
2452 silly audit   'ts-api-utils': [ '2.1.0' ],
2452 silly audit   '@typescript-eslint/types': [ '8.46.2' ],
2452 silly audit   '@typescript-eslint/project-service': [ '8.46.2' ],
2452 silly audit   '@typescript-eslint/tsconfig-utils': [ '8.46.2' ],
2452 silly audit   'has-bigints': [ '1.1.0' ],
2452 silly audit   'which-boxed-primitive': [ '1.1.1' ],
2452 silly audit   '@unrs/resolver-binding-android-arm-eabi': [ '1.11.1' ],
2452 silly audit   '@unrs/resolver-binding-android-arm64': [ '1.11.1' ],
2452 silly audit   '@unrs/resolver-binding-darwin-arm64': [ '1.11.1' ],
2452 silly audit   '@unrs/resolver-binding-darwin-x64': [ '1.11.1' ],
2452 silly audit   '@unrs/resolver-binding-freebsd-x64': [ '1.11.1' ],
2452 silly audit   '@unrs/resolver-binding-linux-arm-gnueabihf': [ '1.11.1' ],
2452 silly audit   '@unrs/resolver-binding-linux-arm-musleabihf': [ '1.11.1' ],
2452 silly audit   '@unrs/resolver-binding-linux-arm64-gnu': [ '1.11.1' ],
2452 silly audit   '@unrs/resolver-binding-linux-arm64-musl': [ '1.11.1' ],
2452 silly audit   '@unrs/resolver-binding-linux-ppc64-gnu': [ '1.11.1' ],
2452 silly audit   '@unrs/resolver-binding-linux-riscv64-gnu': [ '1.11.1' ],
2452 silly audit   '@unrs/resolver-binding-linux-riscv64-musl': [ '1.11.1' ],
2452 silly audit   '@unrs/resolver-binding-linux-s390x-gnu': [ '1.11.1' ],
2452 silly audit   '@unrs/resolver-binding-linux-x64-gnu': [ '1.11.1' ],
2452 silly audit   '@unrs/resolver-binding-linux-x64-musl': [ '1.11.1' ],
2452 silly audit   '@unrs/resolver-binding-wasm32-wasi': [ '1.11.1' ],
2452 silly audit   '@unrs/resolver-binding-win32-arm64-msvc': [ '1.11.1' ],
2452 silly audit   '@unrs/resolver-binding-win32-ia32-msvc': [ '1.11.1' ],
2452 silly audit   '@unrs/resolver-binding-win32-x64-msvc': [ '1.11.1' ],
2452 silly audit   'napi-postinstall': [ '0.3.4' ],
2452 silly audit   '@napi-rs/wasm-runtime': [ '0.2.12' ],
2452 silly audit   '@emnapi/core': [ '1.7.0' ],
2452 silly audit   '@tybys/wasm-util': [ '0.10.1' ],
2452 silly audit   '@emnapi/wasi-threads': [ '1.1.0' ],
2452 silly audit   escalade: [ '3.2.0' ],
2452 silly audit   punycode: [ '2.3.1' ],
2452 silly audit   isexe: [ '2.0.0' ],
2452 silly audit   'is-bigint': [ '1.1.0' ],
2452 silly audit   'is-boolean-object': [ '1.2.2' ],
2452 silly audit   'is-number-object': [ '1.1.1' ],
2452 silly audit   'is-async-function': [ '2.1.1' ],
2452 silly audit   'is-finalizationregistry': [ '1.1.1' ],
2452 silly audit   'is-generator-function': [ '1.1.2' ],
2452 silly audit   'which-collection': [ '1.0.2' ],
2452 silly audit   'async-function': [ '1.0.0' ],
2452 silly audit   'generator-function': [ '2.0.1' ],
2452 silly audit   'is-map': [ '2.0.3' ],
2452 silly audit   'is-weakmap': [ '2.0.2' ],
2452 silly audit   'is-weakset': [ '2.0.4' ],
2452 silly audit   '@tailwindcss/oxide-wasm32-wasi': [ '4.1.16' ]
2452 silly audit }
2453 verbose reify failed optional dependency /Users/yaramanisai/deals-demo/web/node_modules/@unrs/resolver-binding-win32-x64-msvc
2454 silly reify mark deleted [
2454 silly reify   '/Users/yaramanisai/deals-demo/web/node_modules/@unrs/resolver-binding-win32-x64-msvc'
2454 silly reify ]
2455 verbose reify failed optional dependency /Users/yaramanisai/deals-demo/web/node_modules/@unrs/resolver-binding-win32-ia32-msvc
2456 silly reify mark deleted [
2456 silly reify   '/Users/yaramanisai/deals-demo/web/node_modules/@unrs/resolver-binding-win32-ia32-msvc'
2456 silly reify ]
2457 verbose reify failed optional dependency /Users/yaramanisai/deals-demo/web/node_modules/@unrs/resolver-binding-win32-arm64-msvc
2458 silly reify mark deleted [
2458 silly reify   '/Users/yaramanisai/deals-demo/web/node_modules/@unrs/resolver-binding-win32-arm64-msvc'
2458 silly reify ]
2459 verbose reify failed optional dependency /Users/yaramanisai/deals-demo/web/node_modules/@unrs/resolver-binding-wasm32-wasi
2460 silly reify mark deleted [
2460 silly reify   '/Users/yaramanisai/deals-demo/web/node_modules/@unrs/resolver-binding-wasm32-wasi'
2460 silly reify ]
2461 verbose reify failed optional dependency /Users/yaramanisai/deals-demo/web/node_modules/@unrs/resolver-binding-linux-x64-musl
2462 silly reify mark deleted [
2462 silly reify   '/Users/yaramanisai/deals-demo/web/node_modules/@unrs/resolver-binding-linux-x64-musl'
2462 silly reify ]
2463 verbose reify failed optional dependency /Users/yaramanisai/deals-demo/web/node_modules/@unrs/resolver-binding-linux-x64-gnu
2464 silly reify mark deleted [
2464 silly reify   '/Users/yaramanisai/deals-demo/web/node_modules/@unrs/resolver-binding-linux-x64-gnu'
2464 silly reify ]
2465 verbose reify failed optional dependency /Users/yaramanisai/deals-demo/web/node_modules/@unrs/resolver-binding-linux-s390x-gnu
2466 silly reify mark deleted [
2466 silly reify   '/Users/yaramanisai/deals-demo/web/node_modules/@unrs/resolver-binding-linux-s390x-gnu'
2466 silly reify ]
2467 verbose reify failed optional dependency /Users/yaramanisai/deals-demo/web/node_modules/@unrs/resolver-binding-linux-riscv64-musl
2468 silly reify mark deleted [
2468 silly reify   '/Users/yaramanisai/deals-demo/web/node_modules/@unrs/resolver-binding-linux-riscv64-musl'
2468 silly reify ]
2469 verbose reify failed optional dependency /Users/yaramanisai/deals-demo/web/node_modules/@unrs/resolver-binding-linux-riscv64-gnu
2470 silly reify mark deleted [
2470 silly reify   '/Users/yaramanisai/deals-demo/web/node_modules/@unrs/resolver-binding-linux-riscv64-gnu'
2470 silly reify ]
2471 verbose reify failed optional dependency /Users/yaramanisai/deals-demo/web/node_modules/@unrs/resolver-binding-linux-ppc64-gnu
2472 silly reify mark deleted [
2472 silly reify   '/Users/yaramanisai/deals-demo/web/node_modules/@unrs/resolver-binding-linux-ppc64-gnu'
2472 silly reify ]
2473 verbose reify failed optional dependency /Users/yaramanisai/deals-demo/web/node_modules/@unrs/resolver-binding-linux-arm64-musl
2474 silly reify mark deleted [
2474 silly reify   '/Users/yaramanisai/deals-demo/web/node_modules/@unrs/resolver-binding-linux-arm64-musl'
2474 silly reify ]
2475 verbose reify failed optional dependency /Users/yaramanisai/deals-demo/web/node_modules/@unrs/resolver-binding-linux-arm64-gnu
2476 silly reify mark deleted [
2476 silly reify   '/Users/yaramanisai/deals-demo/web/node_modules/@unrs/resolver-binding-linux-arm64-gnu'
2476 silly reify ]
2477 verbose reify failed optional dependency /Users/yaramanisai/deals-demo/web/node_modules/@unrs/resolver-binding-linux-arm-musleabihf
2478 silly reify mark deleted [
2478 silly reify   '/Users/yaramanisai/deals-demo/web/node_modules/@unrs/resolver-binding-linux-arm-musleabihf'
2478 silly reify ]
2479 verbose reify failed optional dependency /Users/yaramanisai/deals-demo/web/node_modules/@unrs/resolver-binding-linux-arm-gnueabihf
2480 silly reify mark deleted [
2480 silly reify   '/Users/yaramanisai/deals-demo/web/node_modules/@unrs/resolver-binding-linux-arm-gnueabihf'
2480 silly reify ]
2481 verbose reify failed optional dependency /Users/yaramanisai/deals-demo/web/node_modules/@unrs/resolver-binding-freebsd-x64
2482 silly reify mark deleted [
2482 silly reify   '/Users/yaramanisai/deals-demo/web/node_modules/@unrs/resolver-binding-freebsd-x64'
2482 silly reify ]
2483 verbose reify failed optional dependency /Users/yaramanisai/deals-demo/web/node_modules/@unrs/resolver-binding-darwin-x64
2484 silly reify mark deleted [
2484 silly reify   '/Users/yaramanisai/deals-demo/web/node_modules/@unrs/resolver-binding-darwin-x64'
2484 silly reify ]
2485 verbose reify failed optional dependency /Users/yaramanisai/deals-demo/web/node_modules/@unrs/resolver-binding-android-arm64
2486 silly reify mark deleted [
2486 silly reify   '/Users/yaramanisai/deals-demo/web/node_modules/@unrs/resolver-binding-android-arm64'
2486 silly reify ]
2487 verbose reify failed optional dependency /Users/yaramanisai/deals-demo/web/node_modules/@unrs/resolver-binding-android-arm-eabi
2488 silly reify mark deleted [
2488 silly reify   '/Users/yaramanisai/deals-demo/web/node_modules/@unrs/resolver-binding-android-arm-eabi'
2488 silly reify ]
2489 verbose reify failed optional dependency /Users/yaramanisai/deals-demo/web/node_modules/@img/sharp-win32-x64
2490 silly reify mark deleted [
2490 silly reify   '/Users/yaramanisai/deals-demo/web/node_modules/@img/sharp-win32-x64'
2490 silly reify ]
2491 verbose reify failed optional dependency /Users/yaramanisai/deals-demo/web/node_modules/@img/sharp-win32-ia32
2492 silly reify mark deleted [
2492 silly reify   '/Users/yaramanisai/deals-demo/web/node_modules/@img/sharp-win32-ia32'
2492 silly reify ]
2493 verbose reify failed optional dependency /Users/yaramanisai/deals-demo/web/node_modules/@img/sharp-win32-arm64
2494 silly reify mark deleted [
2494 silly reify   '/Users/yaramanisai/deals-demo/web/node_modules/@img/sharp-win32-arm64'
2494 silly reify ]
2495 verbose reify failed optional dependency /Users/yaramanisai/deals-demo/web/node_modules/@img/sharp-wasm32
2496 silly reify mark deleted [ '/Users/yaramanisai/deals-demo/web/node_modules/@img/sharp-wasm32' ]
2497 verbose reify failed optional dependency /Users/yaramanisai/deals-demo/web/node_modules/@img/sharp-linuxmusl-x64
2498 silly reify mark deleted [
2498 silly reify   '/Users/yaramanisai/deals-demo/web/node_modules/@img/sharp-linuxmusl-x64'
2498 silly reify ]
2499 verbose reify failed optional dependency /Users/yaramanisai/deals-demo/web/node_modules/@img/sharp-linuxmusl-arm64
2500 silly reify mark deleted [
2500 silly reify   '/Users/yaramanisai/deals-demo/web/node_modules/@img/sharp-linuxmusl-arm64'
2500 silly reify ]
2501 verbose reify failed optional dependency /Users/yaramanisai/deals-demo/web/node_modules/@img/sharp-linux-x64
2502 silly reify mark deleted [
2502 silly reify   '/Users/yaramanisai/deals-demo/web/node_modules/@img/sharp-linux-x64'
2502 silly reify ]
2503 verbose reify failed optional dependency /Users/yaramanisai/deals-demo/web/node_modules/@img/sharp-linux-s390x
2504 silly reify mark deleted [
2504 silly reify   '/Users/yaramanisai/deals-demo/web/node_modules/@img/sharp-linux-s390x'
2504 silly reify ]
2505 verbose reify failed optional dependency /Users/yaramanisai/deals-demo/web/node_modules/@img/sharp-linux-ppc64
2506 silly reify mark deleted [
2506 silly reify   '/Users/yaramanisai/deals-demo/web/node_modules/@img/sharp-linux-ppc64'
2506 silly reify ]
2507 verbose reify failed optional dependency /Users/yaramanisai/deals-demo/web/node_modules/@img/sharp-linux-arm64
2508 silly reify mark deleted [
2508 silly reify   '/Users/yaramanisai/deals-demo/web/node_modules/@img/sharp-linux-arm64'
2508 silly reify ]
2509 verbose reify failed optional dependency /Users/yaramanisai/deals-demo/web/node_modules/@img/sharp-linux-arm
2510 silly reify mark deleted [
2510 silly reify   '/Users/yaramanisai/deals-demo/web/node_modules/@img/sharp-linux-arm'
2510 silly reify ]
2511 verbose reify failed optional dependency /Users/yaramanisai/deals-demo/web/node_modules/@img/sharp-libvips-linuxmusl-x64
2512 silly reify mark deleted [
2512 silly reify   '/Users/yaramanisai/deals-demo/web/node_modules/@img/sharp-libvips-linuxmusl-x64'
2512 silly reify ]
2513 verbose reify failed optional dependency /Users/yaramanisai/deals-demo/web/node_modules/@img/sharp-libvips-linuxmusl-arm64
2514 silly reify mark deleted [
2514 silly reify   '/Users/yaramanisai/deals-demo/web/node_modules/@img/sharp-libvips-linuxmusl-arm64'
2514 silly reify ]
2515 verbose reify failed optional dependency /Users/yaramanisai/deals-demo/web/node_modules/@img/sharp-libvips-linux-x64
2516 silly reify mark deleted [
2516 silly reify   '/Users/yaramanisai/deals-demo/web/node_modules/@img/sharp-libvips-linux-x64'
2516 silly reify ]
2517 verbose reify failed optional dependency /Users/yaramanisai/deals-demo/web/node_modules/@img/sharp-libvips-linux-s390x
2518 silly reify mark deleted [
2518 silly reify   '/Users/yaramanisai/deals-demo/web/node_modules/@img/sharp-libvips-linux-s390x'
2518 silly reify ]
2519 verbose reify failed optional dependency /Users/yaramanisai/deals-demo/web/node_modules/@img/sharp-libvips-linux-ppc64
2520 silly reify mark deleted [
2520 silly reify   '/Users/yaramanisai/deals-demo/web/node_modules/@img/sharp-libvips-linux-ppc64'
2520 silly reify ]
2521 verbose reify failed optional dependency /Users/yaramanisai/deals-demo/web/node_modules/@img/sharp-libvips-linux-arm64
2522 silly reify mark deleted [
2522 silly reify   '/Users/yaramanisai/deals-demo/web/node_modules/@img/sharp-libvips-linux-arm64'
2522 silly reify ]
2523 verbose reify failed optional dependency /Users/yaramanisai/deals-demo/web/node_modules/@img/sharp-libvips-linux-arm
2524 silly reify mark deleted [
2524 silly reify   '/Users/yaramanisai/deals-demo/web/node_modules/@img/sharp-libvips-linux-arm'
2524 silly reify ]
2525 verbose reify failed optional dependency /Users/yaramanisai/deals-demo/web/node_modules/@img/sharp-libvips-darwin-x64
2526 silly reify mark deleted [
2526 silly reify   '/Users/yaramanisai/deals-demo/web/node_modules/@img/sharp-libvips-darwin-x64'
2526 silly reify ]
2527 verbose reify failed optional dependency /Users/yaramanisai/deals-demo/web/node_modules/@img/sharp-darwin-x64
2528 silly reify mark deleted [
2528 silly reify   '/Users/yaramanisai/deals-demo/web/node_modules/@img/sharp-darwin-x64'
2528 silly reify ]
2529 verbose reify failed optional dependency /Users/yaramanisai/deals-demo/web/node_modules/@next/swc-win32-x64-msvc
2530 silly reify mark deleted [
2530 silly reify   '/Users/yaramanisai/deals-demo/web/node_modules/@next/swc-win32-x64-msvc'
2530 silly reify ]
2531 verbose reify failed optional dependency /Users/yaramanisai/deals-demo/web/node_modules/@next/swc-win32-arm64-msvc
2532 silly reify mark deleted [
2532 silly reify   '/Users/yaramanisai/deals-demo/web/node_modules/@next/swc-win32-arm64-msvc'
2532 silly reify ]
2533 verbose reify failed optional dependency /Users/yaramanisai/deals-demo/web/node_modules/@next/swc-linux-x64-musl
2534 silly reify mark deleted [
2534 silly reify   '/Users/yaramanisai/deals-demo/web/node_modules/@next/swc-linux-x64-musl'
2534 silly reify ]
2535 verbose reify failed optional dependency /Users/yaramanisai/deals-demo/web/node_modules/@next/swc-linux-x64-gnu
2536 silly reify mark deleted [
2536 silly reify   '/Users/yaramanisai/deals-demo/web/node_modules/@next/swc-linux-x64-gnu'
2536 silly reify ]
2537 verbose reify failed optional dependency /Users/yaramanisai/deals-demo/web/node_modules/@next/swc-linux-arm64-musl
2538 silly reify mark deleted [
2538 silly reify   '/Users/yaramanisai/deals-demo/web/node_modules/@next/swc-linux-arm64-musl'
2538 silly reify ]
2539 verbose reify failed optional dependency /Users/yaramanisai/deals-demo/web/node_modules/@next/swc-linux-arm64-gnu
2540 silly reify mark deleted [
2540 silly reify   '/Users/yaramanisai/deals-demo/web/node_modules/@next/swc-linux-arm64-gnu'
2540 silly reify ]
2541 verbose reify failed optional dependency /Users/yaramanisai/deals-demo/web/node_modules/@next/swc-darwin-x64
2542 silly reify mark deleted [
2542 silly reify   '/Users/yaramanisai/deals-demo/web/node_modules/@next/swc-darwin-x64'
2542 silly reify ]
2543 verbose reify failed optional dependency /Users/yaramanisai/deals-demo/web/node_modules/lightningcss-win32-x64-msvc
2544 silly reify mark deleted [
2544 silly reify   '/Users/yaramanisai/deals-demo/web/node_modules/lightningcss-win32-x64-msvc'
2544 silly reify ]
2545 verbose reify failed optional dependency /Users/yaramanisai/deals-demo/web/node_modules/lightningcss-win32-arm64-msvc
2546 silly reify mark deleted [
2546 silly reify   '/Users/yaramanisai/deals-demo/web/node_modules/lightningcss-win32-arm64-msvc'
2546 silly reify ]
2547 verbose reify failed optional dependency /Users/yaramanisai/deals-demo/web/node_modules/lightningcss-linux-x64-musl
2548 silly reify mark deleted [
2548 silly reify   '/Users/yaramanisai/deals-demo/web/node_modules/lightningcss-linux-x64-musl'
2548 silly reify ]
2549 verbose reify failed optional dependency /Users/yaramanisai/deals-demo/web/node_modules/lightningcss-linux-x64-gnu
2550 silly reify mark deleted [
2550 silly reify   '/Users/yaramanisai/deals-demo/web/node_modules/lightningcss-linux-x64-gnu'
2550 silly reify ]
2551 verbose reify failed optional dependency /Users/yaramanisai/deals-demo/web/node_modules/lightningcss-linux-arm64-musl
2552 silly reify mark deleted [
2552 silly reify   '/Users/yaramanisai/deals-demo/web/node_modules/lightningcss-linux-arm64-musl'
2552 silly reify ]
2553 verbose reify failed optional dependency /Users/yaramanisai/deals-demo/web/node_modules/lightningcss-linux-arm64-gnu
2554 silly reify mark deleted [
2554 silly reify   '/Users/yaramanisai/deals-demo/web/node_modules/lightningcss-linux-arm64-gnu'
2554 silly reify ]
2555 verbose reify failed optional dependency /Users/yaramanisai/deals-demo/web/node_modules/lightningcss-linux-arm-gnueabihf
2556 silly reify mark deleted [
2556 silly reify   '/Users/yaramanisai/deals-demo/web/node_modules/lightningcss-linux-arm-gnueabihf'
2556 silly reify ]
2557 verbose reify failed optional dependency /Users/yaramanisai/deals-demo/web/node_modules/lightningcss-freebsd-x64
2558 silly reify mark deleted [
2558 silly reify   '/Users/yaramanisai/deals-demo/web/node_modules/lightningcss-freebsd-x64'
2558 silly reify ]
2559 verbose reify failed optional dependency /Users/yaramanisai/deals-demo/web/node_modules/lightningcss-darwin-x64
2560 silly reify mark deleted [
2560 silly reify   '/Users/yaramanisai/deals-demo/web/node_modules/lightningcss-darwin-x64'
2560 silly reify ]
2561 verbose reify failed optional dependency /Users/yaramanisai/deals-demo/web/node_modules/lightningcss-android-arm64
2562 silly reify mark deleted [
2562 silly reify   '/Users/yaramanisai/deals-demo/web/node_modules/lightningcss-android-arm64'
2562 silly reify ]
2563 verbose reify failed optional dependency /Users/yaramanisai/deals-demo/web/node_modules/@tailwindcss/oxide-win32-x64-msvc
2564 silly reify mark deleted [
2564 silly reify   '/Users/yaramanisai/deals-demo/web/node_modules/@tailwindcss/oxide-win32-x64-msvc'
2564 silly reify ]
2565 verbose reify failed optional dependency /Users/yaramanisai/deals-demo/web/node_modules/@tailwindcss/oxide-win32-arm64-msvc
2566 silly reify mark deleted [
2566 silly reify   '/Users/yaramanisai/deals-demo/web/node_modules/@tailwindcss/oxide-win32-arm64-msvc'
2566 silly reify ]
2567 verbose reify failed optional dependency /Users/yaramanisai/deals-demo/web/node_modules/@tailwindcss/oxide-linux-x64-musl
2568 silly reify mark deleted [
2568 silly reify   '/Users/yaramanisai/deals-demo/web/node_modules/@tailwindcss/oxide-linux-x64-musl'
2568 silly reify ]
2569 verbose reify failed optional dependency /Users/yaramanisai/deals-demo/web/node_modules/@tailwindcss/oxide-linux-x64-gnu
2570 silly reify mark deleted [
2570 silly reify   '/Users/yaramanisai/deals-demo/web/node_modules/@tailwindcss/oxide-linux-x64-gnu'
2570 silly reify ]
2571 verbose reify failed optional dependency /Users/yaramanisai/deals-demo/web/node_modules/@tailwindcss/oxide-linux-arm64-musl
2572 silly reify mark deleted [
2572 silly reify   '/Users/yaramanisai/deals-demo/web/node_modules/@tailwindcss/oxide-linux-arm64-musl'
2572 silly reify ]
2573 verbose reify failed optional dependency /Users/yaramanisai/deals-demo/web/node_modules/@tailwindcss/oxide-linux-arm64-gnu
2574 silly reify mark deleted [
2574 silly reify   '/Users/yaramanisai/deals-demo/web/node_modules/@tailwindcss/oxide-linux-arm64-gnu'
2574 silly reify ]
2575 verbose reify failed optional dependency /Users/yaramanisai/deals-demo/web/node_modules/@tailwindcss/oxide-linux-arm-gnueabihf
2576 silly reify mark deleted [
2576 silly reify   '/Users/yaramanisai/deals-demo/web/node_modules/@tailwindcss/oxide-linux-arm-gnueabihf'
2576 silly reify ]
2577 verbose reify failed optional dependency /Users/yaramanisai/deals-demo/web/node_modules/@tailwindcss/oxide-freebsd-x64
2578 silly reify mark deleted [
2578 silly reify   '/Users/yaramanisai/deals-demo/web/node_modules/@tailwindcss/oxide-freebsd-x64'
2578 silly reify ]
2579 verbose reify failed optional dependency /Users/yaramanisai/deals-demo/web/node_modules/@tailwindcss/oxide-darwin-x64
2580 silly reify mark deleted [
2580 silly reify   '/Users/yaramanisai/deals-demo/web/node_modules/@tailwindcss/oxide-darwin-x64'
2580 silly reify ]
2581 verbose reify failed optional dependency /Users/yaramanisai/deals-demo/web/node_modules/@tailwindcss/oxide-android-arm64
2582 silly reify mark deleted [
2582 silly reify   '/Users/yaramanisai/deals-demo/web/node_modules/@tailwindcss/oxide-android-arm64'
2582 silly reify ]
2583 http cache is-weakset@https://registry.npmjs.org/is-weakset/-/is-weakset-2.0.4.tgz 0ms (cache hit)
2584 http cache is-weakmap@https://registry.npmjs.org/is-weakmap/-/is-weakmap-2.0.2.tgz 0ms (cache hit)
2585 http cache is-map@https://registry.npmjs.org/is-map/-/is-map-2.0.3.tgz 0ms (cache hit)
2586 http cache async-function@https://registry.npmjs.org/async-function/-/async-function-1.0.0.tgz 0ms (cache hit)
2587 http cache generator-function@https://registry.npmjs.org/generator-function/-/generator-function-2.0.1.tgz 0ms (cache hit)
2588 http cache which-collection@https://registry.npmjs.org/which-collection/-/which-collection-1.0.2.tgz 0ms (cache hit)
2589 http cache is-generator-function@https://registry.npmjs.org/is-generator-function/-/is-generator-function-1.1.2.tgz 0ms (cache hit)
2590 http cache is-finalizationregistry@https://registry.npmjs.org/is-finalizationregistry/-/is-finalizationregistry-1.1.1.tgz 0ms (cache hit)
2591 http cache is-async-function@https://registry.npmjs.org/is-async-function/-/is-async-function-2.1.1.tgz 0ms (cache hit)
2592 http cache is-number-object@https://registry.npmjs.org/is-number-object/-/is-number-object-1.1.1.tgz 0ms (cache hit)
2593 http cache is-boolean-object@https://registry.npmjs.org/is-boolean-object/-/is-boolean-object-1.2.2.tgz 0ms (cache hit)
2594 http cache is-bigint@https://registry.npmjs.org/is-bigint/-/is-bigint-1.1.0.tgz 0ms (cache hit)
2595 http cache isexe@https://registry.npmjs.org/isexe/-/isexe-2.0.0.tgz 0ms (cache hit)
2596 http cache punycode@https://registry.npmjs.org/punycode/-/punycode-2.3.1.tgz 0ms (cache hit)
2597 http cache escalade@https://registry.npmjs.org/escalade/-/escalade-3.2.0.tgz 0ms (cache hit)
2598 http cache @emnapi/wasi-threads@https://registry.npmjs.org/@emnapi/wasi-threads/-/wasi-threads-1.1.0.tgz 0ms (cache hit)
2599 http cache @tybys/wasm-util@https://registry.npmjs.org/@tybys/wasm-util/-/wasm-util-0.10.1.tgz 0ms (cache hit)
2600 http cache @emnapi/core@https://registry.npmjs.org/@emnapi/core/-/core-1.7.0.tgz 0ms (cache hit)
2601 http cache @napi-rs/wasm-runtime@https://registry.npmjs.org/@napi-rs/wasm-runtime/-/wasm-runtime-0.2.12.tgz 0ms (cache hit)
2602 http cache napi-postinstall@https://registry.npmjs.org/napi-postinstall/-/napi-postinstall-0.3.4.tgz 0ms (cache hit)
2603 http cache @unrs/resolver-binding-darwin-arm64@https://registry.npmjs.org/@unrs/resolver-binding-darwin-arm64/-/resolver-binding-darwin-arm64-1.11.1.tgz 0ms (cache hit)
2604 http cache which-boxed-primitive@https://registry.npmjs.org/which-boxed-primitive/-/which-boxed-primitive-1.1.1.tgz 0ms (cache hit)
2605 http cache has-bigints@https://registry.npmjs.org/has-bigints/-/has-bigints-1.1.0.tgz 0ms (cache hit)
2606 http cache @typescript-eslint/tsconfig-utils@https://registry.npmjs.org/@typescript-eslint/tsconfig-utils/-/tsconfig-utils-8.46.2.tgz 0ms (cache hit)
2607 http cache @typescript-eslint/types@https://registry.npmjs.org/@typescript-eslint/types/-/types-8.46.2.tgz 0ms (cache hit)
2608 http cache ts-api-utils@https://registry.npmjs.org/ts-api-utils/-/ts-api-utils-2.1.0.tgz 0ms (cache hit)
2609 http cache graphemer@https://registry.npmjs.org/graphemer/-/graphemer-1.4.0.tgz 0ms (cache hit)
2610 http cache @typescript-eslint/visitor-keys@https://registry.npmjs.org/@typescript-eslint/visitor-keys/-/visitor-keys-8.46.2.tgz 0ms (cache hit)
2611 http cache @typescript-eslint/type-utils@https://registry.npmjs.org/@typescript-eslint/type-utils/-/type-utils-8.46.2.tgz 0ms (cache hit)
2612 http cache @typescript-eslint/scope-manager@https://registry.npmjs.org/@typescript-eslint/scope-manager/-/scope-manager-8.46.2.tgz 0ms (cache hit)
2613 http cache @typescript-eslint/utils@https://registry.npmjs.org/@typescript-eslint/utils/-/utils-8.46.2.tgz 0ms (cache hit)
2614 http cache @typescript-eslint/typescript-estree@https://registry.npmjs.org/@typescript-eslint/typescript-estree/-/typescript-estree-8.46.2.tgz 0ms (cache hit)
2615 http cache @typescript-eslint/parser@https://registry.npmjs.org/@typescript-eslint/parser/-/parser-8.46.2.tgz 0ms (cache hit)
2616 http cache which-builtin-type@https://registry.npmjs.org/which-builtin-type/-/which-builtin-type-1.2.1.tgz 0ms (cache hit)
2617 http cache @typescript-eslint/eslint-plugin@https://registry.npmjs.org/@typescript-eslint/eslint-plugin/-/eslint-plugin-8.46.2.tgz 0ms (cache hit)
2618 http cache reflect.getprototypeof@https://registry.npmjs.org/reflect.getprototypeof/-/reflect.getprototypeof-1.0.10.tgz 0ms (cache hit)
2619 http cache for-each@https://registry.npmjs.org/for-each/-/for-each-0.3.5.tgz 0ms (cache hit)
2620 http cache strip-bom@https://registry.npmjs.org/strip-bom/-/strip-bom-3.0.0.tgz 0ms (cache hit)
2621 http cache minimist@https://registry.npmjs.org/minimist/-/minimist-1.2.8.tgz 0ms (cache hit)
2622 http cache @types/json5@https://registry.npmjs.org/@types/json5/-/json5-0.0.29.tgz 0ms (cache hit)
2623 http cache is-number@https://registry.npmjs.org/is-number/-/is-number-7.0.0.tgz 0ms (cache hit)
2624 http cache client-only@https://registry.npmjs.org/client-only/-/client-only-0.0.1.tgz 0ms (cache hit)
2625 http cache has-flag@https://registry.npmjs.org/has-flag/-/has-flag-4.0.0.tgz 0ms (cache hit)
2626 http cache side-channel-weakmap@https://registry.npmjs.org/side-channel-weakmap/-/side-channel-weakmap-1.0.2.tgz 0ms (cache hit)
2627 http cache shebang-regex@https://registry.npmjs.org/shebang-regex/-/shebang-regex-3.0.0.tgz 0ms (cache hit)
2628 http cache @emnapi/runtime@https://registry.npmjs.org/@emnapi/runtime/-/runtime-1.7.0.tgz 0ms (cache hit)
2629 http cache side-channel-list@https://registry.npmjs.org/side-channel-list/-/side-channel-list-1.0.0.tgz 0ms (cache hit)
2630 http cache @img/sharp-libvips-darwin-arm64@https://registry.npmjs.org/@img/sharp-libvips-darwin-arm64/-/sharp-libvips-darwin-arm64-1.2.3.tgz 0ms (cache hit)
2631 http cache @img/sharp-darwin-arm64@https://registry.npmjs.org/@img/sharp-darwin-arm64/-/sharp-darwin-arm64-0.34.4.tgz 0ms (cache hit)
2632 http cache @typescript-eslint/project-service@https://registry.npmjs.org/@typescript-eslint/project-service/-/project-service-8.46.2.tgz 0ms (cache hit)
2633 http cache @img/colour@https://registry.npmjs.org/@img/colour/-/colour-1.0.0.tgz 0ms (cache hit)
2634 http cache isarray@https://registry.npmjs.org/isarray/-/isarray-2.0.5.tgz 0ms (cache hit)
2635 http cache queue-microtask@https://registry.npmjs.org/queue-microtask/-/queue-microtask-1.2.3.tgz 0ms (cache hit)
2636 http cache side-channel-map@https://registry.npmjs.org/side-channel-map/-/side-channel-map-1.0.1.tgz 0ms (cache hit)
2637 http cache path-parse@https://registry.npmjs.org/path-parse/-/path-parse-1.0.7.tgz 0ms (cache hit)
2638 http cache supports-preserve-symlinks-flag@https://registry.npmjs.org/supports-preserve-symlinks-flag/-/supports-preserve-symlinks-flag-1.0.0.tgz 0ms (cache hit)
2639 http cache scheduler@https://registry.npmjs.org/scheduler/-/scheduler-0.27.0.tgz 0ms (cache hit)
2640 http cache object-assign@https://registry.npmjs.org/object-assign/-/object-assign-4.1.1.tgz 0ms (cache hit)
2641 http cache loose-envify@https://registry.npmjs.org/loose-envify/-/loose-envify-1.4.0.tgz 0ms (cache hit)
2642 http cache nanoid@https://registry.npmjs.org/nanoid/-/nanoid-3.3.11.tgz 0ms (cache hit)
2643 http cache callsites@https://registry.npmjs.org/callsites/-/callsites-3.1.0.tgz 0ms (cache hit)
2644 http cache yocto-queue@https://registry.npmjs.org/yocto-queue/-/yocto-queue-0.1.0.tgz 0ms (cache hit)
2645 http cache p-limit@https://registry.npmjs.org/p-limit/-/p-limit-3.1.0.tgz 0ms (cache hit)
2646 http cache word-wrap@https://registry.npmjs.org/word-wrap/-/word-wrap-1.2.5.tgz 0ms (cache hit)
2647 http cache fast-levenshtein@https://registry.npmjs.org/fast-levenshtein/-/fast-levenshtein-2.0.6.tgz 0ms (cache hit)
2648 http cache deep-is@https://registry.npmjs.org/deep-is/-/deep-is-0.1.4.tgz 0ms (cache hit)
2649 http cache tslib@https://registry.npmjs.org/tslib/-/tslib-2.8.1.tgz 0ms (cache hit)
2650 http cache styled-jsx@https://registry.npmjs.org/styled-jsx/-/styled-jsx-5.1.6.tgz 0ms (cache hit)
2651 http cache @swc/helpers@https://registry.npmjs.org/@swc/helpers/-/helpers-0.5.15.tgz 0ms (cache hit)
2652 http cache @next/swc-darwin-arm64@https://registry.npmjs.org/@next/swc-darwin-arm64/-/swc-darwin-arm64-16.0.1.tgz 0ms (cache hit)
2653 http cache @next/env@https://registry.npmjs.org/@next/env/-/env-16.0.1.tgz 0ms (cache hit)
2654 http cache react-is@https://registry.npmjs.org/react-is/-/react-is-16.13.1.tgz 0ms (cache hit)
2655 http cache concat-map@https://registry.npmjs.org/concat-map/-/concat-map-0.0.1.tgz 0ms (cache hit)
2656 http cache balanced-match@https://registry.npmjs.org/balanced-match/-/balanced-match-1.0.2.tgz 0ms (cache hit)
2657 http cache brace-expansion@https://registry.npmjs.org/brace-expansion/-/brace-expansion-1.1.12.tgz 0ms (cache hit)
2658 http cache to-regex-range@https://registry.npmjs.org/to-regex-range/-/to-regex-range-5.0.1.tgz 0ms (cache hit)
2659 http cache fill-range@https://registry.npmjs.org/fill-range/-/fill-range-7.1.1.tgz 0ms (cache hit)
2660 http cache picomatch@https://registry.npmjs.org/picomatch/-/picomatch-2.3.1.tgz 0ms (cache hit)
2661 http cache sharp@https://registry.npmjs.org/sharp/-/sharp-0.34.4.tgz 0ms (cache hit)
2662 http cache braces@https://registry.npmjs.org/braces/-/braces-3.0.3.tgz 0ms (cache hit)
2663 http cache yallist@https://registry.npmjs.org/yallist/-/yallist-3.1.1.tgz 0ms (cache hit)
2664 http cache p-locate@https://registry.npmjs.org/p-locate/-/p-locate-5.0.0.tgz 0ms (cache hit)
2665 http cache lightningcss-darwin-arm64@https://registry.npmjs.org/lightningcss-darwin-arm64/-/lightningcss-darwin-arm64-1.30.2.tgz 0ms (cache hit)
2666 http cache detect-libc@https://registry.npmjs.org/detect-libc/-/detect-libc-2.1.2.tgz 0ms (cache hit)
2667 http cache type-check@https://registry.npmjs.org/type-check/-/type-check-0.4.0.tgz 0ms (cache hit)
2668 http cache prelude-ls@https://registry.npmjs.org/prelude-ls/-/prelude-ls-1.2.1.tgz 0ms (cache hit)
2669 http cache language-subtag-registry@https://registry.npmjs.org/language-subtag-registry/-/language-subtag-registry-0.3.23.tgz 0ms (cache hit)
2670 http cache json-buffer@https://registry.npmjs.org/json-buffer/-/json-buffer-3.0.1.tgz 0ms (cache hit)
2671 http cache argparse@https://registry.npmjs.org/argparse/-/argparse-2.0.1.tgz 0ms (cache hit)
2672 http cache set-function-name@https://registry.npmjs.org/set-function-name/-/set-function-name-2.0.2.tgz 0ms (cache hit)
2673 http cache side-channel@https://registry.npmjs.org/side-channel/-/side-channel-1.1.0.tgz 0ms (cache hit)
2674 http cache resolve-from@https://registry.npmjs.org/resolve-from/-/resolve-from-4.0.0.tgz 0ms (cache hit)
2675 http cache parent-module@https://registry.npmjs.org/parent-module/-/parent-module-1.0.1.tgz 0ms (cache hit)
2676 http cache hermes-estree@https://registry.npmjs.org/hermes-estree/-/hermes-estree-0.25.1.tgz 0ms (cache hit)
2677 http cache resolve-pkg-maps@https://registry.npmjs.org/resolve-pkg-maps/-/resolve-pkg-maps-1.0.0.tgz 0ms (cache hit)
2678 http cache dunder-proto@https://registry.npmjs.org/dunder-proto/-/dunder-proto-1.0.1.tgz 0ms (cache hit)
2679 http cache keyv@https://registry.npmjs.org/keyv/-/keyv-4.5.4.tgz 0ms (cache hit)
2680 http cache flatted@https://registry.npmjs.org/flatted/-/flatted-3.3.3.tgz 0ms (cache hit)
2681 http cache path-exists@https://registry.npmjs.org/path-exists/-/path-exists-4.0.0.tgz 0ms (cache hit)
2682 http cache is-extglob@https://registry.npmjs.org/is-extglob/-/is-extglob-2.1.1.tgz 0ms (cache hit)
2683 http cache locate-path@https://registry.npmjs.org/locate-path/-/locate-path-6.0.0.tgz 0ms (cache hit)
2684 http cache flat-cache@https://registry.npmjs.org/flat-cache/-/flat-cache-4.0.1.tgz 0ms (cache hit)
2685 http cache functions-have-names@https://registry.npmjs.org/functions-have-names/-/functions-have-names-1.2.3.tgz 0ms (cache hit)
2686 http cache fastq@https://registry.npmjs.org/fastq/-/fastq-1.19.1.tgz 0ms (cache hit)
2687 http cache @nodelib/fs.scandir@https://registry.npmjs.org/@nodelib/fs.scandir/-/fs.scandir-2.1.5.tgz 0ms (cache hit)
2688 http cache micromatch@https://registry.npmjs.org/micromatch/-/micromatch-4.0.8.tgz 0ms (cache hit)
2689 http cache merge2@https://registry.npmjs.org/merge2/-/merge2-1.4.1.tgz 0ms (cache hit)
2690 http cache @nodelib/fs.stat@https://registry.npmjs.org/@nodelib/fs.stat/-/fs.stat-2.0.5.tgz 0ms (cache hit)
2691 http cache acorn-jsx@https://registry.npmjs.org/acorn-jsx/-/acorn-jsx-5.3.2.tgz 0ms (cache hit)
2692 http cache acorn@https://registry.npmjs.org/acorn/-/acorn-8.15.0.tgz 0ms (cache hit)
2693 http cache reusify@https://registry.npmjs.org/reusify/-/reusify-1.1.0.tgz 0ms (cache hit)
2694 http cache update-browserslist-db@https://registry.npmjs.org/update-browserslist-db/-/update-browserslist-db-1.1.4.tgz 0ms (cache hit)
2695 http cache run-parallel@https://registry.npmjs.org/run-parallel/-/run-parallel-1.2.0.tgz 0ms (cache hit)
2696 http cache @nodelib/fs.walk@https://registry.npmjs.org/@nodelib/fs.walk/-/fs.walk-1.2.8.tgz 0ms (cache hit)
2697 http cache electron-to-chromium@https://registry.npmjs.org/electron-to-chromium/-/electron-to-chromium-1.5.244.tgz 0ms (cache hit)
2698 http cache node-releases@https://registry.npmjs.org/node-releases/-/node-releases-2.0.27.tgz 0ms (cache hit)
2699 http cache @babel/helper-globals@https://registry.npmjs.org/@babel/helper-globals/-/helper-globals-7.28.0.tgz 0ms (cache hit)
2700 http cache @babel/helper-string-parser@https://registry.npmjs.org/@babel/helper-string-parser/-/helper-string-parser-7.27.1.tgz 0ms (cache hit)
2701 http cache caniuse-lite@https://registry.npmjs.org/caniuse-lite/-/caniuse-lite-1.0.30001753.tgz 0ms (cache hit)
2702 http cache baseline-browser-mapping@https://registry.npmjs.org/baseline-browser-mapping/-/baseline-browser-mapping-2.8.23.tgz 0ms (cache hit)
2703 http cache lru-cache@https://registry.npmjs.org/lru-cache/-/lru-cache-5.1.1.tgz 0ms (cache hit)
2704 http cache @babel/helper-module-imports@https://registry.npmjs.org/@babel/helper-module-imports/-/helper-module-imports-7.27.1.tgz 0ms (cache hit)
2705 http cache @babel/helper-validator-option@https://registry.npmjs.org/@babel/helper-validator-option/-/helper-validator-option-7.27.1.tgz 0ms (cache hit)
2706 http cache esrecurse@https://registry.npmjs.org/esrecurse/-/esrecurse-4.3.0.tgz 0ms (cache hit)
2707 http cache jsesc@https://registry.npmjs.org/jsesc/-/jsesc-3.1.0.tgz 0ms (cache hit)
2708 http cache @babel/compat-data@https://registry.npmjs.org/@babel/compat-data/-/compat-data-7.28.5.tgz 0ms (cache hit)
2709 http cache picocolors@https://registry.npmjs.org/picocolors/-/picocolors-1.1.1.tgz 0ms (cache hit)
2710 http cache json5@https://registry.npmjs.org/json5/-/json5-2.2.3.tgz 0ms (cache hit)
2711 http cache @babel/helper-validator-identifier@https://registry.npmjs.org/@babel/helper-validator-identifier/-/helper-validator-identifier-7.28.5.tgz 0ms (cache hit)
2712 http cache js-tokens@https://registry.npmjs.org/js-tokens/-/js-tokens-4.0.0.tgz 0ms (cache hit)
2713 http cache convert-source-map@https://registry.npmjs.org/convert-source-map/-/convert-source-map-2.0.0.tgz 0ms (cache hit)
2714 http cache @babel/types@https://registry.npmjs.org/@babel/types/-/types-7.28.5.tgz 0ms (cache hit)
2715 http cache gensync@https://registry.npmjs.org/gensync/-/gensync-1.0.0-beta.2.tgz 0ms (cache hit)
2716 http cache browserslist@https://registry.npmjs.org/browserslist/-/browserslist-4.27.0.tgz 0ms (cache hit)
2717 http cache @babel/traverse@https://registry.npmjs.org/@babel/traverse/-/traverse-7.28.5.tgz 0ms (cache hit)
2718 http cache @babel/helpers@https://registry.npmjs.org/@babel/helpers/-/helpers-7.28.4.tgz 0ms (cache hit)
2719 http cache @babel/generator@https://registry.npmjs.org/@babel/generator/-/generator-7.28.5.tgz 0ms (cache hit)
2720 http cache @babel/code-frame@https://registry.npmjs.org/@babel/code-frame/-/code-frame-7.27.1.tgz 0ms (cache hit)
2721 http cache @babel/template@https://registry.npmjs.org/@babel/template/-/template-7.27.2.tgz 0ms (cache hit)
2722 http cache @babel/helper-module-transforms@https://registry.npmjs.org/@babel/helper-module-transforms/-/helper-module-transforms-7.28.3.tgz 0ms (cache hit)
2723 http cache zod@https://registry.npmjs.org/zod/-/zod-4.1.12.tgz 0ms (cache hit)
2724 http cache @babel/core@https://registry.npmjs.org/@babel/core/-/core-7.28.5.tgz 0ms (cache hit)
2725 http cache hermes-parser@https://registry.npmjs.org/hermes-parser/-/hermes-parser-0.25.1.tgz 0ms (cache hit)
2726 http cache iterator.prototype@https://registry.npmjs.org/iterator.prototype/-/iterator.prototype-1.1.5.tgz 0ms (cache hit)
2727 http cache @babel/parser@https://registry.npmjs.org/@babel/parser/-/parser-7.28.5.tgz 0ms (cache hit)
2728 http cache zod-validation-error@https://registry.npmjs.org/zod-validation-error/-/zod-validation-error-4.0.2.tgz 0ms (cache hit)
2729 http cache @babel/helper-compilation-targets@https://registry.npmjs.org/@babel/helper-compilation-targets/-/helper-compilation-targets-7.27.2.tgz 0ms (cache hit)
2730 http cache prop-types@https://registry.npmjs.org/prop-types/-/prop-types-15.8.1.tgz 0ms (cache hit)
2731 http cache string.prototype.matchall@https://registry.npmjs.org/string.prototype.matchall/-/string.prototype.matchall-4.0.12.tgz 0ms (cache hit)
2732 http cache string.prototype.repeat@https://registry.npmjs.org/string.prototype.repeat/-/string.prototype.repeat-1.0.0.tgz 0ms (cache hit)
2733 http cache object.entries@https://registry.npmjs.org/object.entries/-/object.entries-1.1.9.tgz 0ms (cache hit)
2734 http cache es-iterator-helpers@https://registry.npmjs.org/es-iterator-helpers/-/es-iterator-helpers-1.2.1.tgz 0ms (cache hit)
2735 http cache string.prototype.includes@https://registry.npmjs.org/string.prototype.includes/-/string.prototype.includes-2.0.1.tgz 0ms (cache hit)
2736 http cache estraverse@https://registry.npmjs.org/estraverse/-/estraverse-5.3.0.tgz 0ms (cache hit)
2737 http cache array.prototype.tosorted@https://registry.npmjs.org/array.prototype.tosorted/-/array.prototype.tosorted-1.1.4.tgz 0ms (cache hit)
2738 http cache array.prototype.findlast@https://registry.npmjs.org/array.prototype.findlast/-/array.prototype.findlast-1.2.5.tgz 0ms (cache hit)
2739 http cache jsx-ast-utils@https://registry.npmjs.org/jsx-ast-utils/-/jsx-ast-utils-3.3.5.tgz 0ms (cache hit)
2740 http cache language-tags@https://registry.npmjs.org/language-tags/-/language-tags-1.0.9.tgz 0ms (cache hit)
2741 http cache axobject-query@https://registry.npmjs.org/axobject-query/-/axobject-query-4.1.0.tgz 0ms (cache hit)
2742 http cache axe-core@https://registry.npmjs.org/axe-core/-/axe-core-4.11.0.tgz 0ms (cache hit)
2743 http cache emoji-regex@https://registry.npmjs.org/emoji-regex/-/emoji-regex-9.2.2.tgz 0ms (cache hit)
2744 http cache ast-types-flow@https://registry.npmjs.org/ast-types-flow/-/ast-types-flow-0.0.8.tgz 0ms (cache hit)
2745 http cache is-symbol@https://registry.npmjs.org/is-symbol/-/is-symbol-1.1.1.tgz 0ms (cache hit)
2746 http cache has-tostringtag@https://registry.npmjs.org/has-tostringtag/-/has-tostringtag-1.0.2.tgz 0ms (cache hit)
2747 http cache damerau-levenshtein@https://registry.npmjs.org/damerau-levenshtein/-/damerau-levenshtein-1.0.8.tgz 0ms (cache hit)
2748 http cache aria-query@https://registry.npmjs.org/aria-query/-/aria-query-5.3.2.tgz 0ms (cache hit)
2749 http cache unbox-primitive@https://registry.npmjs.org/unbox-primitive/-/unbox-primitive-1.1.0.tgz 0ms (cache hit)
2750 http cache which-typed-array@https://registry.npmjs.org/which-typed-array/-/which-typed-array-1.1.19.tgz 0ms (cache hit)
2751 http cache possible-typed-array-names@https://registry.npmjs.org/possible-typed-array-names/-/possible-typed-array-names-1.1.0.tgz 0ms (cache hit)
2752 http cache is-date-object@https://registry.npmjs.org/is-date-object/-/is-date-object-1.1.0.tgz 0ms (cache hit)
2753 http cache typed-array-length@https://registry.npmjs.org/typed-array-length/-/typed-array-length-1.0.7.tgz 0ms (cache hit)
2754 http cache typed-array-byte-length@https://registry.npmjs.org/typed-array-byte-length/-/typed-array-byte-length-1.0.3.tgz 0ms (cache hit)
2755 http cache typed-array-buffer@https://registry.npmjs.org/typed-array-buffer/-/typed-array-buffer-1.0.3.tgz 0ms (cache hit)
2756 http cache string.prototype.trimstart@https://registry.npmjs.org/string.prototype.trimstart/-/string.prototype.trimstart-1.0.8.tgz 0ms (cache hit)
2757 http cache string.prototype.trim@https://registry.npmjs.org/string.prototype.trim/-/string.prototype.trim-1.2.10.tgz 0ms (cache hit)
2758 http cache stop-iteration-iterator@https://registry.npmjs.org/stop-iteration-iterator/-/stop-iteration-iterator-1.1.0.tgz 0ms (cache hit)
2759 http cache set-proto@https://registry.npmjs.org/set-proto/-/set-proto-1.0.0.tgz 0ms (cache hit)
2760 http cache safe-regex-test@https://registry.npmjs.org/safe-regex-test/-/safe-regex-test-1.1.0.tgz 0ms (cache hit)
2761 http cache safe-array-concat@https://registry.npmjs.org/safe-array-concat/-/safe-array-concat-1.1.3.tgz 0ms (cache hit)
2762 http cache typed-array-byte-offset@https://registry.npmjs.org/typed-array-byte-offset/-/typed-array-byte-offset-1.0.4.tgz 0ms (cache hit)
2763 http cache safe-push-apply@https://registry.npmjs.org/safe-push-apply/-/safe-push-apply-1.0.0.tgz 0ms (cache hit)
2764 http cache regexp.prototype.flags@https://registry.npmjs.org/regexp.prototype.flags/-/regexp.prototype.flags-1.5.4.tgz 0ms (cache hit)
2765 http cache object.assign@https://registry.npmjs.org/object.assign/-/object.assign-4.1.7.tgz 0ms (cache hit)
2766 http cache own-keys@https://registry.npmjs.org/own-keys/-/own-keys-1.0.1.tgz 0ms (cache hit)
2767 http cache is-weakref@https://registry.npmjs.org/is-weakref/-/is-weakref-1.1.1.tgz 0ms (cache hit)
2768 http cache is-shared-array-buffer@https://registry.npmjs.org/is-shared-array-buffer/-/is-shared-array-buffer-1.0.4.tgz 0ms (cache hit)
2769 http cache is-typed-array@https://registry.npmjs.org/is-typed-array/-/is-typed-array-1.1.15.tgz 0ms (cache hit)
2770 http cache is-set@https://registry.npmjs.org/is-set/-/is-set-2.0.3.tgz 0ms (cache hit)
2771 http cache is-regex@https://registry.npmjs.org/is-regex/-/is-regex-1.2.1.tgz 0ms (cache hit)
2772 http cache is-data-view@https://registry.npmjs.org/is-data-view/-/is-data-view-1.0.2.tgz 0ms (cache hit)
2773 http cache object-inspect@https://registry.npmjs.org/object-inspect/-/object-inspect-1.13.4.tgz 0ms (cache hit)
2774 http cache is-negative-zero@https://registry.npmjs.org/is-negative-zero/-/is-negative-zero-2.0.3.tgz 0ms (cache hit)
2775 http cache is-array-buffer@https://registry.npmjs.org/is-array-buffer/-/is-array-buffer-3.0.5.tgz 0ms (cache hit)
2776 http cache has-symbols@https://registry.npmjs.org/has-symbols/-/has-symbols-1.1.0.tgz 0ms (cache hit)
2777 http cache is-callable@https://registry.npmjs.org/is-callable/-/is-callable-1.2.7.tgz 0ms (cache hit)
2778 http cache get-symbol-description@https://registry.npmjs.org/get-symbol-description/-/get-symbol-description-1.1.0.tgz 0ms (cache hit)
2779 http cache globalthis@https://registry.npmjs.org/globalthis/-/globalthis-1.0.4.tgz 0ms (cache hit)
2780 http cache has-proto@https://registry.npmjs.org/has-proto/-/has-proto-1.2.0.tgz 0ms (cache hit)
2781 http cache get-proto@https://registry.npmjs.org/get-proto/-/get-proto-1.0.1.tgz 0ms (cache hit)
2782 http cache es-to-primitive@https://registry.npmjs.org/es-to-primitive/-/es-to-primitive-1.3.0.tgz 0ms (cache hit)
2783 http cache internal-slot@https://registry.npmjs.org/internal-slot/-/internal-slot-1.1.0.tgz 0ms (cache hit)
2784 http cache function.prototype.name@https://registry.npmjs.org/function.prototype.name/-/function.prototype.name-1.1.8.tgz 0ms (cache hit)
2785 http cache es-set-tostringtag@https://registry.npmjs.org/es-set-tostringtag/-/es-set-tostringtag-2.1.0.tgz 0ms (cache hit)
2786 http cache data-view-buffer@https://registry.npmjs.org/data-view-buffer/-/data-view-buffer-1.0.2.tgz 0ms (cache hit)
2787 http cache data-view-byte-length@https://registry.npmjs.org/data-view-byte-length/-/data-view-byte-length-1.0.2.tgz 0ms (cache hit)
2788 http cache arraybuffer.prototype.slice@https://registry.npmjs.org/arraybuffer.prototype.slice/-/arraybuffer.prototype.slice-1.0.4.tgz 0ms (cache hit)
2789 http cache array-buffer-byte-length@https://registry.npmjs.org/array-buffer-byte-length/-/array-buffer-byte-length-1.0.2.tgz 0ms (cache hit)
2790 http cache gopd@https://registry.npmjs.org/gopd/-/gopd-1.2.0.tgz 0ms (cache hit)
2791 http cache available-typed-arrays@https://registry.npmjs.org/available-typed-arrays/-/available-typed-arrays-1.0.7.tgz 0ms (cache hit)
2792 http cache define-data-property@https://registry.npmjs.org/define-data-property/-/define-data-property-1.1.4.tgz 0ms (cache hit)
2793 http cache data-view-byte-offset@https://registry.npmjs.org/data-view-byte-offset/-/data-view-byte-offset-1.0.1.tgz 0ms (cache hit)
2794 http cache object-keys@https://registry.npmjs.org/object-keys/-/object-keys-1.1.1.tgz 0ms (cache hit)
2795 http cache has-property-descriptors@https://registry.npmjs.org/has-property-descriptors/-/has-property-descriptors-1.0.2.tgz 0ms (cache hit)
2796 http cache set-function-length@https://registry.npmjs.org/set-function-length/-/set-function-length-1.2.2.tgz 0ms (cache hit)
2797 http cache function-bind@https://registry.npmjs.org/function-bind/-/function-bind-1.1.2.tgz 0ms (cache hit)
2798 http cache call-bind-apply-helpers@https://registry.npmjs.org/call-bind-apply-helpers/-/call-bind-apply-helpers-1.0.2.tgz 0ms (cache hit)
2799 http cache es-shim-unscopables@https://registry.npmjs.org/es-shim-unscopables/-/es-shim-unscopables-1.1.0.tgz 0ms (cache hit)
2800 http cache math-intrinsics@https://registry.npmjs.org/math-intrinsics/-/math-intrinsics-1.1.0.tgz 0ms (cache hit)
2801 http cache es-define-property@https://registry.npmjs.org/es-define-property/-/es-define-property-1.0.1.tgz 0ms (cache hit)
2802 http cache es-errors@https://registry.npmjs.org/es-errors/-/es-errors-1.3.0.tgz 0ms (cache hit)
2803 http cache es-object-atoms@https://registry.npmjs.org/es-object-atoms/-/es-object-atoms-1.1.1.tgz 0ms (cache hit)
2804 http cache es-abstract@https://registry.npmjs.org/es-abstract/-/es-abstract-1.24.0.tgz 0ms (cache hit)
2805 http cache is-string@https://registry.npmjs.org/is-string/-/is-string-1.1.1.tgz 0ms (cache hit)
2806 http cache call-bind@https://registry.npmjs.org/call-bind/-/call-bind-1.0.8.tgz 0ms (cache hit)
2807 http cache define-properties@https://registry.npmjs.org/define-properties/-/define-properties-1.2.1.tgz 0ms (cache hit)
2808 http cache call-bound@https://registry.npmjs.org/call-bound/-/call-bound-1.0.4.tgz 0ms (cache hit)
2809 http cache string.prototype.trimend@https://registry.npmjs.org/string.prototype.trimend/-/string.prototype.trimend-1.0.9.tgz 0ms (cache hit)
2810 http cache object.values@https://registry.npmjs.org/object.values/-/object.values-1.2.1.tgz 0ms (cache hit)
2811 http cache semver@https://registry.npmjs.org/semver/-/semver-6.3.1.tgz 0ms (cache hit)
2812 http cache object.groupby@https://registry.npmjs.org/object.groupby/-/object.groupby-1.0.3.tgz 0ms (cache hit)
2813 http cache tsconfig-paths@https://registry.npmjs.org/tsconfig-paths/-/tsconfig-paths-3.15.0.tgz 0ms (cache hit)
2814 http cache object.fromentries@https://registry.npmjs.org/object.fromentries/-/object.fromentries-2.0.8.tgz 0ms (cache hit)
2815 http cache get-intrinsic@https://registry.npmjs.org/get-intrinsic/-/get-intrinsic-1.3.0.tgz 0ms (cache hit)
2816 http cache hasown@https://registry.npmjs.org/hasown/-/hasown-2.0.2.tgz 0ms (cache hit)
2817 http cache array.prototype.flat@https://registry.npmjs.org/array.prototype.flat/-/array.prototype.flat-1.3.3.tgz 0ms (cache hit)
2818 http cache array.prototype.flatmap@https://registry.npmjs.org/array.prototype.flatmap/-/array.prototype.flatmap-1.3.3.tgz 0ms (cache hit)
2819 http cache eslint-module-utils@https://registry.npmjs.org/eslint-module-utils/-/eslint-module-utils-2.12.1.tgz 0ms (cache hit)
2820 http cache array-includes@https://registry.npmjs.org/array-includes/-/array-includes-3.1.9.tgz 0ms (cache hit)
2821 http cache @rtsao/scc@https://registry.npmjs.org/@rtsao/scc/-/scc-1.1.0.tgz 0ms (cache hit)
2822 http cache unrs-resolver@https://registry.npmjs.org/unrs-resolver/-/unrs-resolver-1.11.1.tgz 0ms (cache hit)
2823 http cache array.prototype.findlastindex@https://registry.npmjs.org/array.prototype.findlastindex/-/array.prototype.findlastindex-1.2.6.tgz 0ms (cache hit)
2824 http cache stable-hash@https://registry.npmjs.org/stable-hash/-/stable-hash-0.0.5.tgz 0ms (cache hit)
2825 http cache doctrine@https://registry.npmjs.org/doctrine/-/doctrine-2.1.0.tgz 0ms (cache hit)
2826 http cache is-bun-module@https://registry.npmjs.org/is-bun-module/-/is-bun-module-2.0.0.tgz 0ms (cache hit)
2827 http cache get-tsconfig@https://registry.npmjs.org/get-tsconfig/-/get-tsconfig-4.13.0.tgz 0ms (cache hit)
2828 http cache @nolyfill/is-core-module@https://registry.npmjs.org/@nolyfill/is-core-module/-/is-core-module-1.0.39.tgz 0ms (cache hit)
2829 http cache resolve@https://registry.npmjs.org/resolve/-/resolve-1.22.11.tgz 0ms (cache hit)
2830 http cache is-core-module@https://registry.npmjs.org/is-core-module/-/is-core-module-2.16.1.tgz 0ms (cache hit)
2831 http cache eslint-plugin-react-hooks@https://registry.npmjs.org/eslint-plugin-react-hooks/-/eslint-plugin-react-hooks-7.0.1.tgz 0ms (cache hit)
2832 http cache fast-glob@https://registry.npmjs.org/fast-glob/-/fast-glob-3.3.1.tgz 0ms (cache hit)
2833 http cache tinyglobby@https://registry.npmjs.org/tinyglobby/-/tinyglobby-0.2.15.tgz 0ms (cache hit)
2834 http cache eslint-plugin-react@https://registry.npmjs.org/eslint-plugin-react/-/eslint-plugin-react-7.37.5.tgz 0ms (cache hit)
2835 http cache eslint-plugin-jsx-a11y@https://registry.npmjs.org/eslint-plugin-jsx-a11y/-/eslint-plugin-jsx-a11y-6.10.2.tgz 0ms (cache hit)
2836 http cache typescript-eslint@https://registry.npmjs.org/typescript-eslint/-/typescript-eslint-8.46.2.tgz 0ms (cache hit)
2837 http cache eslint-import-resolver-typescript@https://registry.npmjs.org/eslint-import-resolver-typescript/-/eslint-import-resolver-typescript-3.10.1.tgz 0ms (cache hit)
2838 http cache @next/eslint-plugin-next@https://registry.npmjs.org/@next/eslint-plugin-next/-/eslint-plugin-next-16.0.1.tgz 0ms (cache hit)
2839 http cache eslint-plugin-import@https://registry.npmjs.org/eslint-plugin-import/-/eslint-plugin-import-2.32.0.tgz 0ms (cache hit)
2840 http cache which@https://registry.npmjs.org/which/-/which-2.0.2.tgz 0ms (cache hit)
2841 http cache eslint-import-resolver-node@https://registry.npmjs.org/eslint-import-resolver-node/-/eslint-import-resolver-node-0.3.9.tgz 0ms (cache hit)
2842 http cache color-name@https://registry.npmjs.org/color-name/-/color-name-1.1.4.tgz 0ms (cache hit)
2843 http cache path-key@https://registry.npmjs.org/path-key/-/path-key-3.1.1.tgz 0ms (cache hit)
2844 http cache uri-js@https://registry.npmjs.org/uri-js/-/uri-js-4.4.1.tgz 0ms (cache hit)
2845 http cache supports-color@https://registry.npmjs.org/supports-color/-/supports-color-7.2.0.tgz 0ms (cache hit)
2846 http cache ansi-styles@https://registry.npmjs.org/ansi-styles/-/ansi-styles-4.3.0.tgz 0ms (cache hit)
2847 http cache color-convert@https://registry.npmjs.org/color-convert/-/color-convert-2.0.1.tgz 0ms (cache hit)
2848 http cache json-schema-traverse@https://registry.npmjs.org/json-schema-traverse/-/json-schema-traverse-0.4.1.tgz 0ms (cache hit)
2849 http cache fast-json-stable-stringify@https://registry.npmjs.org/fast-json-stable-stringify/-/fast-json-stable-stringify-2.1.0.tgz 0ms (cache hit)
2850 http cache @humanfs/core@https://registry.npmjs.org/@humanfs/core/-/core-0.19.1.tgz 0ms (cache hit)
2851 http cache import-fresh@https://registry.npmjs.org/import-fresh/-/import-fresh-3.3.1.tgz 0ms (cache hit)
2852 http cache shebang-command@https://registry.npmjs.org/shebang-command/-/shebang-command-2.0.0.tgz 0ms (cache hit)
2853 http cache js-yaml@https://registry.npmjs.org/js-yaml/-/js-yaml-4.1.0.tgz 0ms (cache hit)
2854 http cache strip-json-comments@https://registry.npmjs.org/strip-json-comments/-/strip-json-comments-3.1.1.tgz 0ms (cache hit)
2855 http cache levn@https://registry.npmjs.org/levn/-/levn-0.4.1.tgz 0ms (cache hit)
2856 http cache @types/json-schema@https://registry.npmjs.org/@types/json-schema/-/json-schema-7.0.15.tgz 0ms (cache hit)
2857 http cache globals@https://registry.npmjs.org/globals/-/globals-14.0.0.tgz 0ms (cache hit)
2858 http cache ms@https://registry.npmjs.org/ms/-/ms-2.1.3.tgz 0ms (cache hit)
2859 http cache @eslint/object-schema@https://registry.npmjs.org/@eslint/object-schema/-/object-schema-2.1.7.tgz 0ms (cache hit)
2860 http cache minimatch@https://registry.npmjs.org/minimatch/-/minimatch-3.1.2.tgz 0ms (cache hit)
2861 http cache natural-compare@https://registry.npmjs.org/natural-compare/-/natural-compare-1.4.0.tgz 0ms (cache hit)
2862 http cache optionator@https://registry.npmjs.org/optionator/-/optionator-0.9.4.tgz 0ms (cache hit)
2863 http cache imurmurhash@https://registry.npmjs.org/imurmurhash/-/imurmurhash-0.1.4.tgz 0ms (cache hit)
2864 http cache json-stable-stringify-without-jsonify@https://registry.npmjs.org/json-stable-stringify-without-jsonify/-/json-stable-stringify-without-jsonify-1.0.1.tgz 0ms (cache hit)
2865 http cache is-glob@https://registry.npmjs.org/is-glob/-/is-glob-4.0.3.tgz 0ms (cache hit)
2866 http cache glob-parent@https://registry.npmjs.org/glob-parent/-/glob-parent-6.0.2.tgz 0ms (cache hit)
2867 http cache find-up@https://registry.npmjs.org/find-up/-/find-up-5.0.0.tgz 0ms (cache hit)
2868 http cache lodash.merge@https://registry.npmjs.org/lodash.merge/-/lodash.merge-4.6.2.tgz 0ms (cache hit)
2869 http cache file-entry-cache@https://registry.npmjs.org/file-entry-cache/-/file-entry-cache-8.0.0.tgz 0ms (cache hit)
2870 http cache fast-deep-equal@https://registry.npmjs.org/fast-deep-equal/-/fast-deep-equal-3.1.3.tgz 0ms (cache hit)
2871 http cache esutils@https://registry.npmjs.org/esutils/-/esutils-2.0.3.tgz 0ms (cache hit)
2872 http cache eslint-visitor-keys@https://registry.npmjs.org/eslint-visitor-keys/-/eslint-visitor-keys-4.2.1.tgz 0ms (cache hit)
2873 http cache espree@https://registry.npmjs.org/espree/-/espree-10.4.0.tgz 0ms (cache hit)
2874 http cache eslint-scope@https://registry.npmjs.org/eslint-scope/-/eslint-scope-8.4.0.tgz 0ms (cache hit)
2875 http cache escape-string-regexp@https://registry.npmjs.org/escape-string-regexp/-/escape-string-regexp-4.0.0.tgz 0ms (cache hit)
2876 http cache debug@https://registry.npmjs.org/debug/-/debug-4.4.3.tgz 0ms (cache hit)
2877 http cache cross-spawn@https://registry.npmjs.org/cross-spawn/-/cross-spawn-7.0.6.tgz 0ms (cache hit)
2878 http cache esquery@https://registry.npmjs.org/esquery/-/esquery-1.6.0.tgz 0ms (cache hit)
2879 http cache chalk@https://registry.npmjs.org/chalk/-/chalk-4.1.2.tgz 0ms (cache hit)
2880 http cache ajv@https://registry.npmjs.org/ajv/-/ajv-6.12.6.tgz 0ms (cache hit)
2881 http cache @types/estree@https://registry.npmjs.org/@types/estree/-/estree-1.0.8.tgz 0ms (cache hit)
2882 http cache @humanwhocodes/module-importer@https://registry.npmjs.org/@humanwhocodes/module-importer/-/module-importer-1.0.1.tgz 0ms (cache hit)
2883 http cache @humanfs/node@https://registry.npmjs.org/@humanfs/node/-/node-0.16.7.tgz 0ms (cache hit)
2884 http cache @eslint/plugin-kit@https://registry.npmjs.org/@eslint/plugin-kit/-/plugin-kit-0.4.1.tgz 0ms (cache hit)
2885 http cache @eslint/js@https://registry.npmjs.org/@eslint/js/-/js-9.39.0.tgz 0ms (cache hit)
2886 http cache @eslint/eslintrc@https://registry.npmjs.org/@eslint/eslintrc/-/eslintrc-3.3.1.tgz 0ms (cache hit)
2887 http cache @eslint/core@https://registry.npmjs.org/@eslint/core/-/core-0.17.0.tgz 0ms (cache hit)
2888 http cache @humanwhocodes/retry@https://registry.npmjs.org/@humanwhocodes/retry/-/retry-0.4.3.tgz 0ms (cache hit)
2889 http cache @eslint-community/regexpp@https://registry.npmjs.org/@eslint-community/regexpp/-/regexpp-4.12.2.tgz 0ms (cache hit)
2890 http cache @eslint/config-array@https://registry.npmjs.org/@eslint/config-array/-/config-array-0.21.1.tgz 0ms (cache hit)
2891 http cache @eslint/config-helpers@https://registry.npmjs.org/@eslint/config-helpers/-/config-helpers-0.4.2.tgz 0ms (cache hit)
2892 http cache graceful-fs@https://registry.npmjs.org/graceful-fs/-/graceful-fs-4.2.11.tgz 0ms (cache hit)
2893 http cache @eslint-community/eslint-utils@https://registry.npmjs.org/@eslint-community/eslint-utils/-/eslint-utils-4.9.0.tgz 0ms (cache hit)
2894 http cache @tailwindcss/oxide-darwin-arm64@https://registry.npmjs.org/@tailwindcss/oxide-darwin-arm64/-/oxide-darwin-arm64-4.1.16.tgz 0ms (cache hit)
2895 http cache csstype@https://registry.npmjs.org/csstype/-/csstype-3.1.3.tgz 0ms (cache hit)
2896 http cache undici-types@https://registry.npmjs.org/undici-types/-/undici-types-6.21.0.tgz 0ms (cache hit)
2897 http cache @jridgewell/resolve-uri@https://registry.npmjs.org/@jridgewell/resolve-uri/-/resolve-uri-3.1.2.tgz 0ms (cache hit)
2898 http cache @jridgewell/sourcemap-codec@https://registry.npmjs.org/@jridgewell/sourcemap-codec/-/sourcemap-codec-1.5.5.tgz 0ms (cache hit)
2899 http cache @jridgewell/trace-mapping@https://registry.npmjs.org/@jridgewell/trace-mapping/-/trace-mapping-0.3.31.tgz 0ms (cache hit)
2900 http cache tapable@https://registry.npmjs.org/tapable/-/tapable-2.3.0.tgz 0ms (cache hit)
2901 http cache @jridgewell/gen-mapping@https://registry.npmjs.org/@jridgewell/gen-mapping/-/gen-mapping-0.3.13.tgz 0ms (cache hit)
2902 http cache magic-string@https://registry.npmjs.org/magic-string/-/magic-string-0.30.21.tgz 0ms (cache hit)
2903 http cache jiti@https://registry.npmjs.org/jiti/-/jiti-2.6.1.tgz 0ms (cache hit)
2904 http cache source-map-js@https://registry.npmjs.org/source-map-js/-/source-map-js-1.2.1.tgz 0ms (cache hit)
2905 http cache @jridgewell/remapping@https://registry.npmjs.org/@jridgewell/remapping/-/remapping-2.3.5.tgz 0ms (cache hit)
2906 http cache enhanced-resolve@https://registry.npmjs.org/enhanced-resolve/-/enhanced-resolve-5.18.3.tgz 0ms (cache hit)
2907 http cache postcss@https://registry.npmjs.org/postcss/-/postcss-8.5.6.tgz 0ms (cache hit)
2908 http cache @tailwindcss/oxide@https://registry.npmjs.org/@tailwindcss/oxide/-/oxide-4.1.16.tgz 0ms (cache hit)
2909 http cache @tailwindcss/node@https://registry.npmjs.org/@tailwindcss/node/-/node-4.1.16.tgz 0ms (cache hit)
2910 http cache lightningcss@https://registry.npmjs.org/lightningcss/-/lightningcss-1.30.2.tgz 0ms (cache hit)
2911 http cache @alloc/quick-lru@https://registry.npmjs.org/@alloc/quick-lru/-/quick-lru-5.2.0.tgz 0ms (cache hit)
2912 http cache typescript@https://registry.npmjs.org/typescript/-/typescript-5.9.3.tgz 0ms (cache hit)
2913 http cache tailwindcss@https://registry.npmjs.org/tailwindcss/-/tailwindcss-4.1.16.tgz 0ms (cache hit)
2914 http cache react@https://registry.npmjs.org/react/-/react-19.2.0.tgz 0ms (cache hit)
2915 http cache next@https://registry.npmjs.org/next/-/next-16.0.1.tgz 0ms (cache hit)
2916 http cache eslint-config-next@https://registry.npmjs.org/eslint-config-next/-/eslint-config-next-16.0.1.tgz 0ms (cache hit)
2917 http cache @types/react-dom@https://registry.npmjs.org/@types/react-dom/-/react-dom-19.2.2.tgz 0ms (cache hit)
2918 http cache eslint@https://registry.npmjs.org/eslint/-/eslint-9.39.0.tgz 0ms (cache hit)
2919 http cache react-dom@https://registry.npmjs.org/react-dom/-/react-dom-19.2.0.tgz 0ms (cache hit)
2920 http cache @types/react@https://registry.npmjs.org/@types/react/-/react-19.2.2.tgz 0ms (cache hit)
2921 http cache @types/node@https://registry.npmjs.org/@types/node/-/node-20.19.24.tgz 0ms (cache hit)
2922 http cache @tailwindcss/postcss@https://registry.npmjs.org/@tailwindcss/postcss/-/postcss-4.1.16.tgz 0ms (cache hit)
2923 http cache glob-parent@https://registry.npmjs.org/glob-parent/-/glob-parent-5.1.2.tgz 0ms (cache hit)
2924 http cache semver@https://registry.npmjs.org/semver/-/semver-7.7.3.tgz 0ms (cache hit)
2925 http cache fast-glob@https://registry.npmjs.org/fast-glob/-/fast-glob-3.3.3.tgz 0ms (cache hit)
2926 http cache ignore@https://registry.npmjs.org/ignore/-/ignore-5.3.2.tgz 0ms (cache hit)
2927 http cache ignore@https://registry.npmjs.org/ignore/-/ignore-7.0.5.tgz 0ms (cache hit)
2928 http cache minimatch@https://registry.npmjs.org/minimatch/-/minimatch-9.0.5.tgz 0ms (cache hit)
2929 http cache brace-expansion@https://registry.npmjs.org/brace-expansion/-/brace-expansion-2.0.2.tgz 0ms (cache hit)
2930 http cache semver@https://registry.npmjs.org/semver/-/semver-7.7.3.tgz 0ms (cache hit)
2931 http cache picomatch@https://registry.npmjs.org/picomatch/-/picomatch-4.0.3.tgz 0ms (cache hit)
2932 http cache debug@https://registry.npmjs.org/debug/-/debug-3.2.7.tgz 0ms (cache hit)
2933 http cache resolve@https://registry.npmjs.org/resolve/-/resolve-2.0.0-next.5.tgz 0ms (cache hit)
2934 http cache glob-parent@https://registry.npmjs.org/glob-parent/-/glob-parent-5.1.2.tgz 0ms (cache hit)
2935 http cache semver@https://registry.npmjs.org/semver/-/semver-7.7.3.tgz 0ms (cache hit)
2936 http cache debug@https://registry.npmjs.org/debug/-/debug-3.2.7.tgz 0ms (cache hit)
2937 http cache json5@https://registry.npmjs.org/json5/-/json5-1.0.2.tgz 0ms (cache hit)
2938 http cache fdir@https://registry.npmjs.org/fdir/-/fdir-6.5.0.tgz 0ms (cache hit)
2939 http cache eslint-visitor-keys@https://registry.npmjs.org/eslint-visitor-keys/-/eslint-visitor-keys-3.4.3.tgz 0ms (cache hit)
2940 http cache debug@https://registry.npmjs.org/debug/-/debug-3.2.7.tgz 0ms (cache hit)
2941 http cache postcss@https://registry.npmjs.org/postcss/-/postcss-8.4.31.tgz 0ms (cache hit)
2942 silly tarball no local data for is-weakset@https://registry.npmjs.org/is-weakset/-/is-weakset-2.0.4.tgz. Extracting by manifest.
2943 http cache globals@https://registry.npmjs.org/globals/-/globals-16.4.0.tgz 0ms (cache hit)
2944 silly tarball no local data for is-weakmap@https://registry.npmjs.org/is-weakmap/-/is-weakmap-2.0.2.tgz. Extracting by manifest.
2945 silly tarball no local data for is-map@https://registry.npmjs.org/is-map/-/is-map-2.0.3.tgz. Extracting by manifest.
2946 silly tarball no local data for async-function@https://registry.npmjs.org/async-function/-/async-function-1.0.0.tgz. Extracting by manifest.
2947 silly tarball no local data for generator-function@https://registry.npmjs.org/generator-function/-/generator-function-2.0.1.tgz. Extracting by manifest.
2948 silly tarball no local data for which-collection@https://registry.npmjs.org/which-collection/-/which-collection-1.0.2.tgz. Extracting by manifest.
2949 silly tarball no local data for is-finalizationregistry@https://registry.npmjs.org/is-finalizationregistry/-/is-finalizationregistry-1.1.1.tgz. Extracting by manifest.
2950 silly tarball no local data for is-generator-function@https://registry.npmjs.org/is-generator-function/-/is-generator-function-1.1.2.tgz. Extracting by manifest.
2951 silly tarball no local data for is-async-function@https://registry.npmjs.org/is-async-function/-/is-async-function-2.1.1.tgz. Extracting by manifest.
2952 silly tarball no local data for is-number-object@https://registry.npmjs.org/is-number-object/-/is-number-object-1.1.1.tgz. Extracting by manifest.
2953 silly tarball no local data for is-boolean-object@https://registry.npmjs.org/is-boolean-object/-/is-boolean-object-1.2.2.tgz. Extracting by manifest.
2954 silly tarball no local data for is-bigint@https://registry.npmjs.org/is-bigint/-/is-bigint-1.1.0.tgz. Extracting by manifest.
2955 silly tarball no local data for isexe@https://registry.npmjs.org/isexe/-/isexe-2.0.0.tgz. Extracting by manifest.
2956 silly tarball no local data for punycode@https://registry.npmjs.org/punycode/-/punycode-2.3.1.tgz. Extracting by manifest.
2957 silly tarball no local data for escalade@https://registry.npmjs.org/escalade/-/escalade-3.2.0.tgz. Extracting by manifest.
2958 silly tarball no local data for @emnapi/wasi-threads@https://registry.npmjs.org/@emnapi/wasi-threads/-/wasi-threads-1.1.0.tgz. Extracting by manifest.
2959 silly tarball no local data for @tybys/wasm-util@https://registry.npmjs.org/@tybys/wasm-util/-/wasm-util-0.10.1.tgz. Extracting by manifest.
2960 silly tarball no local data for @emnapi/core@https://registry.npmjs.org/@emnapi/core/-/core-1.7.0.tgz. Extracting by manifest.
2961 silly tarball no local data for @napi-rs/wasm-runtime@https://registry.npmjs.org/@napi-rs/wasm-runtime/-/wasm-runtime-0.2.12.tgz. Extracting by manifest.
2962 silly tarball no local data for napi-postinstall@https://registry.npmjs.org/napi-postinstall/-/napi-postinstall-0.3.4.tgz. Extracting by manifest.
2963 silly tarball no local data for @unrs/resolver-binding-darwin-arm64@https://registry.npmjs.org/@unrs/resolver-binding-darwin-arm64/-/resolver-binding-darwin-arm64-1.11.1.tgz. Extracting by manifest.
2964 silly tarball no local data for which-boxed-primitive@https://registry.npmjs.org/which-boxed-primitive/-/which-boxed-primitive-1.1.1.tgz. Extracting by manifest.
2965 silly tarball no local data for has-bigints@https://registry.npmjs.org/has-bigints/-/has-bigints-1.1.0.tgz. Extracting by manifest.
2966 silly tarball no local data for @typescript-eslint/tsconfig-utils@https://registry.npmjs.org/@typescript-eslint/tsconfig-utils/-/tsconfig-utils-8.46.2.tgz. Extracting by manifest.
2967 silly tarball no local data for @typescript-eslint/types@https://registry.npmjs.org/@typescript-eslint/types/-/types-8.46.2.tgz. Extracting by manifest.
2968 silly tarball no local data for ts-api-utils@https://registry.npmjs.org/ts-api-utils/-/ts-api-utils-2.1.0.tgz. Extracting by manifest.
2969 silly tarball no local data for graphemer@https://registry.npmjs.org/graphemer/-/graphemer-1.4.0.tgz. Extracting by manifest.
2970 silly tarball no local data for @typescript-eslint/visitor-keys@https://registry.npmjs.org/@typescript-eslint/visitor-keys/-/visitor-keys-8.46.2.tgz. Extracting by manifest.
2971 silly tarball no local data for @typescript-eslint/type-utils@https://registry.npmjs.org/@typescript-eslint/type-utils/-/type-utils-8.46.2.tgz. Extracting by manifest.
2972 silly tarball no local data for @typescript-eslint/scope-manager@https://registry.npmjs.org/@typescript-eslint/scope-manager/-/scope-manager-8.46.2.tgz. Extracting by manifest.
2973 silly tarball no local data for @typescript-eslint/utils@https://registry.npmjs.org/@typescript-eslint/utils/-/utils-8.46.2.tgz. Extracting by manifest.
2974 silly tarball no local data for @typescript-eslint/typescript-estree@https://registry.npmjs.org/@typescript-eslint/typescript-estree/-/typescript-estree-8.46.2.tgz. Extracting by manifest.
2975 silly tarball no local data for @typescript-eslint/parser@https://registry.npmjs.org/@typescript-eslint/parser/-/parser-8.46.2.tgz. Extracting by manifest.
2976 silly tarball no local data for which-builtin-type@https://registry.npmjs.org/which-builtin-type/-/which-builtin-type-1.2.1.tgz. Extracting by manifest.
2977 silly tarball no local data for @typescript-eslint/eslint-plugin@https://registry.npmjs.org/@typescript-eslint/eslint-plugin/-/eslint-plugin-8.46.2.tgz. Extracting by manifest.
2978 silly tarball no local data for reflect.getprototypeof@https://registry.npmjs.org/reflect.getprototypeof/-/reflect.getprototypeof-1.0.10.tgz. Extracting by manifest.
2979 silly tarball no local data for for-each@https://registry.npmjs.org/for-each/-/for-each-0.3.5.tgz. Extracting by manifest.
2980 silly tarball no local data for strip-bom@https://registry.npmjs.org/strip-bom/-/strip-bom-3.0.0.tgz. Extracting by manifest.
2981 silly tarball no local data for minimist@https://registry.npmjs.org/minimist/-/minimist-1.2.8.tgz. Extracting by manifest.
2982 silly tarball no local data for @types/json5@https://registry.npmjs.org/@types/json5/-/json5-0.0.29.tgz. Extracting by manifest.
2983 silly tarball no local data for is-number@https://registry.npmjs.org/is-number/-/is-number-7.0.0.tgz. Extracting by manifest.
2984 silly tarball no local data for client-only@https://registry.npmjs.org/client-only/-/client-only-0.0.1.tgz. Extracting by manifest.
2985 silly tarball no local data for has-flag@https://registry.npmjs.org/has-flag/-/has-flag-4.0.0.tgz. Extracting by manifest.
2986 silly tarball no local data for side-channel-weakmap@https://registry.npmjs.org/side-channel-weakmap/-/side-channel-weakmap-1.0.2.tgz. Extracting by manifest.
2987 silly tarball no local data for shebang-regex@https://registry.npmjs.org/shebang-regex/-/shebang-regex-3.0.0.tgz. Extracting by manifest.
2988 silly tarball no local data for @emnapi/runtime@https://registry.npmjs.org/@emnapi/runtime/-/runtime-1.7.0.tgz. Extracting by manifest.
2989 silly tarball no local data for side-channel-list@https://registry.npmjs.org/side-channel-list/-/side-channel-list-1.0.0.tgz. Extracting by manifest.
2990 silly tarball no local data for @img/sharp-libvips-darwin-arm64@https://registry.npmjs.org/@img/sharp-libvips-darwin-arm64/-/sharp-libvips-darwin-arm64-1.2.3.tgz. Extracting by manifest.
2991 silly tarball no local data for @img/sharp-darwin-arm64@https://registry.npmjs.org/@img/sharp-darwin-arm64/-/sharp-darwin-arm64-0.34.4.tgz. Extracting by manifest.
2992 silly tarball no local data for @typescript-eslint/project-service@https://registry.npmjs.org/@typescript-eslint/project-service/-/project-service-8.46.2.tgz. Extracting by manifest.
2993 silly tarball no local data for @img/colour@https://registry.npmjs.org/@img/colour/-/colour-1.0.0.tgz. Extracting by manifest.
2994 silly tarball no local data for isarray@https://registry.npmjs.org/isarray/-/isarray-2.0.5.tgz. Extracting by manifest.
2995 silly tarball no local data for queue-microtask@https://registry.npmjs.org/queue-microtask/-/queue-microtask-1.2.3.tgz. Extracting by manifest.
2996 silly tarball no local data for side-channel-map@https://registry.npmjs.org/side-channel-map/-/side-channel-map-1.0.1.tgz. Extracting by manifest.
2997 silly tarball no local data for path-parse@https://registry.npmjs.org/path-parse/-/path-parse-1.0.7.tgz. Extracting by manifest.
2998 silly tarball no local data for supports-preserve-symlinks-flag@https://registry.npmjs.org/supports-preserve-symlinks-flag/-/supports-preserve-symlinks-flag-1.0.0.tgz. Extracting by manifest.
2999 silly tarball no local data for scheduler@https://registry.npmjs.org/scheduler/-/scheduler-0.27.0.tgz. Extracting by manifest.
3000 silly tarball no local data for object-assign@https://registry.npmjs.org/object-assign/-/object-assign-4.1.1.tgz. Extracting by manifest.
3001 silly tarball no local data for loose-envify@https://registry.npmjs.org/loose-envify/-/loose-envify-1.4.0.tgz. Extracting by manifest.
3002 silly tarball no local data for nanoid@https://registry.npmjs.org/nanoid/-/nanoid-3.3.11.tgz. Extracting by manifest.
3003 silly tarball no local data for callsites@https://registry.npmjs.org/callsites/-/callsites-3.1.0.tgz. Extracting by manifest.
3004 silly tarball no local data for yocto-queue@https://registry.npmjs.org/yocto-queue/-/yocto-queue-0.1.0.tgz. Extracting by manifest.
3005 silly tarball no local data for p-limit@https://registry.npmjs.org/p-limit/-/p-limit-3.1.0.tgz. Extracting by manifest.
3006 silly tarball no local data for word-wrap@https://registry.npmjs.org/word-wrap/-/word-wrap-1.2.5.tgz. Extracting by manifest.
3007 silly tarball no local data for fast-levenshtein@https://registry.npmjs.org/fast-levenshtein/-/fast-levenshtein-2.0.6.tgz. Extracting by manifest.
3008 silly tarball no local data for deep-is@https://registry.npmjs.org/deep-is/-/deep-is-0.1.4.tgz. Extracting by manifest.
3009 silly tarball no local data for tslib@https://registry.npmjs.org/tslib/-/tslib-2.8.1.tgz. Extracting by manifest.
3010 silly tarball no local data for styled-jsx@https://registry.npmjs.org/styled-jsx/-/styled-jsx-5.1.6.tgz. Extracting by manifest.
3011 silly tarball no local data for @swc/helpers@https://registry.npmjs.org/@swc/helpers/-/helpers-0.5.15.tgz. Extracting by manifest.
3012 silly tarball no local data for @next/swc-darwin-arm64@https://registry.npmjs.org/@next/swc-darwin-arm64/-/swc-darwin-arm64-16.0.1.tgz. Extracting by manifest.
3013 silly tarball no local data for @next/env@https://registry.npmjs.org/@next/env/-/env-16.0.1.tgz. Extracting by manifest.
3014 silly tarball no local data for react-is@https://registry.npmjs.org/react-is/-/react-is-16.13.1.tgz. Extracting by manifest.
3015 silly tarball no local data for concat-map@https://registry.npmjs.org/concat-map/-/concat-map-0.0.1.tgz. Extracting by manifest.
3016 silly tarball no local data for balanced-match@https://registry.npmjs.org/balanced-match/-/balanced-match-1.0.2.tgz. Extracting by manifest.
3017 silly tarball no local data for brace-expansion@https://registry.npmjs.org/brace-expansion/-/brace-expansion-1.1.12.tgz. Extracting by manifest.
3018 silly tarball no local data for to-regex-range@https://registry.npmjs.org/to-regex-range/-/to-regex-range-5.0.1.tgz. Extracting by manifest.
3019 silly tarball no local data for fill-range@https://registry.npmjs.org/fill-range/-/fill-range-7.1.1.tgz. Extracting by manifest.
3020 silly tarball no local data for picomatch@https://registry.npmjs.org/picomatch/-/picomatch-2.3.1.tgz. Extracting by manifest.
3021 silly tarball no local data for sharp@https://registry.npmjs.org/sharp/-/sharp-0.34.4.tgz. Extracting by manifest.
3022 silly tarball no local data for braces@https://registry.npmjs.org/braces/-/braces-3.0.3.tgz. Extracting by manifest.
3023 silly tarball no local data for yallist@https://registry.npmjs.org/yallist/-/yallist-3.1.1.tgz. Extracting by manifest.
3024 silly tarball no local data for lightningcss-darwin-arm64@https://registry.npmjs.org/lightningcss-darwin-arm64/-/lightningcss-darwin-arm64-1.30.2.tgz. Extracting by manifest.
3025 silly tarball no local data for p-locate@https://registry.npmjs.org/p-locate/-/p-locate-5.0.0.tgz. Extracting by manifest.
3026 silly tarball no local data for detect-libc@https://registry.npmjs.org/detect-libc/-/detect-libc-2.1.2.tgz. Extracting by manifest.
3027 silly tarball no local data for type-check@https://registry.npmjs.org/type-check/-/type-check-0.4.0.tgz. Extracting by manifest.
3028 silly tarball no local data for prelude-ls@https://registry.npmjs.org/prelude-ls/-/prelude-ls-1.2.1.tgz. Extracting by manifest.
3029 silly tarball no local data for language-subtag-registry@https://registry.npmjs.org/language-subtag-registry/-/language-subtag-registry-0.3.23.tgz. Extracting by manifest.
3030 silly tarball no local data for argparse@https://registry.npmjs.org/argparse/-/argparse-2.0.1.tgz. Extracting by manifest.
3031 silly tarball no local data for json-buffer@https://registry.npmjs.org/json-buffer/-/json-buffer-3.0.1.tgz. Extracting by manifest.
3032 silly tarball no local data for set-function-name@https://registry.npmjs.org/set-function-name/-/set-function-name-2.0.2.tgz. Extracting by manifest.
3033 silly tarball no local data for side-channel@https://registry.npmjs.org/side-channel/-/side-channel-1.1.0.tgz. Extracting by manifest.
3034 silly tarball no local data for resolve-from@https://registry.npmjs.org/resolve-from/-/resolve-from-4.0.0.tgz. Extracting by manifest.
3035 silly tarball no local data for parent-module@https://registry.npmjs.org/parent-module/-/parent-module-1.0.1.tgz. Extracting by manifest.
3036 silly tarball no local data for hermes-estree@https://registry.npmjs.org/hermes-estree/-/hermes-estree-0.25.1.tgz. Extracting by manifest.
3037 silly tarball no local data for resolve-pkg-maps@https://registry.npmjs.org/resolve-pkg-maps/-/resolve-pkg-maps-1.0.0.tgz. Extracting by manifest.
3038 silly tarball no local data for dunder-proto@https://registry.npmjs.org/dunder-proto/-/dunder-proto-1.0.1.tgz. Extracting by manifest.
3039 silly tarball no local data for keyv@https://registry.npmjs.org/keyv/-/keyv-4.5.4.tgz. Extracting by manifest.
3040 silly tarball no local data for flatted@https://registry.npmjs.org/flatted/-/flatted-3.3.3.tgz. Extracting by manifest.
3041 silly tarball no local data for path-exists@https://registry.npmjs.org/path-exists/-/path-exists-4.0.0.tgz. Extracting by manifest.
3042 silly tarball no local data for is-extglob@https://registry.npmjs.org/is-extglob/-/is-extglob-2.1.1.tgz. Extracting by manifest.
3043 silly tarball no local data for locate-path@https://registry.npmjs.org/locate-path/-/locate-path-6.0.0.tgz. Extracting by manifest.
3044 silly tarball no local data for flat-cache@https://registry.npmjs.org/flat-cache/-/flat-cache-4.0.1.tgz. Extracting by manifest.
3045 silly tarball no local data for functions-have-names@https://registry.npmjs.org/functions-have-names/-/functions-have-names-1.2.3.tgz. Extracting by manifest.
3046 silly tarball no local data for fastq@https://registry.npmjs.org/fastq/-/fastq-1.19.1.tgz. Extracting by manifest.
3047 silly tarball no local data for @nodelib/fs.scandir@https://registry.npmjs.org/@nodelib/fs.scandir/-/fs.scandir-2.1.5.tgz. Extracting by manifest.
3048 silly tarball no local data for micromatch@https://registry.npmjs.org/micromatch/-/micromatch-4.0.8.tgz. Extracting by manifest.
3049 silly tarball no local data for merge2@https://registry.npmjs.org/merge2/-/merge2-1.4.1.tgz. Extracting by manifest.
3050 silly tarball no local data for @nodelib/fs.stat@https://registry.npmjs.org/@nodelib/fs.stat/-/fs.stat-2.0.5.tgz. Extracting by manifest.
3051 silly tarball no local data for acorn-jsx@https://registry.npmjs.org/acorn-jsx/-/acorn-jsx-5.3.2.tgz. Extracting by manifest.
3052 silly tarball no local data for acorn@https://registry.npmjs.org/acorn/-/acorn-8.15.0.tgz. Extracting by manifest.
3053 silly tarball no local data for reusify@https://registry.npmjs.org/reusify/-/reusify-1.1.0.tgz. Extracting by manifest.
3054 silly tarball no local data for update-browserslist-db@https://registry.npmjs.org/update-browserslist-db/-/update-browserslist-db-1.1.4.tgz. Extracting by manifest.
3055 silly tarball no local data for run-parallel@https://registry.npmjs.org/run-parallel/-/run-parallel-1.2.0.tgz. Extracting by manifest.
3056 silly tarball no local data for @nodelib/fs.walk@https://registry.npmjs.org/@nodelib/fs.walk/-/fs.walk-1.2.8.tgz. Extracting by manifest.
3057 silly tarball no local data for electron-to-chromium@https://registry.npmjs.org/electron-to-chromium/-/electron-to-chromium-1.5.244.tgz. Extracting by manifest.
3058 silly tarball no local data for node-releases@https://registry.npmjs.org/node-releases/-/node-releases-2.0.27.tgz. Extracting by manifest.
3059 silly tarball no local data for @babel/helper-globals@https://registry.npmjs.org/@babel/helper-globals/-/helper-globals-7.28.0.tgz. Extracting by manifest.
3060 silly tarball no local data for @babel/helper-string-parser@https://registry.npmjs.org/@babel/helper-string-parser/-/helper-string-parser-7.27.1.tgz. Extracting by manifest.
3061 silly tarball no local data for caniuse-lite@https://registry.npmjs.org/caniuse-lite/-/caniuse-lite-1.0.30001753.tgz. Extracting by manifest.
3062 silly tarball no local data for baseline-browser-mapping@https://registry.npmjs.org/baseline-browser-mapping/-/baseline-browser-mapping-2.8.23.tgz. Extracting by manifest.
3063 silly tarball no local data for lru-cache@https://registry.npmjs.org/lru-cache/-/lru-cache-5.1.1.tgz. Extracting by manifest.
3064 silly tarball no local data for @babel/helper-module-imports@https://registry.npmjs.org/@babel/helper-module-imports/-/helper-module-imports-7.27.1.tgz. Extracting by manifest.
3065 silly tarball no local data for @babel/helper-validator-option@https://registry.npmjs.org/@babel/helper-validator-option/-/helper-validator-option-7.27.1.tgz. Extracting by manifest.
3066 silly tarball no local data for esrecurse@https://registry.npmjs.org/esrecurse/-/esrecurse-4.3.0.tgz. Extracting by manifest.
3067 silly tarball no local data for jsesc@https://registry.npmjs.org/jsesc/-/jsesc-3.1.0.tgz. Extracting by manifest.
3068 silly tarball no local data for @babel/compat-data@https://registry.npmjs.org/@babel/compat-data/-/compat-data-7.28.5.tgz. Extracting by manifest.
3069 silly tarball no local data for picocolors@https://registry.npmjs.org/picocolors/-/picocolors-1.1.1.tgz. Extracting by manifest.
3070 silly tarball no local data for json5@https://registry.npmjs.org/json5/-/json5-2.2.3.tgz. Extracting by manifest.
3071 silly tarball no local data for @babel/helper-validator-identifier@https://registry.npmjs.org/@babel/helper-validator-identifier/-/helper-validator-identifier-7.28.5.tgz. Extracting by manifest.
3072 silly tarball no local data for js-tokens@https://registry.npmjs.org/js-tokens/-/js-tokens-4.0.0.tgz. Extracting by manifest.
3073 silly tarball no local data for convert-source-map@https://registry.npmjs.org/convert-source-map/-/convert-source-map-2.0.0.tgz. Extracting by manifest.
3074 silly tarball no local data for @babel/types@https://registry.npmjs.org/@babel/types/-/types-7.28.5.tgz. Extracting by manifest.
3075 silly tarball no local data for gensync@https://registry.npmjs.org/gensync/-/gensync-1.0.0-beta.2.tgz. Extracting by manifest.
3076 silly tarball no local data for browserslist@https://registry.npmjs.org/browserslist/-/browserslist-4.27.0.tgz. Extracting by manifest.
3077 silly tarball no local data for @babel/helpers@https://registry.npmjs.org/@babel/helpers/-/helpers-7.28.4.tgz. Extracting by manifest.
3078 silly tarball no local data for @babel/generator@https://registry.npmjs.org/@babel/generator/-/generator-7.28.5.tgz. Extracting by manifest.
3079 silly tarball no local data for @babel/code-frame@https://registry.npmjs.org/@babel/code-frame/-/code-frame-7.27.1.tgz. Extracting by manifest.
3080 silly tarball no local data for @babel/traverse@https://registry.npmjs.org/@babel/traverse/-/traverse-7.28.5.tgz. Extracting by manifest.
3081 silly tarball no local data for @babel/template@https://registry.npmjs.org/@babel/template/-/template-7.27.2.tgz. Extracting by manifest.
3082 silly tarball no local data for @babel/helper-module-transforms@https://registry.npmjs.org/@babel/helper-module-transforms/-/helper-module-transforms-7.28.3.tgz. Extracting by manifest.
3083 silly tarball no local data for zod@https://registry.npmjs.org/zod/-/zod-4.1.12.tgz. Extracting by manifest.
3084 silly tarball no local data for @babel/core@https://registry.npmjs.org/@babel/core/-/core-7.28.5.tgz. Extracting by manifest.
3085 silly tarball no local data for hermes-parser@https://registry.npmjs.org/hermes-parser/-/hermes-parser-0.25.1.tgz. Extracting by manifest.
3086 silly tarball no local data for iterator.prototype@https://registry.npmjs.org/iterator.prototype/-/iterator.prototype-1.1.5.tgz. Extracting by manifest.
3087 silly tarball no local data for @babel/parser@https://registry.npmjs.org/@babel/parser/-/parser-7.28.5.tgz. Extracting by manifest.
3088 silly tarball no local data for zod-validation-error@https://registry.npmjs.org/zod-validation-error/-/zod-validation-error-4.0.2.tgz. Extracting by manifest.
3089 silly tarball no local data for @babel/helper-compilation-targets@https://registry.npmjs.org/@babel/helper-compilation-targets/-/helper-compilation-targets-7.27.2.tgz. Extracting by manifest.
3090 silly tarball no local data for prop-types@https://registry.npmjs.org/prop-types/-/prop-types-15.8.1.tgz. Extracting by manifest.
3091 silly tarball no local data for string.prototype.matchall@https://registry.npmjs.org/string.prototype.matchall/-/string.prototype.matchall-4.0.12.tgz. Extracting by manifest.
3092 silly tarball no local data for string.prototype.repeat@https://registry.npmjs.org/string.prototype.repeat/-/string.prototype.repeat-1.0.0.tgz. Extracting by manifest.
3093 silly tarball no local data for object.entries@https://registry.npmjs.org/object.entries/-/object.entries-1.1.9.tgz. Extracting by manifest.
3094 silly tarball no local data for es-iterator-helpers@https://registry.npmjs.org/es-iterator-helpers/-/es-iterator-helpers-1.2.1.tgz. Extracting by manifest.
3095 silly tarball no local data for string.prototype.includes@https://registry.npmjs.org/string.prototype.includes/-/string.prototype.includes-2.0.1.tgz. Extracting by manifest.
3096 silly tarball no local data for estraverse@https://registry.npmjs.org/estraverse/-/estraverse-5.3.0.tgz. Extracting by manifest.
3097 silly tarball no local data for array.prototype.tosorted@https://registry.npmjs.org/array.prototype.tosorted/-/array.prototype.tosorted-1.1.4.tgz. Extracting by manifest.
3098 silly tarball no local data for array.prototype.findlast@https://registry.npmjs.org/array.prototype.findlast/-/array.prototype.findlast-1.2.5.tgz. Extracting by manifest.
3099 silly tarball no local data for jsx-ast-utils@https://registry.npmjs.org/jsx-ast-utils/-/jsx-ast-utils-3.3.5.tgz. Extracting by manifest.
3100 silly tarball no local data for language-tags@https://registry.npmjs.org/language-tags/-/language-tags-1.0.9.tgz. Extracting by manifest.
3101 silly tarball no local data for axobject-query@https://registry.npmjs.org/axobject-query/-/axobject-query-4.1.0.tgz. Extracting by manifest.
3102 silly tarball no local data for axe-core@https://registry.npmjs.org/axe-core/-/axe-core-4.11.0.tgz. Extracting by manifest.
3103 silly tarball no local data for emoji-regex@https://registry.npmjs.org/emoji-regex/-/emoji-regex-9.2.2.tgz. Extracting by manifest.
3104 silly tarball no local data for ast-types-flow@https://registry.npmjs.org/ast-types-flow/-/ast-types-flow-0.0.8.tgz. Extracting by manifest.
3105 silly tarball no local data for is-symbol@https://registry.npmjs.org/is-symbol/-/is-symbol-1.1.1.tgz. Extracting by manifest.
3106 silly tarball no local data for has-tostringtag@https://registry.npmjs.org/has-tostringtag/-/has-tostringtag-1.0.2.tgz. Extracting by manifest.
3107 silly tarball no local data for damerau-levenshtein@https://registry.npmjs.org/damerau-levenshtein/-/damerau-levenshtein-1.0.8.tgz. Extracting by manifest.
3108 silly tarball no local data for aria-query@https://registry.npmjs.org/aria-query/-/aria-query-5.3.2.tgz. Extracting by manifest.
3109 silly tarball no local data for unbox-primitive@https://registry.npmjs.org/unbox-primitive/-/unbox-primitive-1.1.0.tgz. Extracting by manifest.
3110 silly tarball no local data for which-typed-array@https://registry.npmjs.org/which-typed-array/-/which-typed-array-1.1.19.tgz. Extracting by manifest.
3111 silly tarball no local data for possible-typed-array-names@https://registry.npmjs.org/possible-typed-array-names/-/possible-typed-array-names-1.1.0.tgz. Extracting by manifest.
3112 silly tarball no local data for is-date-object@https://registry.npmjs.org/is-date-object/-/is-date-object-1.1.0.tgz. Extracting by manifest.
3113 silly tarball no local data for typed-array-length@https://registry.npmjs.org/typed-array-length/-/typed-array-length-1.0.7.tgz. Extracting by manifest.
3114 silly tarball no local data for typed-array-byte-length@https://registry.npmjs.org/typed-array-byte-length/-/typed-array-byte-length-1.0.3.tgz. Extracting by manifest.
3115 silly tarball no local data for typed-array-buffer@https://registry.npmjs.org/typed-array-buffer/-/typed-array-buffer-1.0.3.tgz. Extracting by manifest.
3116 silly tarball no local data for string.prototype.trimstart@https://registry.npmjs.org/string.prototype.trimstart/-/string.prototype.trimstart-1.0.8.tgz. Extracting by manifest.
3117 silly tarball no local data for string.prototype.trim@https://registry.npmjs.org/string.prototype.trim/-/string.prototype.trim-1.2.10.tgz. Extracting by manifest.
3118 silly tarball no local data for stop-iteration-iterator@https://registry.npmjs.org/stop-iteration-iterator/-/stop-iteration-iterator-1.1.0.tgz. Extracting by manifest.
3119 silly tarball no local data for set-proto@https://registry.npmjs.org/set-proto/-/set-proto-1.0.0.tgz. Extracting by manifest.
3120 silly tarball no local data for safe-regex-test@https://registry.npmjs.org/safe-regex-test/-/safe-regex-test-1.1.0.tgz. Extracting by manifest.
3121 silly tarball no local data for safe-array-concat@https://registry.npmjs.org/safe-array-concat/-/safe-array-concat-1.1.3.tgz. Extracting by manifest.
3122 silly tarball no local data for typed-array-byte-offset@https://registry.npmjs.org/typed-array-byte-offset/-/typed-array-byte-offset-1.0.4.tgz. Extracting by manifest.
3123 silly tarball no local data for safe-push-apply@https://registry.npmjs.org/safe-push-apply/-/safe-push-apply-1.0.0.tgz. Extracting by manifest.
3124 silly tarball no local data for regexp.prototype.flags@https://registry.npmjs.org/regexp.prototype.flags/-/regexp.prototype.flags-1.5.4.tgz. Extracting by manifest.
3125 silly tarball no local data for object.assign@https://registry.npmjs.org/object.assign/-/object.assign-4.1.7.tgz. Extracting by manifest.
3126 silly tarball no local data for own-keys@https://registry.npmjs.org/own-keys/-/own-keys-1.0.1.tgz. Extracting by manifest.
3127 silly tarball no local data for is-weakref@https://registry.npmjs.org/is-weakref/-/is-weakref-1.1.1.tgz. Extracting by manifest.
3128 silly tarball no local data for is-shared-array-buffer@https://registry.npmjs.org/is-shared-array-buffer/-/is-shared-array-buffer-1.0.4.tgz. Extracting by manifest.
3129 silly tarball no local data for is-typed-array@https://registry.npmjs.org/is-typed-array/-/is-typed-array-1.1.15.tgz. Extracting by manifest.
3130 silly tarball no local data for is-set@https://registry.npmjs.org/is-set/-/is-set-2.0.3.tgz. Extracting by manifest.
3131 silly tarball no local data for is-regex@https://registry.npmjs.org/is-regex/-/is-regex-1.2.1.tgz. Extracting by manifest.
3132 silly tarball no local data for is-data-view@https://registry.npmjs.org/is-data-view/-/is-data-view-1.0.2.tgz. Extracting by manifest.
3133 silly tarball no local data for object-inspect@https://registry.npmjs.org/object-inspect/-/object-inspect-1.13.4.tgz. Extracting by manifest.
3134 silly tarball no local data for is-negative-zero@https://registry.npmjs.org/is-negative-zero/-/is-negative-zero-2.0.3.tgz. Extracting by manifest.
3135 silly tarball no local data for is-array-buffer@https://registry.npmjs.org/is-array-buffer/-/is-array-buffer-3.0.5.tgz. Extracting by manifest.
3136 silly tarball no local data for has-symbols@https://registry.npmjs.org/has-symbols/-/has-symbols-1.1.0.tgz. Extracting by manifest.
3137 silly tarball no local data for is-callable@https://registry.npmjs.org/is-callable/-/is-callable-1.2.7.tgz. Extracting by manifest.
3138 silly tarball no local data for get-symbol-description@https://registry.npmjs.org/get-symbol-description/-/get-symbol-description-1.1.0.tgz. Extracting by manifest.
3139 silly tarball no local data for globalthis@https://registry.npmjs.org/globalthis/-/globalthis-1.0.4.tgz. Extracting by manifest.
3140 silly tarball no local data for has-proto@https://registry.npmjs.org/has-proto/-/has-proto-1.2.0.tgz. Extracting by manifest.
3141 silly tarball no local data for get-proto@https://registry.npmjs.org/get-proto/-/get-proto-1.0.1.tgz. Extracting by manifest.
3142 silly tarball no local data for es-to-primitive@https://registry.npmjs.org/es-to-primitive/-/es-to-primitive-1.3.0.tgz. Extracting by manifest.
3143 silly tarball no local data for internal-slot@https://registry.npmjs.org/internal-slot/-/internal-slot-1.1.0.tgz. Extracting by manifest.
3144 silly tarball no local data for function.prototype.name@https://registry.npmjs.org/function.prototype.name/-/function.prototype.name-1.1.8.tgz. Extracting by manifest.
3145 silly tarball no local data for es-set-tostringtag@https://registry.npmjs.org/es-set-tostringtag/-/es-set-tostringtag-2.1.0.tgz. Extracting by manifest.
3146 silly tarball no local data for data-view-buffer@https://registry.npmjs.org/data-view-buffer/-/data-view-buffer-1.0.2.tgz. Extracting by manifest.
3147 silly tarball no local data for data-view-byte-length@https://registry.npmjs.org/data-view-byte-length/-/data-view-byte-length-1.0.2.tgz. Extracting by manifest.
3148 silly tarball no local data for arraybuffer.prototype.slice@https://registry.npmjs.org/arraybuffer.prototype.slice/-/arraybuffer.prototype.slice-1.0.4.tgz. Extracting by manifest.
3149 silly tarball no local data for array-buffer-byte-length@https://registry.npmjs.org/array-buffer-byte-length/-/array-buffer-byte-length-1.0.2.tgz. Extracting by manifest.
3150 silly tarball no local data for gopd@https://registry.npmjs.org/gopd/-/gopd-1.2.0.tgz. Extracting by manifest.
3151 silly tarball no local data for available-typed-arrays@https://registry.npmjs.org/available-typed-arrays/-/available-typed-arrays-1.0.7.tgz. Extracting by manifest.
3152 silly tarball no local data for define-data-property@https://registry.npmjs.org/define-data-property/-/define-data-property-1.1.4.tgz. Extracting by manifest.
3153 silly tarball no local data for data-view-byte-offset@https://registry.npmjs.org/data-view-byte-offset/-/data-view-byte-offset-1.0.1.tgz. Extracting by manifest.
3154 silly tarball no local data for object-keys@https://registry.npmjs.org/object-keys/-/object-keys-1.1.1.tgz. Extracting by manifest.
3155 silly tarball no local data for has-property-descriptors@https://registry.npmjs.org/has-property-descriptors/-/has-property-descriptors-1.0.2.tgz. Extracting by manifest.
3156 silly tarball no local data for set-function-length@https://registry.npmjs.org/set-function-length/-/set-function-length-1.2.2.tgz. Extracting by manifest.
3157 silly tarball no local data for function-bind@https://registry.npmjs.org/function-bind/-/function-bind-1.1.2.tgz. Extracting by manifest.
3158 silly tarball no local data for call-bind-apply-helpers@https://registry.npmjs.org/call-bind-apply-helpers/-/call-bind-apply-helpers-1.0.2.tgz. Extracting by manifest.
3159 silly tarball no local data for es-shim-unscopables@https://registry.npmjs.org/es-shim-unscopables/-/es-shim-unscopables-1.1.0.tgz. Extracting by manifest.
3160 silly tarball no local data for math-intrinsics@https://registry.npmjs.org/math-intrinsics/-/math-intrinsics-1.1.0.tgz. Extracting by manifest.
3161 silly tarball no local data for es-define-property@https://registry.npmjs.org/es-define-property/-/es-define-property-1.0.1.tgz. Extracting by manifest.
3162 silly tarball no local data for es-errors@https://registry.npmjs.org/es-errors/-/es-errors-1.3.0.tgz. Extracting by manifest.
3163 silly tarball no local data for es-object-atoms@https://registry.npmjs.org/es-object-atoms/-/es-object-atoms-1.1.1.tgz. Extracting by manifest.
3164 silly tarball no local data for es-abstract@https://registry.npmjs.org/es-abstract/-/es-abstract-1.24.0.tgz. Extracting by manifest.
3165 silly tarball no local data for is-string@https://registry.npmjs.org/is-string/-/is-string-1.1.1.tgz. Extracting by manifest.
3166 silly tarball no local data for call-bind@https://registry.npmjs.org/call-bind/-/call-bind-1.0.8.tgz. Extracting by manifest.
3167 silly tarball no local data for define-properties@https://registry.npmjs.org/define-properties/-/define-properties-1.2.1.tgz. Extracting by manifest.
3168 silly tarball no local data for call-bound@https://registry.npmjs.org/call-bound/-/call-bound-1.0.4.tgz. Extracting by manifest.
3169 silly tarball no local data for string.prototype.trimend@https://registry.npmjs.org/string.prototype.trimend/-/string.prototype.trimend-1.0.9.tgz. Extracting by manifest.
3170 silly tarball no local data for object.values@https://registry.npmjs.org/object.values/-/object.values-1.2.1.tgz. Extracting by manifest.
3171 silly tarball no local data for semver@https://registry.npmjs.org/semver/-/semver-6.3.1.tgz. Extracting by manifest.
3172 silly tarball no local data for object.groupby@https://registry.npmjs.org/object.groupby/-/object.groupby-1.0.3.tgz. Extracting by manifest.
3173 silly tarball no local data for tsconfig-paths@https://registry.npmjs.org/tsconfig-paths/-/tsconfig-paths-3.15.0.tgz. Extracting by manifest.
3174 silly tarball no local data for object.fromentries@https://registry.npmjs.org/object.fromentries/-/object.fromentries-2.0.8.tgz. Extracting by manifest.
3175 silly tarball no local data for get-intrinsic@https://registry.npmjs.org/get-intrinsic/-/get-intrinsic-1.3.0.tgz. Extracting by manifest.
3176 silly tarball no local data for hasown@https://registry.npmjs.org/hasown/-/hasown-2.0.2.tgz. Extracting by manifest.
3177 silly tarball no local data for array.prototype.flat@https://registry.npmjs.org/array.prototype.flat/-/array.prototype.flat-1.3.3.tgz. Extracting by manifest.
3178 silly tarball no local data for array.prototype.flatmap@https://registry.npmjs.org/array.prototype.flatmap/-/array.prototype.flatmap-1.3.3.tgz. Extracting by manifest.
3179 silly tarball no local data for eslint-module-utils@https://registry.npmjs.org/eslint-module-utils/-/eslint-module-utils-2.12.1.tgz. Extracting by manifest.
3180 silly tarball no local data for array-includes@https://registry.npmjs.org/array-includes/-/array-includes-3.1.9.tgz. Extracting by manifest.
3181 silly tarball no local data for @rtsao/scc@https://registry.npmjs.org/@rtsao/scc/-/scc-1.1.0.tgz. Extracting by manifest.
3182 silly tarball no local data for unrs-resolver@https://registry.npmjs.org/unrs-resolver/-/unrs-resolver-1.11.1.tgz. Extracting by manifest.
3183 silly tarball no local data for array.prototype.findlastindex@https://registry.npmjs.org/array.prototype.findlastindex/-/array.prototype.findlastindex-1.2.6.tgz. Extracting by manifest.
3184 silly tarball no local data for stable-hash@https://registry.npmjs.org/stable-hash/-/stable-hash-0.0.5.tgz. Extracting by manifest.
3185 silly tarball no local data for doctrine@https://registry.npmjs.org/doctrine/-/doctrine-2.1.0.tgz. Extracting by manifest.
3186 silly tarball no local data for is-bun-module@https://registry.npmjs.org/is-bun-module/-/is-bun-module-2.0.0.tgz. Extracting by manifest.
3187 silly tarball no local data for get-tsconfig@https://registry.npmjs.org/get-tsconfig/-/get-tsconfig-4.13.0.tgz. Extracting by manifest.
3188 silly tarball no local data for @nolyfill/is-core-module@https://registry.npmjs.org/@nolyfill/is-core-module/-/is-core-module-1.0.39.tgz. Extracting by manifest.
3189 silly tarball no local data for resolve@https://registry.npmjs.org/resolve/-/resolve-1.22.11.tgz. Extracting by manifest.
3190 silly tarball no local data for is-core-module@https://registry.npmjs.org/is-core-module/-/is-core-module-2.16.1.tgz. Extracting by manifest.
3191 silly tarball no local data for eslint-plugin-react-hooks@https://registry.npmjs.org/eslint-plugin-react-hooks/-/eslint-plugin-react-hooks-7.0.1.tgz. Extracting by manifest.
3192 silly tarball no local data for fast-glob@https://registry.npmjs.org/fast-glob/-/fast-glob-3.3.1.tgz. Extracting by manifest.
3193 silly tarball no local data for tinyglobby@https://registry.npmjs.org/tinyglobby/-/tinyglobby-0.2.15.tgz. Extracting by manifest.
3194 silly tarball no local data for eslint-plugin-react@https://registry.npmjs.org/eslint-plugin-react/-/eslint-plugin-react-7.37.5.tgz. Extracting by manifest.
3195 silly tarball no local data for eslint-plugin-jsx-a11y@https://registry.npmjs.org/eslint-plugin-jsx-a11y/-/eslint-plugin-jsx-a11y-6.10.2.tgz. Extracting by manifest.
3196 silly tarball no local data for typescript-eslint@https://registry.npmjs.org/typescript-eslint/-/typescript-eslint-8.46.2.tgz. Extracting by manifest.
3197 silly tarball no local data for eslint-import-resolver-typescript@https://registry.npmjs.org/eslint-import-resolver-typescript/-/eslint-import-resolver-typescript-3.10.1.tgz. Extracting by manifest.
3198 silly tarball no local data for @next/eslint-plugin-next@https://registry.npmjs.org/@next/eslint-plugin-next/-/eslint-plugin-next-16.0.1.tgz. Extracting by manifest.
3199 silly tarball no local data for eslint-plugin-import@https://registry.npmjs.org/eslint-plugin-import/-/eslint-plugin-import-2.32.0.tgz. Extracting by manifest.
3200 silly tarball no local data for which@https://registry.npmjs.org/which/-/which-2.0.2.tgz. Extracting by manifest.
3201 silly tarball no local data for eslint-import-resolver-node@https://registry.npmjs.org/eslint-import-resolver-node/-/eslint-import-resolver-node-0.3.9.tgz. Extracting by manifest.
3202 silly tarball no local data for color-name@https://registry.npmjs.org/color-name/-/color-name-1.1.4.tgz. Extracting by manifest.
3203 silly tarball no local data for path-key@https://registry.npmjs.org/path-key/-/path-key-3.1.1.tgz. Extracting by manifest.
3204 silly tarball no local data for uri-js@https://registry.npmjs.org/uri-js/-/uri-js-4.4.1.tgz. Extracting by manifest.
3205 silly tarball no local data for supports-color@https://registry.npmjs.org/supports-color/-/supports-color-7.2.0.tgz. Extracting by manifest.
3206 silly tarball no local data for ansi-styles@https://registry.npmjs.org/ansi-styles/-/ansi-styles-4.3.0.tgz. Extracting by manifest.
3207 silly tarball no local data for color-convert@https://registry.npmjs.org/color-convert/-/color-convert-2.0.1.tgz. Extracting by manifest.
3208 silly tarball no local data for json-schema-traverse@https://registry.npmjs.org/json-schema-traverse/-/json-schema-traverse-0.4.1.tgz. Extracting by manifest.
3209 silly tarball no local data for fast-json-stable-stringify@https://registry.npmjs.org/fast-json-stable-stringify/-/fast-json-stable-stringify-2.1.0.tgz. Extracting by manifest.
3210 silly tarball no local data for @humanfs/core@https://registry.npmjs.org/@humanfs/core/-/core-0.19.1.tgz. Extracting by manifest.
3211 silly tarball no local data for import-fresh@https://registry.npmjs.org/import-fresh/-/import-fresh-3.3.1.tgz. Extracting by manifest.
3212 silly tarball no local data for shebang-command@https://registry.npmjs.org/shebang-command/-/shebang-command-2.0.0.tgz. Extracting by manifest.
3213 silly tarball no local data for js-yaml@https://registry.npmjs.org/js-yaml/-/js-yaml-4.1.0.tgz. Extracting by manifest.
3214 silly tarball no local data for strip-json-comments@https://registry.npmjs.org/strip-json-comments/-/strip-json-comments-3.1.1.tgz. Extracting by manifest.
3215 silly tarball no local data for levn@https://registry.npmjs.org/levn/-/levn-0.4.1.tgz. Extracting by manifest.
3216 silly tarball no local data for @types/json-schema@https://registry.npmjs.org/@types/json-schema/-/json-schema-7.0.15.tgz. Extracting by manifest.
3217 silly tarball no local data for globals@https://registry.npmjs.org/globals/-/globals-14.0.0.tgz. Extracting by manifest.
3218 silly tarball no local data for ms@https://registry.npmjs.org/ms/-/ms-2.1.3.tgz. Extracting by manifest.
3219 silly tarball no local data for @eslint/object-schema@https://registry.npmjs.org/@eslint/object-schema/-/object-schema-2.1.7.tgz. Extracting by manifest.
3220 silly tarball no local data for minimatch@https://registry.npmjs.org/minimatch/-/minimatch-3.1.2.tgz. Extracting by manifest.
3221 silly tarball no local data for natural-compare@https://registry.npmjs.org/natural-compare/-/natural-compare-1.4.0.tgz. Extracting by manifest.
3222 silly tarball no local data for optionator@https://registry.npmjs.org/optionator/-/optionator-0.9.4.tgz. Extracting by manifest.
3223 silly tarball no local data for imurmurhash@https://registry.npmjs.org/imurmurhash/-/imurmurhash-0.1.4.tgz. Extracting by manifest.
3224 silly tarball no local data for json-stable-stringify-without-jsonify@https://registry.npmjs.org/json-stable-stringify-without-jsonify/-/json-stable-stringify-without-jsonify-1.0.1.tgz. Extracting by manifest.
3225 silly tarball no local data for is-glob@https://registry.npmjs.org/is-glob/-/is-glob-4.0.3.tgz. Extracting by manifest.
3226 silly tarball no local data for glob-parent@https://registry.npmjs.org/glob-parent/-/glob-parent-6.0.2.tgz. Extracting by manifest.
3227 silly tarball no local data for find-up@https://registry.npmjs.org/find-up/-/find-up-5.0.0.tgz. Extracting by manifest.
3228 silly tarball no local data for lodash.merge@https://registry.npmjs.org/lodash.merge/-/lodash.merge-4.6.2.tgz. Extracting by manifest.
3229 silly tarball no local data for file-entry-cache@https://registry.npmjs.org/file-entry-cache/-/file-entry-cache-8.0.0.tgz. Extracting by manifest.
3230 silly tarball no local data for fast-deep-equal@https://registry.npmjs.org/fast-deep-equal/-/fast-deep-equal-3.1.3.tgz. Extracting by manifest.
3231 silly tarball no local data for esutils@https://registry.npmjs.org/esutils/-/esutils-2.0.3.tgz. Extracting by manifest.
3232 silly tarball no local data for eslint-visitor-keys@https://registry.npmjs.org/eslint-visitor-keys/-/eslint-visitor-keys-4.2.1.tgz. Extracting by manifest.
3233 silly tarball no local data for espree@https://registry.npmjs.org/espree/-/espree-10.4.0.tgz. Extracting by manifest.
3234 silly tarball no local data for eslint-scope@https://registry.npmjs.org/eslint-scope/-/eslint-scope-8.4.0.tgz. Extracting by manifest.
3235 silly tarball no local data for escape-string-regexp@https://registry.npmjs.org/escape-string-regexp/-/escape-string-regexp-4.0.0.tgz. Extracting by manifest.
3236 silly tarball no local data for debug@https://registry.npmjs.org/debug/-/debug-4.4.3.tgz. Extracting by manifest.
3237 silly tarball no local data for cross-spawn@https://registry.npmjs.org/cross-spawn/-/cross-spawn-7.0.6.tgz. Extracting by manifest.
3238 silly tarball no local data for esquery@https://registry.npmjs.org/esquery/-/esquery-1.6.0.tgz. Extracting by manifest.
3239 silly tarball no local data for chalk@https://registry.npmjs.org/chalk/-/chalk-4.1.2.tgz. Extracting by manifest.
3240 silly tarball no local data for ajv@https://registry.npmjs.org/ajv/-/ajv-6.12.6.tgz. Extracting by manifest.
3241 silly tarball no local data for @types/estree@https://registry.npmjs.org/@types/estree/-/estree-1.0.8.tgz. Extracting by manifest.
3242 silly tarball no local data for @humanwhocodes/module-importer@https://registry.npmjs.org/@humanwhocodes/module-importer/-/module-importer-1.0.1.tgz. Extracting by manifest.
3243 silly tarball no local data for @humanfs/node@https://registry.npmjs.org/@humanfs/node/-/node-0.16.7.tgz. Extracting by manifest.
3244 silly tarball no local data for @eslint/plugin-kit@https://registry.npmjs.org/@eslint/plugin-kit/-/plugin-kit-0.4.1.tgz. Extracting by manifest.
3245 silly tarball no local data for @eslint/js@https://registry.npmjs.org/@eslint/js/-/js-9.39.0.tgz. Extracting by manifest.
3246 silly tarball no local data for @eslint/eslintrc@https://registry.npmjs.org/@eslint/eslintrc/-/eslintrc-3.3.1.tgz. Extracting by manifest.
3247 silly tarball no local data for @eslint/core@https://registry.npmjs.org/@eslint/core/-/core-0.17.0.tgz. Extracting by manifest.
3248 silly tarball no local data for @humanwhocodes/retry@https://registry.npmjs.org/@humanwhocodes/retry/-/retry-0.4.3.tgz. Extracting by manifest.
3249 silly tarball no local data for @eslint-community/regexpp@https://registry.npmjs.org/@eslint-community/regexpp/-/regexpp-4.12.2.tgz. Extracting by manifest.
3250 silly tarball no local data for @eslint/config-array@https://registry.npmjs.org/@eslint/config-array/-/config-array-0.21.1.tgz. Extracting by manifest.
3251 silly tarball no local data for @eslint/config-helpers@https://registry.npmjs.org/@eslint/config-helpers/-/config-helpers-0.4.2.tgz. Extracting by manifest.
3252 silly tarball no local data for graceful-fs@https://registry.npmjs.org/graceful-fs/-/graceful-fs-4.2.11.tgz. Extracting by manifest.
3253 silly tarball no local data for @eslint-community/eslint-utils@https://registry.npmjs.org/@eslint-community/eslint-utils/-/eslint-utils-4.9.0.tgz. Extracting by manifest.
3254 silly tarball no local data for @tailwindcss/oxide-darwin-arm64@https://registry.npmjs.org/@tailwindcss/oxide-darwin-arm64/-/oxide-darwin-arm64-4.1.16.tgz. Extracting by manifest.
3255 silly tarball no local data for csstype@https://registry.npmjs.org/csstype/-/csstype-3.1.3.tgz. Extracting by manifest.
3256 silly tarball no local data for undici-types@https://registry.npmjs.org/undici-types/-/undici-types-6.21.0.tgz. Extracting by manifest.
3257 silly tarball no local data for @jridgewell/resolve-uri@https://registry.npmjs.org/@jridgewell/resolve-uri/-/resolve-uri-3.1.2.tgz. Extracting by manifest.
3258 silly tarball no local data for @jridgewell/sourcemap-codec@https://registry.npmjs.org/@jridgewell/sourcemap-codec/-/sourcemap-codec-1.5.5.tgz. Extracting by manifest.
3259 silly tarball no local data for @jridgewell/trace-mapping@https://registry.npmjs.org/@jridgewell/trace-mapping/-/trace-mapping-0.3.31.tgz. Extracting by manifest.
3260 silly tarball no local data for tapable@https://registry.npmjs.org/tapable/-/tapable-2.3.0.tgz. Extracting by manifest.
3261 silly tarball no local data for @jridgewell/gen-mapping@https://registry.npmjs.org/@jridgewell/gen-mapping/-/gen-mapping-0.3.13.tgz. Extracting by manifest.
3262 silly tarball no local data for magic-string@https://registry.npmjs.org/magic-string/-/magic-string-0.30.21.tgz. Extracting by manifest.
3263 silly tarball no local data for jiti@https://registry.npmjs.org/jiti/-/jiti-2.6.1.tgz. Extracting by manifest.
3264 silly tarball no local data for source-map-js@https://registry.npmjs.org/source-map-js/-/source-map-js-1.2.1.tgz. Extracting by manifest.
3265 silly tarball no local data for @jridgewell/remapping@https://registry.npmjs.org/@jridgewell/remapping/-/remapping-2.3.5.tgz. Extracting by manifest.
3266 silly tarball no local data for enhanced-resolve@https://registry.npmjs.org/enhanced-resolve/-/enhanced-resolve-5.18.3.tgz. Extracting by manifest.
3267 silly tarball no local data for postcss@https://registry.npmjs.org/postcss/-/postcss-8.5.6.tgz. Extracting by manifest.
3268 silly tarball no local data for @tailwindcss/oxide@https://registry.npmjs.org/@tailwindcss/oxide/-/oxide-4.1.16.tgz. Extracting by manifest.
3269 silly tarball no local data for @tailwindcss/node@https://registry.npmjs.org/@tailwindcss/node/-/node-4.1.16.tgz. Extracting by manifest.
3270 silly tarball no local data for lightningcss@https://registry.npmjs.org/lightningcss/-/lightningcss-1.30.2.tgz. Extracting by manifest.
3271 silly tarball no local data for @alloc/quick-lru@https://registry.npmjs.org/@alloc/quick-lru/-/quick-lru-5.2.0.tgz. Extracting by manifest.
3272 silly tarball no local data for typescript@https://registry.npmjs.org/typescript/-/typescript-5.9.3.tgz. Extracting by manifest.
3273 silly tarball no local data for tailwindcss@https://registry.npmjs.org/tailwindcss/-/tailwindcss-4.1.16.tgz. Extracting by manifest.
3274 silly tarball no local data for react@https://registry.npmjs.org/react/-/react-19.2.0.tgz. Extracting by manifest.
3275 silly tarball no local data for next@https://registry.npmjs.org/next/-/next-16.0.1.tgz. Extracting by manifest.
3276 silly tarball no local data for eslint-config-next@https://registry.npmjs.org/eslint-config-next/-/eslint-config-next-16.0.1.tgz. Extracting by manifest.
3277 silly tarball no local data for @types/react-dom@https://registry.npmjs.org/@types/react-dom/-/react-dom-19.2.2.tgz. Extracting by manifest.
3278 silly tarball no local data for eslint@https://registry.npmjs.org/eslint/-/eslint-9.39.0.tgz. Extracting by manifest.
3279 silly tarball no local data for react-dom@https://registry.npmjs.org/react-dom/-/react-dom-19.2.0.tgz. Extracting by manifest.
3280 silly tarball no local data for @types/react@https://registry.npmjs.org/@types/react/-/react-19.2.2.tgz. Extracting by manifest.
3281 silly tarball no local data for @types/node@https://registry.npmjs.org/@types/node/-/node-20.19.24.tgz. Extracting by manifest.
3282 silly tarball no local data for @tailwindcss/postcss@https://registry.npmjs.org/@tailwindcss/postcss/-/postcss-4.1.16.tgz. Extracting by manifest.
3283 silly tarball no local data for glob-parent@https://registry.npmjs.org/glob-parent/-/glob-parent-5.1.2.tgz. Extracting by manifest.
3284 silly tarball no local data for semver@https://registry.npmjs.org/semver/-/semver-7.7.3.tgz. Extracting by manifest.
3285 silly tarball no local data for fast-glob@https://registry.npmjs.org/fast-glob/-/fast-glob-3.3.3.tgz. Extracting by manifest.
3286 silly tarball no local data for ignore@https://registry.npmjs.org/ignore/-/ignore-5.3.2.tgz. Extracting by manifest.
3287 silly tarball no local data for ignore@https://registry.npmjs.org/ignore/-/ignore-7.0.5.tgz. Extracting by manifest.
3288 silly tarball no local data for minimatch@https://registry.npmjs.org/minimatch/-/minimatch-9.0.5.tgz. Extracting by manifest.
3289 silly tarball no local data for brace-expansion@https://registry.npmjs.org/brace-expansion/-/brace-expansion-2.0.2.tgz. Extracting by manifest.
3290 silly tarball no local data for semver@https://registry.npmjs.org/semver/-/semver-7.7.3.tgz. Extracting by manifest.
3291 silly tarball no local data for picomatch@https://registry.npmjs.org/picomatch/-/picomatch-4.0.3.tgz. Extracting by manifest.
3292 silly tarball no local data for debug@https://registry.npmjs.org/debug/-/debug-3.2.7.tgz. Extracting by manifest.
3293 silly tarball no local data for resolve@https://registry.npmjs.org/resolve/-/resolve-2.0.0-next.5.tgz. Extracting by manifest.
3294 silly tarball no local data for glob-parent@https://registry.npmjs.org/glob-parent/-/glob-parent-5.1.2.tgz. Extracting by manifest.
3295 silly tarball no local data for semver@https://registry.npmjs.org/semver/-/semver-7.7.3.tgz. Extracting by manifest.
3296 silly tarball no local data for debug@https://registry.npmjs.org/debug/-/debug-3.2.7.tgz. Extracting by manifest.
3297 silly tarball no local data for json5@https://registry.npmjs.org/json5/-/json5-1.0.2.tgz. Extracting by manifest.
3298 silly tarball no local data for fdir@https://registry.npmjs.org/fdir/-/fdir-6.5.0.tgz. Extracting by manifest.
3299 silly tarball no local data for eslint-visitor-keys@https://registry.npmjs.org/eslint-visitor-keys/-/eslint-visitor-keys-3.4.3.tgz. Extracting by manifest.
3300 silly tarball no local data for debug@https://registry.npmjs.org/debug/-/debug-3.2.7.tgz. Extracting by manifest.
3301 silly tarball no local data for postcss@https://registry.npmjs.org/postcss/-/postcss-8.4.31.tgz. Extracting by manifest.
3302 silly tarball no local data for globals@https://registry.npmjs.org/globals/-/globals-16.4.0.tgz. Extracting by manifest.
3303 http fetch GET 200 https://registry.npmjs.org/generator-function/-/generator-function-2.0.1.tgz 105ms (cache miss)
3304 http fetch GET 200 https://registry.npmjs.org/is-generator-function/-/is-generator-function-1.1.2.tgz 112ms (cache miss)
3305 http fetch GET 200 https://registry.npmjs.org/is-finalizationregistry/-/is-finalizationregistry-1.1.1.tgz 120ms (cache miss)
3306 http fetch GET 200 https://registry.npmjs.org/is-weakmap/-/is-weakmap-2.0.2.tgz 121ms (cache miss)
3307 http fetch GET 200 https://registry.npmjs.org/async-function/-/async-function-1.0.0.tgz 126ms (cache miss)
3308 http fetch GET 200 https://registry.npmjs.org/is-boolean-object/-/is-boolean-object-1.2.2.tgz 177ms (cache miss)
3309 http fetch GET 200 https://registry.npmjs.org/escalade/-/escalade-3.2.0.tgz 204ms (cache miss)
3310 http fetch GET 200 https://registry.npmjs.org/is-async-function/-/is-async-function-2.1.1.tgz 204ms (cache miss)
3311 http fetch GET 200 https://registry.npmjs.org/napi-postinstall/-/napi-postinstall-0.3.4.tgz 237ms (cache miss)
3312 http fetch GET 200 https://registry.npmjs.org/is-bigint/-/is-bigint-1.1.0.tgz 239ms (cache miss)
3313 http fetch GET 200 https://registry.npmjs.org/which-collection/-/which-collection-1.0.2.tgz 307ms (cache miss)
3314 http fetch GET 200 https://registry.npmjs.org/which-boxed-primitive/-/which-boxed-primitive-1.1.1.tgz 307ms (cache miss)
3315 http fetch POST 200 https://registry.npmjs.org/-/npm/v1/security/advisories/bulk 355ms
3316 silly audit report {}
3317 http fetch GET 200 https://registry.npmjs.org/@typescript-eslint/tsconfig-utils/-/tsconfig-utils-8.46.2.tgz 339ms (cache miss)
3318 http fetch GET 200 https://registry.npmjs.org/@emnapi/wasi-threads/-/wasi-threads-1.1.0.tgz 342ms (cache miss)
3319 http fetch GET 200 https://registry.npmjs.org/is-map/-/is-map-2.0.3.tgz 348ms (cache miss)
3320 http fetch GET 200 https://registry.npmjs.org/is-weakset/-/is-weakset-2.0.4.tgz 357ms (cache miss)
3321 http fetch GET 200 https://registry.npmjs.org/isexe/-/isexe-2.0.0.tgz 357ms (cache miss)
3322 http fetch GET 200 https://registry.npmjs.org/@typescript-eslint/types/-/types-8.46.2.tgz 390ms (cache miss)
3323 http fetch GET 200 https://registry.npmjs.org/@tybys/wasm-util/-/wasm-util-0.10.1.tgz 432ms (cache miss)
3324 http fetch GET 200 https://registry.npmjs.org/punycode/-/punycode-2.3.1.tgz 469ms (cache miss)
3325 http fetch GET 200 https://registry.npmjs.org/@typescript-eslint/visitor-keys/-/visitor-keys-8.46.2.tgz 468ms (cache miss)
3326 http fetch GET 200 https://registry.npmjs.org/@typescript-eslint/typescript-estree/-/typescript-estree-8.46.2.tgz 535ms (cache miss)
3327 http fetch GET 200 https://registry.npmjs.org/ts-api-utils/-/ts-api-utils-2.1.0.tgz 602ms (cache miss)
3328 http fetch GET 200 https://registry.npmjs.org/is-number-object/-/is-number-object-1.1.1.tgz 605ms (cache miss)
3329 http fetch GET 200 https://registry.npmjs.org/@typescript-eslint/scope-manager/-/scope-manager-8.46.2.tgz 741ms (cache miss)
3330 http fetch GET 200 https://registry.npmjs.org/reflect.getprototypeof/-/reflect.getprototypeof-1.0.10.tgz 791ms (cache miss)
3331 http fetch GET 200 https://registry.npmjs.org/for-each/-/for-each-0.3.5.tgz 900ms (cache miss)
3332 http fetch GET 200 https://registry.npmjs.org/has-bigints/-/has-bigints-1.1.0.tgz 975ms (cache miss)
3333 http fetch GET 200 https://registry.npmjs.org/strip-bom/-/strip-bom-3.0.0.tgz 975ms (cache miss)
3334 http fetch GET 200 https://registry.npmjs.org/@typescript-eslint/parser/-/parser-8.46.2.tgz 977ms (cache miss)
3335 http fetch GET 200 https://registry.npmjs.org/minimist/-/minimist-1.2.8.tgz 977ms (cache miss)
3336 http fetch GET 200 https://registry.npmjs.org/@types/json5/-/json5-0.0.29.tgz 1051ms (cache miss)
3337 http fetch GET 200 https://registry.npmjs.org/is-number/-/is-number-7.0.0.tgz 1052ms (cache miss)
3338 http fetch GET 200 https://registry.npmjs.org/graphemer/-/graphemer-1.4.0.tgz 1054ms (cache miss)
3339 http fetch GET 200 https://registry.npmjs.org/@typescript-eslint/utils/-/utils-8.46.2.tgz 1058ms (cache miss)
3340 http fetch GET 200 https://registry.npmjs.org/@emnapi/core/-/core-1.7.0.tgz 1060ms (cache miss)
3341 http fetch GET 200 https://registry.npmjs.org/@typescript-eslint/type-utils/-/type-utils-8.46.2.tgz 1059ms (cache miss)
3342 http fetch GET 200 https://registry.npmjs.org/which-builtin-type/-/which-builtin-type-1.2.1.tgz 1230ms (cache miss)
3343 http fetch GET 200 https://registry.npmjs.org/client-only/-/client-only-0.0.1.tgz 1230ms (cache miss)
3344 http fetch GET 200 https://registry.npmjs.org/has-flag/-/has-flag-4.0.0.tgz 1230ms (cache miss)
3345 http fetch GET 200 https://registry.npmjs.org/shebang-regex/-/shebang-regex-3.0.0.tgz 1287ms (cache miss)
3346 http fetch GET 200 https://registry.npmjs.org/side-channel-weakmap/-/side-channel-weakmap-1.0.2.tgz 1287ms (cache miss)
3347 http fetch GET 200 https://registry.npmjs.org/@emnapi/runtime/-/runtime-1.7.0.tgz 1292ms (cache miss)
3348 http fetch GET 200 https://registry.npmjs.org/side-channel-list/-/side-channel-list-1.0.0.tgz 1335ms (cache miss)
3349 http fetch GET 200 https://registry.npmjs.org/isarray/-/isarray-2.0.5.tgz 1335ms (cache miss)
3350 http fetch GET 200 https://registry.npmjs.org/@typescript-eslint/project-service/-/project-service-8.46.2.tgz 1335ms (cache miss)
3351 http fetch GET 200 https://registry.npmjs.org/@typescript-eslint/eslint-plugin/-/eslint-plugin-8.46.2.tgz 1416ms (cache miss)
3352 http fetch GET 200 https://registry.npmjs.org/loose-envify/-/loose-envify-1.4.0.tgz 1461ms (cache miss)
3353 http fetch GET 200 https://registry.npmjs.org/callsites/-/callsites-3.1.0.tgz 1462ms (cache miss)
3354 http fetch GET 200 https://registry.npmjs.org/yocto-queue/-/yocto-queue-0.1.0.tgz 1543ms (cache miss)
3355 http fetch GET 200 https://registry.npmjs.org/p-limit/-/p-limit-3.1.0.tgz 1604ms (cache miss)
3356 http fetch GET 200 https://registry.npmjs.org/word-wrap/-/word-wrap-1.2.5.tgz 1605ms (cache miss)
3357 http fetch GET 200 https://registry.npmjs.org/fast-levenshtein/-/fast-levenshtein-2.0.6.tgz 1654ms (cache miss)
3358 http fetch GET 200 https://registry.npmjs.org/nanoid/-/nanoid-3.3.11.tgz 1656ms (cache miss)
3359 http fetch GET 200 https://registry.npmjs.org/deep-is/-/deep-is-0.1.4.tgz 1761ms (cache miss)
3360 http fetch GET 200 https://registry.npmjs.org/@img/sharp-darwin-arm64/-/sharp-darwin-arm64-0.34.4.tgz 1825ms (cache miss)
3361 http fetch GET 200 https://registry.npmjs.org/tslib/-/tslib-2.8.1.tgz 1878ms (cache miss)
3362 http fetch GET 200 https://registry.npmjs.org/side-channel-map/-/side-channel-map-1.0.1.tgz 1988ms (cache miss)
3363 http fetch GET 200 https://registry.npmjs.org/queue-microtask/-/queue-microtask-1.2.3.tgz 1989ms (cache miss)
3364 http fetch GET 200 https://registry.npmjs.org/@swc/helpers/-/helpers-0.5.15.tgz 2035ms (cache miss)
3365 http fetch GET 200 https://registry.npmjs.org/@next/env/-/env-16.0.1.tgz 2172ms (cache miss)
3366 http fetch GET 200 https://registry.npmjs.org/react-is/-/react-is-16.13.1.tgz 2239ms (cache miss)
3367 http fetch GET 200 https://registry.npmjs.org/styled-jsx/-/styled-jsx-5.1.6.tgz 2241ms (cache miss)
3368 http fetch GET 200 https://registry.npmjs.org/balanced-match/-/balanced-match-1.0.2.tgz 2294ms (cache miss)
3369 http fetch GET 200 https://registry.npmjs.org/concat-map/-/concat-map-0.0.1.tgz 2294ms (cache miss)
3370 http fetch GET 200 https://registry.npmjs.org/brace-expansion/-/brace-expansion-1.1.12.tgz 2294ms (cache miss)
3371 http fetch GET 200 https://registry.npmjs.org/supports-preserve-symlinks-flag/-/supports-preserve-symlinks-flag-1.0.0.tgz 2353ms (cache miss)
3372 http fetch GET 200 https://registry.npmjs.org/path-parse/-/path-parse-1.0.7.tgz 2419ms (cache miss)
3373 http fetch GET 200 https://registry.npmjs.org/to-regex-range/-/to-regex-range-5.0.1.tgz 2506ms (cache miss)
3374 http fetch GET 200 https://registry.npmjs.org/fill-range/-/fill-range-7.1.1.tgz 2506ms (cache miss)
3375 http fetch GET 200 https://registry.npmjs.org/object-assign/-/object-assign-4.1.1.tgz 2564ms (cache miss)
3376 http fetch GET 200 https://registry.npmjs.org/scheduler/-/scheduler-0.27.0.tgz 2565ms (cache miss)
3377 http fetch GET 200 https://registry.npmjs.org/yallist/-/yallist-3.1.1.tgz 2755ms (cache miss)
3378 http fetch GET 200 https://registry.npmjs.org/braces/-/braces-3.0.3.tgz 2755ms (cache miss)
3379 http fetch GET 200 https://registry.npmjs.org/@img/colour/-/colour-1.0.0.tgz 2757ms (cache miss)
3380 http fetch GET 200 https://registry.npmjs.org/sharp/-/sharp-0.34.4.tgz 2755ms (cache miss)
3381 http fetch GET 200 https://registry.npmjs.org/picomatch/-/picomatch-2.3.1.tgz 2756ms (cache miss)
3382 http fetch GET 200 https://registry.npmjs.org/p-locate/-/p-locate-5.0.0.tgz 2995ms (cache miss)
3383 http fetch GET 200 https://registry.npmjs.org/detect-libc/-/detect-libc-2.1.2.tgz 3077ms (cache miss)
3384 http fetch GET 200 https://registry.npmjs.org/type-check/-/type-check-0.4.0.tgz 3077ms (cache miss)
3385 http fetch GET 200 https://registry.npmjs.org/@napi-rs/wasm-runtime/-/wasm-runtime-0.2.12.tgz 3083ms (cache miss)
3386 http fetch GET 200 https://registry.npmjs.org/json-buffer/-/json-buffer-3.0.1.tgz 3145ms (cache miss)
3387 http fetch GET 200 https://registry.npmjs.org/prelude-ls/-/prelude-ls-1.2.1.tgz 3146ms (cache miss)
3388 http fetch GET 200 https://registry.npmjs.org/set-function-name/-/set-function-name-2.0.2.tgz 3190ms (cache miss)
3389 http fetch GET 200 https://registry.npmjs.org/resolve-from/-/resolve-from-4.0.0.tgz 3191ms (cache miss)
3390 http fetch GET 200 https://registry.npmjs.org/side-channel/-/side-channel-1.1.0.tgz 3198ms (cache miss)
3391 http fetch GET 200 https://registry.npmjs.org/argparse/-/argparse-2.0.1.tgz 3200ms (cache miss)
3392 http fetch GET 200 https://registry.npmjs.org/parent-module/-/parent-module-1.0.1.tgz 3326ms (cache miss)
3393 http fetch GET 200 https://registry.npmjs.org/dunder-proto/-/dunder-proto-1.0.1.tgz 3395ms (cache miss)
3394 http fetch GET 200 https://registry.npmjs.org/resolve-pkg-maps/-/resolve-pkg-maps-1.0.0.tgz 3395ms (cache miss)
3395 http fetch GET 200 https://registry.npmjs.org/flatted/-/flatted-3.3.3.tgz 3467ms (cache miss)
3396 http fetch GET 200 https://registry.npmjs.org/hermes-estree/-/hermes-estree-0.25.1.tgz 3467ms (cache miss)
3397 http fetch GET 200 https://registry.npmjs.org/keyv/-/keyv-4.5.4.tgz 3600ms (cache miss)
3398 http fetch GET 200 https://registry.npmjs.org/locate-path/-/locate-path-6.0.0.tgz 3668ms (cache miss)
3399 http fetch GET 200 https://registry.npmjs.org/is-extglob/-/is-extglob-2.1.1.tgz 3668ms (cache miss)
3400 http fetch GET 200 https://registry.npmjs.org/path-exists/-/path-exists-4.0.0.tgz 3668ms (cache miss)
3401 http fetch GET 200 https://registry.npmjs.org/flat-cache/-/flat-cache-4.0.1.tgz 3771ms (cache miss)
3402 http fetch GET 200 https://registry.npmjs.org/functions-have-names/-/functions-have-names-1.2.3.tgz 3891ms (cache miss)
3403 http fetch GET 200 https://registry.npmjs.org/@nodelib/fs.scandir/-/fs.scandir-2.1.5.tgz 3892ms (cache miss)
3404 http fetch GET 200 https://registry.npmjs.org/fastq/-/fastq-1.19.1.tgz 3892ms (cache miss)
3405 http fetch GET 200 https://registry.npmjs.org/micromatch/-/micromatch-4.0.8.tgz 3946ms (cache miss)
3406 http fetch GET 200 https://registry.npmjs.org/merge2/-/merge2-1.4.1.tgz 3945ms (cache miss)
3407 http fetch GET 200 https://registry.npmjs.org/acorn-jsx/-/acorn-jsx-5.3.2.tgz 4188ms (cache miss)
3408 http fetch GET 200 https://registry.npmjs.org/reusify/-/reusify-1.1.0.tgz 4188ms (cache miss)
3409 http fetch GET 200 https://registry.npmjs.org/acorn/-/acorn-8.15.0.tgz 4282ms (cache miss)
3410 http fetch GET 200 https://registry.npmjs.org/update-browserslist-db/-/update-browserslist-db-1.1.4.tgz 4342ms (cache miss)
3411 http fetch GET 200 https://registry.npmjs.org/@nodelib/fs.stat/-/fs.stat-2.0.5.tgz 4401ms (cache miss)
3412 http fetch GET 200 https://registry.npmjs.org/run-parallel/-/run-parallel-1.2.0.tgz 4453ms (cache miss)
3413 http fetch GET 200 https://registry.npmjs.org/electron-to-chromium/-/electron-to-chromium-1.5.244.tgz 4455ms (cache miss)
3414 http fetch GET 200 https://registry.npmjs.org/@nodelib/fs.walk/-/fs.walk-1.2.8.tgz 4456ms (cache miss)
3415 http fetch GET 200 https://registry.npmjs.org/node-releases/-/node-releases-2.0.27.tgz 4511ms (cache miss)
3416 http fetch GET 200 https://registry.npmjs.org/@babel/helper-globals/-/helper-globals-7.28.0.tgz 4565ms (cache miss)
3417 http fetch GET 200 https://registry.npmjs.org/language-subtag-registry/-/language-subtag-registry-0.3.23.tgz 4614ms (cache miss)
3418 http fetch GET 200 https://registry.npmjs.org/@babel/helper-string-parser/-/helper-string-parser-7.27.1.tgz 4665ms (cache miss)
3419 http fetch GET 200 https://registry.npmjs.org/baseline-browser-mapping/-/baseline-browser-mapping-2.8.23.tgz 4734ms (cache miss)
3420 http fetch GET 200 https://registry.npmjs.org/lru-cache/-/lru-cache-5.1.1.tgz 4786ms (cache miss)
3421 http fetch GET 200 https://registry.npmjs.org/@babel/helper-module-imports/-/helper-module-imports-7.27.1.tgz 4851ms (cache miss)
3422 http fetch GET 200 https://registry.npmjs.org/esrecurse/-/esrecurse-4.3.0.tgz 4918ms (cache miss)
3423 http fetch GET 200 https://registry.npmjs.org/@babel/helper-validator-option/-/helper-validator-option-7.27.1.tgz 4919ms (cache miss)
3424 http fetch GET 200 https://registry.npmjs.org/jsesc/-/jsesc-3.1.0.tgz 4919ms (cache miss)
3425 http fetch GET 200 https://registry.npmjs.org/@babel/compat-data/-/compat-data-7.28.5.tgz 5027ms (cache miss)
3426 http fetch GET 200 https://registry.npmjs.org/picocolors/-/picocolors-1.1.1.tgz 5092ms (cache miss)
3427 http fetch GET 200 https://registry.npmjs.org/@babel/helper-validator-identifier/-/helper-validator-identifier-7.28.5.tgz 5277ms (cache miss)
3428 http fetch GET 200 https://registry.npmjs.org/js-tokens/-/js-tokens-4.0.0.tgz 5324ms (cache miss)
3429 http fetch GET 200 https://registry.npmjs.org/json5/-/json5-2.2.3.tgz 5325ms (cache miss)
3430 http fetch GET 200 https://registry.npmjs.org/convert-source-map/-/convert-source-map-2.0.0.tgz 5382ms (cache miss)
3431 http fetch GET 200 https://registry.npmjs.org/browserslist/-/browserslist-4.27.0.tgz 5771ms (cache miss)
3432 http fetch GET 200 https://registry.npmjs.org/gensync/-/gensync-1.0.0-beta.2.tgz 5828ms (cache miss)
3433 http fetch GET 200 https://registry.npmjs.org/@babel/generator/-/generator-7.28.5.tgz 6058ms (cache miss)
3434 http fetch GET 200 https://registry.npmjs.org/@unrs/resolver-binding-darwin-arm64/-/resolver-binding-darwin-arm64-1.11.1.tgz 6132ms (cache miss)
3435 http fetch GET 200 https://registry.npmjs.org/@babel/code-frame/-/code-frame-7.27.1.tgz 6125ms (cache miss)
3436 http fetch GET 200 https://registry.npmjs.org/@babel/helper-module-transforms/-/helper-module-transforms-7.28.3.tgz 6243ms (cache miss)
3437 http fetch GET 200 https://registry.npmjs.org/@babel/template/-/template-7.27.2.tgz 6306ms (cache miss)
3438 http fetch GET 200 https://registry.npmjs.org/@babel/core/-/core-7.28.5.tgz 6769ms (cache miss)
3439 http fetch GET 200 https://registry.npmjs.org/@babel/helpers/-/helpers-7.28.4.tgz 6848ms (cache miss)
3440 http fetch GET 200 https://registry.npmjs.org/iterator.prototype/-/iterator.prototype-1.1.5.tgz 6900ms (cache miss)
3441 http fetch GET 200 https://registry.npmjs.org/zod-validation-error/-/zod-validation-error-4.0.2.tgz 7030ms (cache miss)
3442 http fetch GET 200 https://registry.npmjs.org/@babel/helper-compilation-targets/-/helper-compilation-targets-7.27.2.tgz 7135ms (cache miss)
3443 http fetch GET 200 https://registry.npmjs.org/prop-types/-/prop-types-15.8.1.tgz 7246ms (cache miss)
3444 http fetch GET 200 https://registry.npmjs.org/@babel/types/-/types-7.28.5.tgz 7310ms (cache miss)
3445 http fetch GET 200 https://registry.npmjs.org/string.prototype.matchall/-/string.prototype.matchall-4.0.12.tgz 7688ms (cache miss)
3446 http fetch GET 200 https://registry.npmjs.org/string.prototype.repeat/-/string.prototype.repeat-1.0.0.tgz 7689ms (cache miss)
3447 http fetch GET 200 https://registry.npmjs.org/object.entries/-/object.entries-1.1.9.tgz 7726ms (cache miss)
3448 http fetch GET 200 https://registry.npmjs.org/es-iterator-helpers/-/es-iterator-helpers-1.2.1.tgz 7865ms (cache miss)
3449 http fetch GET 200 https://registry.npmjs.org/@babel/parser/-/parser-7.28.5.tgz 7898ms (cache miss)
3450 http fetch GET 200 https://registry.npmjs.org/string.prototype.includes/-/string.prototype.includes-2.0.1.tgz 7898ms (cache miss)
3451 http fetch GET 200 https://registry.npmjs.org/@babel/traverse/-/traverse-7.28.5.tgz 7900ms (cache miss)
3452 http fetch GET 200 https://registry.npmjs.org/estraverse/-/estraverse-5.3.0.tgz 7917ms (cache miss)
3453 http fetch GET 200 https://registry.npmjs.org/array.prototype.tosorted/-/array.prototype.tosorted-1.1.4.tgz 7937ms (cache miss)
3454 http fetch GET 200 https://registry.npmjs.org/language-tags/-/language-tags-1.0.9.tgz 8016ms (cache miss)
3455 http fetch GET 200 https://registry.npmjs.org/array.prototype.findlast/-/array.prototype.findlast-1.2.5.tgz 8018ms (cache miss)
3456 http fetch GET 200 https://registry.npmjs.org/jsx-ast-utils/-/jsx-ast-utils-3.3.5.tgz 8024ms (cache miss)
3457 http fetch GET 200 https://registry.npmjs.org/hermes-parser/-/hermes-parser-0.25.1.tgz 8072ms (cache miss)
3458 http fetch GET 200 https://registry.npmjs.org/aria-query/-/aria-query-5.3.2.tgz 8109ms (cache miss)
3459 http fetch GET 200 https://registry.npmjs.org/possible-typed-array-names/-/possible-typed-array-names-1.1.0.tgz 8161ms (cache miss)
3460 http fetch GET 200 https://registry.npmjs.org/is-date-object/-/is-date-object-1.1.0.tgz 8218ms (cache miss)
3461 http fetch GET 200 https://registry.npmjs.org/caniuse-lite/-/caniuse-lite-1.0.30001753.tgz 9163ms (cache miss)
3462 http fetch GET 200 https://registry.npmjs.org/which-typed-array/-/which-typed-array-1.1.19.tgz 9190ms (cache miss)
3463 http fetch GET 200 https://registry.npmjs.org/typed-array-length/-/typed-array-length-1.0.7.tgz 9265ms (cache miss)
3464 http fetch GET 200 https://registry.npmjs.org/typed-array-byte-length/-/typed-array-byte-length-1.0.3.tgz 9265ms (cache miss)
3465 http fetch GET 200 https://registry.npmjs.org/typed-array-buffer/-/typed-array-buffer-1.0.3.tgz 9265ms (cache miss)
3466 http fetch GET 200 https://registry.npmjs.org/axe-core/-/axe-core-4.11.0.tgz 9267ms (cache miss)
3467 http fetch GET 200 https://registry.npmjs.org/unbox-primitive/-/unbox-primitive-1.1.0.tgz 9319ms (cache miss)
3468 http fetch GET 200 https://registry.npmjs.org/set-proto/-/set-proto-1.0.0.tgz 9318ms (cache miss)
3469 http fetch GET 200 https://registry.npmjs.org/stop-iteration-iterator/-/stop-iteration-iterator-1.1.0.tgz 9332ms (cache miss)
3470 http fetch GET 200 https://registry.npmjs.org/string.prototype.trim/-/string.prototype.trim-1.2.10.tgz 9332ms (cache miss)
3471 http fetch GET 200 https://registry.npmjs.org/string.prototype.trimstart/-/string.prototype.trimstart-1.0.8.tgz 9367ms (cache miss)
3472 http fetch GET 200 https://registry.npmjs.org/safe-regex-test/-/safe-regex-test-1.1.0.tgz 9366ms (cache miss)
3473 http fetch GET 200 https://registry.npmjs.org/safe-array-concat/-/safe-array-concat-1.1.3.tgz 9403ms (cache miss)
3474 http fetch GET 200 https://registry.npmjs.org/typed-array-byte-offset/-/typed-array-byte-offset-1.0.4.tgz 9403ms (cache miss)
3475 http fetch GET 200 https://registry.npmjs.org/ast-types-flow/-/ast-types-flow-0.0.8.tgz 9405ms (cache miss)
3476 http fetch GET 200 https://registry.npmjs.org/safe-push-apply/-/safe-push-apply-1.0.0.tgz 9403ms (cache miss)
3477 http fetch GET 200 https://registry.npmjs.org/object.assign/-/object.assign-4.1.7.tgz 9409ms (cache miss)
3478 http fetch GET 200 https://registry.npmjs.org/is-weakref/-/is-weakref-1.1.1.tgz 9459ms (cache miss)
3479 http fetch GET 200 https://registry.npmjs.org/is-set/-/is-set-2.0.3.tgz 9458ms (cache miss)
3480 http fetch GET 200 https://registry.npmjs.org/own-keys/-/own-keys-1.0.1.tgz 9460ms (cache miss)
3481 http fetch GET 200 https://registry.npmjs.org/is-shared-array-buffer/-/is-shared-array-buffer-1.0.4.tgz 9460ms (cache miss)
3482 http fetch GET 200 https://registry.npmjs.org/is-typed-array/-/is-typed-array-1.1.15.tgz 9462ms (cache miss)
3483 http fetch GET 200 https://registry.npmjs.org/axobject-query/-/axobject-query-4.1.0.tgz 9484ms (cache miss)
3484 http fetch GET 200 https://registry.npmjs.org/regexp.prototype.flags/-/regexp.prototype.flags-1.5.4.tgz 9482ms (cache miss)
3485 http fetch GET 200 https://registry.npmjs.org/is-negative-zero/-/is-negative-zero-2.0.3.tgz 9551ms (cache miss)
3486 http fetch GET 200 https://registry.npmjs.org/is-data-view/-/is-data-view-1.0.2.tgz 9551ms (cache miss)
3487 http fetch GET 200 https://registry.npmjs.org/is-array-buffer/-/is-array-buffer-3.0.5.tgz 9551ms (cache miss)
3488 http fetch GET 200 https://registry.npmjs.org/has-tostringtag/-/has-tostringtag-1.0.2.tgz 9553ms (cache miss)
3489 http fetch GET 200 https://registry.npmjs.org/is-regex/-/is-regex-1.2.1.tgz 9552ms (cache miss)
3490 http fetch GET 200 https://registry.npmjs.org/lightningcss-darwin-arm64/-/lightningcss-darwin-arm64-1.30.2.tgz 9636ms (cache miss)
3491 http fetch GET 200 https://registry.npmjs.org/is-callable/-/is-callable-1.2.7.tgz 9630ms (cache miss)
3492 http fetch GET 200 https://registry.npmjs.org/is-symbol/-/is-symbol-1.1.1.tgz 9632ms (cache miss)
3493 http fetch GET 200 https://registry.npmjs.org/has-symbols/-/has-symbols-1.1.0.tgz 9631ms (cache miss)
3494 http fetch GET 200 https://registry.npmjs.org/object-inspect/-/object-inspect-1.13.4.tgz 9631ms (cache miss)
3495 http fetch GET 200 https://registry.npmjs.org/get-symbol-description/-/get-symbol-description-1.1.0.tgz 9632ms (cache miss)
3496 http fetch GET 200 https://registry.npmjs.org/globalthis/-/globalthis-1.0.4.tgz 9647ms (cache miss)
3497 http fetch GET 200 https://registry.npmjs.org/es-to-primitive/-/es-to-primitive-1.3.0.tgz 9647ms (cache miss)
3498 http fetch GET 200 https://registry.npmjs.org/get-proto/-/get-proto-1.0.1.tgz 9647ms (cache miss)
3499 http fetch GET 200 https://registry.npmjs.org/damerau-levenshtein/-/damerau-levenshtein-1.0.8.tgz 9650ms (cache miss)
3500 http fetch GET 200 https://registry.npmjs.org/has-proto/-/has-proto-1.2.0.tgz 9650ms (cache miss)
3501 http fetch GET 200 https://registry.npmjs.org/emoji-regex/-/emoji-regex-9.2.2.tgz 9653ms (cache miss)
3502 http fetch GET 200 https://registry.npmjs.org/data-view-buffer/-/data-view-buffer-1.0.2.tgz 9670ms (cache miss)
3503 http fetch GET 200 https://registry.npmjs.org/arraybuffer.prototype.slice/-/arraybuffer.prototype.slice-1.0.4.tgz 9672ms (cache miss)
3504 http fetch GET 200 https://registry.npmjs.org/es-set-tostringtag/-/es-set-tostringtag-2.1.0.tgz 9679ms (cache miss)
3505 http fetch GET 200 https://registry.npmjs.org/data-view-byte-offset/-/data-view-byte-offset-1.0.1.tgz 9704ms (cache miss)
3506 http fetch GET 200 https://registry.npmjs.org/available-typed-arrays/-/available-typed-arrays-1.0.7.tgz 9704ms (cache miss)
3507 http fetch GET 200 https://registry.npmjs.org/internal-slot/-/internal-slot-1.1.0.tgz 9705ms (cache miss)
3508 http fetch GET 200 https://registry.npmjs.org/array-buffer-byte-length/-/array-buffer-byte-length-1.0.2.tgz 9704ms (cache miss)
3509 http fetch GET 200 https://registry.npmjs.org/gopd/-/gopd-1.2.0.tgz 9723ms (cache miss)
3510 http fetch GET 200 https://registry.npmjs.org/set-function-length/-/set-function-length-1.2.2.tgz 9723ms (cache miss)
3511 http fetch GET 200 https://registry.npmjs.org/function.prototype.name/-/function.prototype.name-1.1.8.tgz 9724ms (cache miss)
3512 http fetch GET 200 https://registry.npmjs.org/data-view-byte-length/-/data-view-byte-length-1.0.2.tgz 9724ms (cache miss)
3513 http fetch GET 200 https://registry.npmjs.org/has-property-descriptors/-/has-property-descriptors-1.0.2.tgz 9724ms (cache miss)
3514 http fetch GET 200 https://registry.npmjs.org/define-data-property/-/define-data-property-1.1.4.tgz 9724ms (cache miss)
3515 http fetch GET 200 https://registry.npmjs.org/object-keys/-/object-keys-1.1.1.tgz 9796ms (cache miss)
3516 http fetch GET 200 https://registry.npmjs.org/es-shim-unscopables/-/es-shim-unscopables-1.1.0.tgz 9796ms (cache miss)
3517 http fetch GET 200 https://registry.npmjs.org/es-define-property/-/es-define-property-1.0.1.tgz 9799ms (cache miss)
3518 http fetch GET 200 https://registry.npmjs.org/math-intrinsics/-/math-intrinsics-1.1.0.tgz 9800ms (cache miss)
3519 http fetch GET 200 https://registry.npmjs.org/function-bind/-/function-bind-1.1.2.tgz 9801ms (cache miss)
3520 http fetch GET 200 https://registry.npmjs.org/call-bind-apply-helpers/-/call-bind-apply-helpers-1.0.2.tgz 9803ms (cache miss)
3521 http fetch GET 200 https://registry.npmjs.org/is-string/-/is-string-1.1.1.tgz 9852ms (cache miss)
3522 http fetch GET 200 https://registry.npmjs.org/es-errors/-/es-errors-1.3.0.tgz 9852ms (cache miss)
3523 http fetch GET 200 https://registry.npmjs.org/define-properties/-/define-properties-1.2.1.tgz 9851ms (cache miss)
3524 http fetch GET 200 https://registry.npmjs.org/call-bind/-/call-bind-1.0.8.tgz 9852ms (cache miss)
3525 http fetch GET 200 https://registry.npmjs.org/es-object-atoms/-/es-object-atoms-1.1.1.tgz 9853ms (cache miss)
3526 http fetch GET 200 https://registry.npmjs.org/object.groupby/-/object.groupby-1.0.3.tgz 9897ms (cache miss)
3527 http fetch GET 200 https://registry.npmjs.org/object.values/-/object.values-1.2.1.tgz 9898ms (cache miss)
3528 http fetch GET 200 https://registry.npmjs.org/tsconfig-paths/-/tsconfig-paths-3.15.0.tgz 9902ms (cache miss)
3529 http fetch GET 200 https://registry.npmjs.org/call-bound/-/call-bound-1.0.4.tgz 9983ms (cache miss)
3530 http fetch GET 200 https://registry.npmjs.org/string.prototype.trimend/-/string.prototype.trimend-1.0.9.tgz 9983ms (cache miss)
3531 http fetch GET 200 https://registry.npmjs.org/semver/-/semver-6.3.1.tgz 9983ms (cache miss)
3532 http fetch GET 200 https://registry.npmjs.org/object.fromentries/-/object.fromentries-2.0.8.tgz 9983ms (cache miss)
3533 http fetch GET 200 https://registry.npmjs.org/array.prototype.flatmap/-/array.prototype.flatmap-1.3.3.tgz 10056ms (cache miss)
3534 http fetch GET 200 https://registry.npmjs.org/hasown/-/hasown-2.0.2.tgz 10056ms (cache miss)
3535 http fetch GET 200 https://registry.npmjs.org/get-intrinsic/-/get-intrinsic-1.3.0.tgz 10056ms (cache miss)
3536 http fetch GET 200 https://registry.npmjs.org/array-includes/-/array-includes-3.1.9.tgz 10057ms (cache miss)
3537 http fetch GET 200 https://registry.npmjs.org/array.prototype.flat/-/array.prototype.flat-1.3.3.tgz 10057ms (cache miss)
3538 http fetch GET 200 https://registry.npmjs.org/@rtsao/scc/-/scc-1.1.0.tgz 10057ms (cache miss)
3539 http fetch GET 200 https://registry.npmjs.org/eslint-module-utils/-/eslint-module-utils-2.12.1.tgz 10059ms (cache miss)
3540 http fetch GET 200 https://registry.npmjs.org/stable-hash/-/stable-hash-0.0.5.tgz 10129ms (cache miss)
3541 http fetch GET 200 https://registry.npmjs.org/unrs-resolver/-/unrs-resolver-1.11.1.tgz 10130ms (cache miss)
3542 http fetch GET 200 https://registry.npmjs.org/array.prototype.findlastindex/-/array.prototype.findlastindex-1.2.6.tgz 10130ms (cache miss)
3543 http fetch GET 200 https://registry.npmjs.org/doctrine/-/doctrine-2.1.0.tgz 10130ms (cache miss)
3544 http fetch GET 200 https://registry.npmjs.org/is-core-module/-/is-core-module-2.16.1.tgz 10207ms (cache miss)
3545 http fetch GET 200 https://registry.npmjs.org/is-bun-module/-/is-bun-module-2.0.0.tgz 10208ms (cache miss)
3546 http fetch GET 200 https://registry.npmjs.org/@nolyfill/is-core-module/-/is-core-module-1.0.39.tgz 10207ms (cache miss)
3547 http fetch GET 200 https://registry.npmjs.org/fast-glob/-/fast-glob-3.3.1.tgz 10264ms (cache miss)
3548 http fetch GET 200 https://registry.npmjs.org/typescript-eslint/-/typescript-eslint-8.46.2.tgz 10405ms (cache miss)
3549 http fetch GET 200 https://registry.npmjs.org/tinyglobby/-/tinyglobby-0.2.15.tgz 10405ms (cache miss)
3550 http fetch GET 200 https://registry.npmjs.org/eslint-import-resolver-typescript/-/eslint-import-resolver-typescript-3.10.1.tgz 10582ms (cache miss)
3551 http fetch GET 200 https://registry.npmjs.org/@next/eslint-plugin-next/-/eslint-plugin-next-16.0.1.tgz 10584ms (cache miss)
3552 http fetch GET 200 https://registry.npmjs.org/which/-/which-2.0.2.tgz 10689ms (cache miss)
3553 http fetch GET 200 https://registry.npmjs.org/color-name/-/color-name-1.1.4.tgz 10817ms (cache miss)
3554 http fetch GET 200 https://registry.npmjs.org/eslint-import-resolver-node/-/eslint-import-resolver-node-0.3.9.tgz 10817ms (cache miss)
3555 http fetch GET 200 https://registry.npmjs.org/get-tsconfig/-/get-tsconfig-4.13.0.tgz 10818ms (cache miss)
3556 http fetch GET 200 https://registry.npmjs.org/resolve/-/resolve-1.22.11.tgz 10879ms (cache miss)
3557 http fetch GET 200 https://registry.npmjs.org/path-key/-/path-key-3.1.1.tgz 11036ms (cache miss)
3558 http fetch GET 200 https://registry.npmjs.org/uri-js/-/uri-js-4.4.1.tgz 11036ms (cache miss)
3559 http fetch GET 200 https://registry.npmjs.org/supports-color/-/supports-color-7.2.0.tgz 11130ms (cache miss)
3560 http fetch GET 200 https://registry.npmjs.org/eslint-plugin-react-hooks/-/eslint-plugin-react-hooks-7.0.1.tgz 11132ms (cache miss)
3561 http fetch GET 200 https://registry.npmjs.org/shebang-command/-/shebang-command-2.0.0.tgz 11169ms (cache miss)
3562 http fetch GET 200 https://registry.npmjs.org/json-schema-traverse/-/json-schema-traverse-0.4.1.tgz 11693ms (cache miss)
3563 http fetch GET 200 https://registry.npmjs.org/levn/-/levn-0.4.1.tgz 11805ms (cache miss)
3564 http fetch GET 200 https://registry.npmjs.org/js-yaml/-/js-yaml-4.1.0.tgz 11852ms (cache miss)
3565 http fetch GET 200 https://registry.npmjs.org/fast-json-stable-stringify/-/fast-json-stable-stringify-2.1.0.tgz 11854ms (cache miss)
3566 http fetch GET 200 https://registry.npmjs.org/color-convert/-/color-convert-2.0.1.tgz 11920ms (cache miss)
3567 http fetch GET 200 https://registry.npmjs.org/@types/json-schema/-/json-schema-7.0.15.tgz 11920ms (cache miss)
3568 http fetch GET 200 https://registry.npmjs.org/ms/-/ms-2.1.3.tgz 11920ms (cache miss)
3569 http fetch GET 200 https://registry.npmjs.org/natural-compare/-/natural-compare-1.4.0.tgz 12097ms (cache miss)
3570 http fetch GET 200 https://registry.npmjs.org/@humanfs/core/-/core-0.19.1.tgz 12098ms (cache miss)
3571 http fetch GET 200 https://registry.npmjs.org/strip-json-comments/-/strip-json-comments-3.1.1.tgz 12140ms (cache miss)
3572 http fetch GET 200 https://registry.npmjs.org/ansi-styles/-/ansi-styles-4.3.0.tgz 12140ms (cache miss)
3573 http fetch GET 200 https://registry.npmjs.org/imurmurhash/-/imurmurhash-0.1.4.tgz 12139ms (cache miss)
3574 http fetch GET 200 https://registry.npmjs.org/optionator/-/optionator-0.9.4.tgz 12187ms (cache miss)
3575 http fetch GET 200 https://registry.npmjs.org/glob-parent/-/glob-parent-6.0.2.tgz 12186ms (cache miss)
3576 http fetch GET 200 https://registry.npmjs.org/json-stable-stringify-without-jsonify/-/json-stable-stringify-without-jsonify-1.0.1.tgz 12186ms (cache miss)
3577 http fetch GET 200 https://registry.npmjs.org/file-entry-cache/-/file-entry-cache-8.0.0.tgz 12268ms (cache miss)
3578 http fetch GET 200 https://registry.npmjs.org/lodash.merge/-/lodash.merge-4.6.2.tgz 12268ms (cache miss)
3579 http fetch GET 200 https://registry.npmjs.org/find-up/-/find-up-5.0.0.tgz 12268ms (cache miss)
3580 http fetch GET 200 https://registry.npmjs.org/globals/-/globals-14.0.0.tgz 12270ms (cache miss)
3581 http fetch GET 200 https://registry.npmjs.org/esutils/-/esutils-2.0.3.tgz 12324ms (cache miss)
3582 http fetch GET 200 https://registry.npmjs.org/eslint-visitor-keys/-/eslint-visitor-keys-4.2.1.tgz 12325ms (cache miss)
3583 http fetch GET 200 https://registry.npmjs.org/espree/-/espree-10.4.0.tgz 12394ms (cache miss)
3584 http fetch GET 200 https://registry.npmjs.org/escape-string-regexp/-/escape-string-regexp-4.0.0.tgz 12447ms (cache miss)
3585 http fetch GET 200 https://registry.npmjs.org/fast-deep-equal/-/fast-deep-equal-3.1.3.tgz 12447ms (cache miss)
3586 http fetch GET 200 https://registry.npmjs.org/eslint-scope/-/eslint-scope-8.4.0.tgz 12447ms (cache miss)
3587 http fetch GET 200 https://registry.npmjs.org/debug/-/debug-4.4.3.tgz 12535ms (cache miss)
3588 http fetch GET 200 https://registry.npmjs.org/cross-spawn/-/cross-spawn-7.0.6.tgz 12536ms (cache miss)
3589 http fetch GET 200 https://registry.npmjs.org/minimatch/-/minimatch-3.1.2.tgz 12537ms (cache miss)
3590 http fetch GET 200 https://registry.npmjs.org/zod/-/zod-4.1.12.tgz 12657ms (cache miss)
3591 http fetch GET 200 https://registry.npmjs.org/esquery/-/esquery-1.6.0.tgz 12730ms (cache miss)
3592 http fetch GET 200 https://registry.npmjs.org/@humanwhocodes/module-importer/-/module-importer-1.0.1.tgz 12772ms (cache miss)
3593 http fetch GET 200 https://registry.npmjs.org/@types/estree/-/estree-1.0.8.tgz 12895ms (cache miss)
3594 http fetch GET 200 https://registry.npmjs.org/@humanfs/node/-/node-0.16.7.tgz 12895ms (cache miss)
3595 http fetch GET 200 https://registry.npmjs.org/chalk/-/chalk-4.1.2.tgz 12896ms (cache miss)
3596 http fetch GET 200 https://registry.npmjs.org/es-abstract/-/es-abstract-1.24.0.tgz 12956ms (cache miss)
3597 http fetch GET 200 https://registry.npmjs.org/@eslint/plugin-kit/-/plugin-kit-0.4.1.tgz 12951ms (cache miss)
3598 http fetch GET 200 https://registry.npmjs.org/@eslint/js/-/js-9.39.0.tgz 13009ms (cache miss)
3599 http fetch GET 200 https://registry.npmjs.org/is-glob/-/is-glob-4.0.3.tgz 13106ms (cache miss)
3600 http fetch GET 200 https://registry.npmjs.org/@eslint/object-schema/-/object-schema-2.1.7.tgz 13171ms (cache miss)
3601 http fetch GET 200 https://registry.npmjs.org/eslint-plugin-react/-/eslint-plugin-react-7.37.5.tgz 13180ms (cache miss)
3602 http fetch GET 200 https://registry.npmjs.org/@humanwhocodes/retry/-/retry-0.4.3.tgz 13222ms (cache miss)
3603 http fetch GET 200 https://registry.npmjs.org/@eslint-community/regexpp/-/regexpp-4.12.2.tgz 13224ms (cache miss)
3604 http fetch GET 200 https://registry.npmjs.org/@eslint/config-helpers/-/config-helpers-0.4.2.tgz 13284ms (cache miss)
3605 http fetch GET 200 https://registry.npmjs.org/import-fresh/-/import-fresh-3.3.1.tgz 13286ms (cache miss)
3606 http fetch GET 200 https://registry.npmjs.org/ajv/-/ajv-6.12.6.tgz 13286ms (cache miss)
3607 http fetch GET 200 https://registry.npmjs.org/graceful-fs/-/graceful-fs-4.2.11.tgz 13475ms (cache miss)
3608 http fetch GET 200 https://registry.npmjs.org/csstype/-/csstype-3.1.3.tgz 13664ms (cache miss)
3609 http fetch GET 200 https://registry.npmjs.org/@eslint/core/-/core-0.17.0.tgz 13807ms (cache miss)
3610 http fetch GET 200 https://registry.npmjs.org/@jridgewell/resolve-uri/-/resolve-uri-3.1.2.tgz 13808ms (cache miss)
3611 http fetch GET 200 https://registry.npmjs.org/@jridgewell/trace-mapping/-/trace-mapping-0.3.31.tgz 13809ms (cache miss)
3612 http fetch GET 200 https://registry.npmjs.org/eslint-plugin-jsx-a11y/-/eslint-plugin-jsx-a11y-6.10.2.tgz 13812ms (cache miss)
3613 http fetch GET 200 https://registry.npmjs.org/undici-types/-/undici-types-6.21.0.tgz 13811ms (cache miss)
3614 http fetch GET 200 https://registry.npmjs.org/tapable/-/tapable-2.3.0.tgz 13854ms (cache miss)
3615 http fetch GET 200 https://registry.npmjs.org/@eslint/config-array/-/config-array-0.21.1.tgz 13910ms (cache miss)
3616 http fetch GET 200 https://registry.npmjs.org/@jridgewell/gen-mapping/-/gen-mapping-0.3.13.tgz 13910ms (cache miss)
3617 http fetch GET 200 https://registry.npmjs.org/magic-string/-/magic-string-0.30.21.tgz 14007ms (cache miss)
3618 http fetch GET 200 https://registry.npmjs.org/@jridgewell/remapping/-/remapping-2.3.5.tgz 14147ms (cache miss)
3619 http fetch GET 200 https://registry.npmjs.org/@tailwindcss/oxide/-/oxide-4.1.16.tgz 14147ms (cache miss)
3620 http fetch GET 200 https://registry.npmjs.org/postcss/-/postcss-8.5.6.tgz 14149ms (cache miss)
3621 http fetch GET 200 https://registry.npmjs.org/lightningcss/-/lightningcss-1.30.2.tgz 14389ms (cache miss)
3622 http fetch GET 200 https://registry.npmjs.org/tailwindcss/-/tailwindcss-4.1.16.tgz 14624ms (cache miss)
3623 http fetch GET 200 https://registry.npmjs.org/@alloc/quick-lru/-/quick-lru-5.2.0.tgz 14681ms (cache miss)
3624 http fetch GET 200 https://registry.npmjs.org/@tailwindcss/node/-/node-4.1.16.tgz 14682ms (cache miss)
3625 http fetch GET 200 https://registry.npmjs.org/@types/react-dom/-/react-dom-19.2.2.tgz 15771ms (cache miss)
3626 http fetch GET 200 https://registry.npmjs.org/@eslint-community/eslint-utils/-/eslint-utils-4.9.0.tgz 15909ms (cache miss)
3627 http fetch GET 200 https://registry.npmjs.org/eslint-config-next/-/eslint-config-next-16.0.1.tgz 15965ms (cache miss)
3628 http fetch GET 200 https://registry.npmjs.org/react/-/react-19.2.0.tgz 16040ms (cache miss)
3629 http fetch GET 200 https://registry.npmjs.org/@jridgewell/sourcemap-codec/-/sourcemap-codec-1.5.5.tgz 16256ms (cache miss)
3630 http fetch GET 200 https://registry.npmjs.org/source-map-js/-/source-map-js-1.2.1.tgz 16848ms (cache miss)
3631 http fetch GET 200 https://registry.npmjs.org/enhanced-resolve/-/enhanced-resolve-5.18.3.tgz 17181ms (cache miss)
3632 http fetch GET 200 https://registry.npmjs.org/glob-parent/-/glob-parent-5.1.2.tgz 17367ms (cache miss)
3633 http fetch GET 200 https://registry.npmjs.org/@types/node/-/node-20.19.24.tgz 17372ms (cache miss)
3634 http fetch GET 200 https://registry.npmjs.org/fast-glob/-/fast-glob-3.3.3.tgz 17622ms (cache miss)
3635 http fetch GET 200 https://registry.npmjs.org/semver/-/semver-7.7.3.tgz 17822ms (cache miss)
3636 http fetch GET 200 https://registry.npmjs.org/ignore/-/ignore-7.0.5.tgz 17885ms (cache miss)
3637 http fetch GET 200 https://registry.npmjs.org/eslint-plugin-import/-/eslint-plugin-import-2.32.0.tgz 18114ms (cache miss)
3638 http fetch GET 200 https://registry.npmjs.org/ignore/-/ignore-5.3.2.tgz 18110ms (cache miss)
3639 http fetch GET 200 https://registry.npmjs.org/brace-expansion/-/brace-expansion-2.0.2.tgz 18247ms (cache miss)
3640 http fetch GET 200 https://registry.npmjs.org/debug/-/debug-3.2.7.tgz 18558ms (cache miss)
3641 http fetch GET 200 https://registry.npmjs.org/@tailwindcss/postcss/-/postcss-4.1.16.tgz 18559ms (cache miss)
3642 http fetch GET 200 https://registry.npmjs.org/@eslint/eslintrc/-/eslintrc-3.3.1.tgz 18719ms (cache miss)
3643 http fetch GET 200 https://registry.npmjs.org/semver/-/semver-7.7.3.tgz 18787ms (cache miss)
3644 http fetch GET 200 https://registry.npmjs.org/jiti/-/jiti-2.6.1.tgz 18791ms (cache miss)
3645 http fetch GET 200 https://registry.npmjs.org/resolve/-/resolve-2.0.0-next.5.tgz 18802ms (cache miss)
3646 http fetch GET 200 https://registry.npmjs.org/picomatch/-/picomatch-4.0.3.tgz 19125ms (cache miss)
3647 http fetch GET 200 https://registry.npmjs.org/json5/-/json5-1.0.2.tgz 19126ms (cache miss)
3648 http fetch GET 200 https://registry.npmjs.org/glob-parent/-/glob-parent-5.1.2.tgz 19188ms (cache miss)
3649 http fetch GET 200 https://registry.npmjs.org/debug/-/debug-3.2.7.tgz 19269ms (cache miss)
3650 http fetch GET 200 https://registry.npmjs.org/fdir/-/fdir-6.5.0.tgz 19268ms (cache miss)
3651 http fetch GET 200 https://registry.npmjs.org/eslint-visitor-keys/-/eslint-visitor-keys-3.4.3.tgz 19444ms (cache miss)
3652 http fetch GET 200 https://registry.npmjs.org/semver/-/semver-7.7.3.tgz 19672ms (cache miss)
3653 http fetch GET 200 https://registry.npmjs.org/globals/-/globals-16.4.0.tgz 19672ms (cache miss)
3654 http fetch GET 200 https://registry.npmjs.org/debug/-/debug-3.2.7.tgz 19739ms (cache miss)
3655 http fetch GET 200 https://registry.npmjs.org/minimatch/-/minimatch-9.0.5.tgz 19993ms (cache miss)
3656 http fetch GET 200 https://registry.npmjs.org/@types/react/-/react-19.2.2.tgz 20942ms (cache miss)
3657 http fetch GET 200 https://registry.npmjs.org/postcss/-/postcss-8.4.31.tgz 21560ms (cache miss)
3658 http fetch GET 200 https://registry.npmjs.org/eslint/-/eslint-9.39.0.tgz 21721ms (cache miss)
3659 http fetch GET 200 https://registry.npmjs.org/react-dom/-/react-dom-19.2.0.tgz 29404ms (cache miss)
3660 http fetch GET 200 https://registry.npmjs.org/@tailwindcss/oxide-darwin-arm64/-/oxide-darwin-arm64-4.1.16.tgz 33284ms (cache miss)
3661 http fetch GET 200 https://registry.npmjs.org/typescript/-/typescript-5.9.3.tgz 41418ms (cache miss)
3662 http fetch GET 200 https://registry.npmjs.org/@img/sharp-libvips-darwin-arm64/-/sharp-libvips-darwin-arm64-1.2.3.tgz 43634ms (cache miss)
3663 http fetch GET 200 https://registry.npmjs.org/next/-/next-16.0.1.tgz 68795ms (cache miss)
3664 http fetch GET 200 https://registry.npmjs.org/@next/swc-darwin-arm64/-/swc-darwin-arm64-16.0.1.tgz 86273ms (cache miss)
3665 info run sharp@0.34.4 install node_modules/sharp node install/check.js
3666 info run sharp@0.34.4 install { code: 0, signal: null }
3667 info run unrs-resolver@1.11.1 postinstall node_modules/unrs-resolver napi-postinstall unrs-resolver 1.11.1 check
3668 info run unrs-resolver@1.11.1 postinstall { code: 0, signal: null }
3669 silly ADD node_modules/is-weakset
3670 silly ADD node_modules/is-weakmap
3671 silly ADD node_modules/is-map
3672 silly ADD node_modules/generator-function
3673 silly ADD node_modules/async-function
3674 silly ADD node_modules/which-collection
3675 silly ADD node_modules/is-generator-function
3676 silly ADD node_modules/is-finalizationregistry
3677 silly ADD node_modules/is-async-function
3678 silly ADD node_modules/is-number-object
3679 silly ADD node_modules/is-boolean-object
3680 silly ADD node_modules/is-bigint
3681 silly ADD node_modules/isexe
3682 silly ADD node_modules/punycode
3683 silly ADD node_modules/escalade
3684 silly ADD node_modules/@emnapi/wasi-threads
3685 silly ADD node_modules/@tybys/wasm-util
3686 silly ADD node_modules/@emnapi/core
3687 silly ADD node_modules/@napi-rs/wasm-runtime
3688 silly ADD node_modules/napi-postinstall
3689 silly ADD
3690 silly ADD
3691 silly ADD
3692 silly ADD
3693 silly ADD
3694 silly ADD
3695 silly ADD
3696 silly ADD
3697 silly ADD
3698 silly ADD
3699 silly ADD
3700 silly ADD
3701 silly ADD
3702 silly ADD
3703 silly ADD
3704 silly ADD
3705 silly ADD node_modules/@unrs/resolver-binding-darwin-arm64
3706 silly ADD
3707 silly ADD
3708 silly ADD node_modules/which-boxed-primitive
3709 silly ADD node_modules/has-bigints
3710 silly ADD node_modules/@typescript-eslint/tsconfig-utils
3711 silly ADD node_modules/@typescript-eslint/project-service
3712 silly ADD node_modules/@typescript-eslint/types
3713 silly ADD node_modules/ts-api-utils
3714 silly ADD node_modules/graphemer
3715 silly ADD node_modules/@typescript-eslint/visitor-keys
3716 silly ADD node_modules/@typescript-eslint/type-utils
3717 silly ADD node_modules/@typescript-eslint/scope-manager
3718 silly ADD node_modules/@typescript-eslint/utils
3719 silly ADD node_modules/@typescript-eslint/typescript-estree
3720 silly ADD node_modules/@typescript-eslint/typescript-estree/node_modules/brace-expansion
3721 silly ADD node_modules/@typescript-eslint/typescript-estree/node_modules/glob-parent
3722 silly ADD node_modules/@typescript-eslint/typescript-estree/node_modules/semver
3723 silly ADD node_modules/@typescript-eslint/typescript-estree/node_modules/minimatch
3724 silly ADD node_modules/@typescript-eslint/typescript-estree/node_modules/fast-glob
3725 silly ADD node_modules/@typescript-eslint/parser
3726 silly ADD node_modules/@typescript-eslint/eslint-plugin
3727 silly ADD node_modules/@typescript-eslint/eslint-plugin/node_modules/ignore
3728 silly ADD node_modules/which-builtin-type
3729 silly ADD node_modules/reflect.getprototypeof
3730 silly ADD node_modules/for-each
3731 silly ADD node_modules/strip-bom
3732 silly ADD node_modules/minimist
3733 silly ADD node_modules/@types/json5
3734 silly ADD node_modules/is-number
3735 silly ADD node_modules/has-flag
3736 silly ADD node_modules/client-only
3737 silly ADD node_modules/side-channel-weakmap
3738 silly ADD node_modules/side-channel-map
3739 silly ADD node_modules/side-channel-list
3740 silly ADD node_modules/shebang-regex
3741 silly ADD node_modules/@emnapi/runtime
3742 silly ADD
3743 silly ADD
3744 silly ADD
3745 silly ADD
3746 silly ADD
3747 silly ADD
3748 silly ADD
3749 silly ADD
3750 silly ADD
3751 silly ADD
3752 silly ADD
3753 silly ADD
3754 silly ADD
3755 silly ADD
3756 silly ADD
3757 silly ADD
3758 silly ADD
3759 silly ADD
3760 silly ADD
3761 silly ADD node_modules/@img/sharp-libvips-darwin-arm64
3762 silly ADD
3763 silly ADD node_modules/@img/sharp-darwin-arm64
3764 silly ADD node_modules/@img/colour
3765 silly ADD node_modules/isarray
3766 silly ADD node_modules/queue-microtask
3767 silly ADD node_modules/supports-preserve-symlinks-flag
3768 silly ADD node_modules/path-parse
3769 silly ADD node_modules/scheduler
3770 silly ADD node_modules/react-is
3771 silly ADD node_modules/object-assign
3772 silly ADD node_modules/loose-envify
3773 silly ADD node_modules/nanoid
3774 silly ADD node_modules/callsites
3775 silly ADD node_modules/yocto-queue
3776 silly ADD node_modules/p-limit
3777 silly ADD node_modules/word-wrap
3778 silly ADD node_modules/fast-levenshtein
3779 silly ADD node_modules/deep-is
3780 silly ADD node_modules/tslib
3781 silly ADD node_modules/styled-jsx
3782 silly ADD node_modules/sharp
3783 silly ADD node_modules/sharp/node_modules/semver
3784 silly ADD node_modules/@swc/helpers
3785 silly ADD
3786 silly ADD
3787 silly ADD
3788 silly ADD
3789 silly ADD
3790 silly ADD
3791 silly ADD
3792 silly ADD node_modules/@next/swc-darwin-arm64
3793 silly ADD node_modules/@next/env
3794 silly ADD node_modules/concat-map
3795 silly ADD node_modules/balanced-match
3796 silly ADD node_modules/brace-expansion
3797 silly ADD node_modules/to-regex-range
3798 silly ADD node_modules/fill-range
3799 silly ADD node_modules/picomatch
3800 silly ADD node_modules/braces
3801 silly ADD node_modules/yallist
3802 silly ADD node_modules/p-locate
3803 silly ADD
3804 silly ADD
3805 silly ADD
3806 silly ADD
3807 silly ADD
3808 silly ADD
3809 silly ADD
3810 silly ADD
3811 silly ADD
3812 silly ADD node_modules/lightningcss-darwin-arm64
3813 silly ADD
3814 silly ADD node_modules/detect-libc
3815 silly ADD node_modules/type-check
3816 silly ADD node_modules/prelude-ls
3817 silly ADD node_modules/language-subtag-registry
3818 silly ADD node_modules/json-buffer
3819 silly ADD node_modules/argparse
3820 silly ADD node_modules/set-function-name
3821 silly ADD node_modules/is-extglob
3822 silly ADD node_modules/side-channel
3823 silly ADD node_modules/resolve-from
3824 silly ADD node_modules/parent-module
3825 silly ADD node_modules/hermes-estree
3826 silly ADD node_modules/resolve-pkg-maps
3827 silly ADD node_modules/dunder-proto
3828 silly ADD node_modules/functions-have-names
3829 silly ADD node_modules/keyv
3830 silly ADD node_modules/flatted
3831 silly ADD node_modules/path-exists
3832 silly ADD node_modules/locate-path
3833 silly ADD node_modules/flat-cache
3834 silly ADD node_modules/reusify
3835 silly ADD node_modules/run-parallel
3836 silly ADD node_modules/fastq
3837 silly ADD node_modules/@nodelib/fs.scandir
3838 silly ADD node_modules/micromatch
3839 silly ADD node_modules/merge2
3840 silly ADD node_modules/@nodelib/fs.walk
3841 silly ADD node_modules/@nodelib/fs.stat
3842 silly ADD node_modules/acorn-jsx
3843 silly ADD node_modules/acorn
3844 silly ADD node_modules/esrecurse
3845 silly ADD node_modules/update-browserslist-db
3846 silly ADD node_modules/node-releases
3847 silly ADD node_modules/electron-to-chromium
3848 silly ADD node_modules/caniuse-lite
3849 silly ADD node_modules/baseline-browser-mapping
3850 silly ADD node_modules/@babel/helper-string-parser
3851 silly ADD node_modules/@babel/helper-globals
3852 silly ADD node_modules/@babel/helper-module-imports
3853 silly ADD node_modules/lru-cache
3854 silly ADD node_modules/browserslist
3855 silly ADD node_modules/@babel/helper-validator-option
3856 silly ADD node_modules/@babel/compat-data
3857 silly ADD node_modules/jsesc
3858 silly ADD node_modules/picocolors
3859 silly ADD node_modules/js-tokens
3860 silly ADD node_modules/@babel/helper-validator-identifier
3861 silly ADD node_modules/json5
3862 silly ADD node_modules/gensync
3863 silly ADD node_modules/convert-source-map
3864 silly ADD node_modules/@babel/types
3865 silly ADD node_modules/@babel/traverse
3866 silly ADD node_modules/@babel/template
3867 silly ADD node_modules/@babel/helpers
3868 silly ADD node_modules/@babel/helper-module-transforms
3869 silly ADD node_modules/@babel/helper-compilation-targets
3870 silly ADD node_modules/@babel/generator
3871 silly ADD node_modules/@babel/code-frame
3872 silly ADD node_modules/zod-validation-error
3873 silly ADD node_modules/zod
3874 silly ADD node_modules/hermes-parser
3875 silly ADD node_modules/@babel/parser
3876 silly ADD node_modules/@babel/core
3877 silly ADD node_modules/iterator.prototype
3878 silly ADD node_modules/string.prototype.repeat
3879 silly ADD node_modules/string.prototype.matchall
3880 silly ADD node_modules/prop-types
3881 silly ADD node_modules/object.entries
3882 silly ADD node_modules/estraverse
3883 silly ADD node_modules/es-iterator-helpers
3884 silly ADD node_modules/array.prototype.tosorted
3885 silly ADD node_modules/array.prototype.findlast
3886 silly ADD node_modules/string.prototype.includes
3887 silly ADD node_modules/language-tags
3888 silly ADD node_modules/jsx-ast-utils
3889 silly ADD node_modules/emoji-regex
3890 silly ADD node_modules/damerau-levenshtein
3891 silly ADD node_modules/axobject-query
3892 silly ADD node_modules/axe-core
3893 silly ADD node_modules/ast-types-flow
3894 silly ADD node_modules/aria-query
3895 silly ADD node_modules/is-symbol
3896 silly ADD node_modules/is-date-object
3897 silly ADD node_modules/has-tostringtag
3898 silly ADD node_modules/possible-typed-array-names
3899 silly ADD node_modules/which-typed-array
3900 silly ADD node_modules/unbox-primitive
3901 silly ADD node_modules/typed-array-length
3902 silly ADD node_modules/typed-array-byte-offset
3903 silly ADD node_modules/typed-array-byte-length
3904 silly ADD node_modules/typed-array-buffer
3905 silly ADD node_modules/string.prototype.trimstart
3906 silly ADD node_modules/string.prototype.trim
3907 silly ADD node_modules/stop-iteration-iterator
3908 silly ADD node_modules/set-proto
3909 silly ADD node_modules/safe-regex-test
3910 silly ADD node_modules/safe-push-apply
3911 silly ADD node_modules/safe-array-concat
3912 silly ADD node_modules/regexp.prototype.flags
3913 silly ADD node_modules/own-keys
3914 silly ADD node_modules/object.assign
3915 silly ADD node_modules/object-inspect
3916 silly ADD node_modules/is-weakref
3917 silly ADD node_modules/is-typed-array
3918 silly ADD node_modules/is-shared-array-buffer
3919 silly ADD node_modules/is-set
3920 silly ADD node_modules/is-regex
3921 silly ADD node_modules/is-negative-zero
3922 silly ADD node_modules/is-data-view
3923 silly ADD node_modules/is-callable
3924 silly ADD node_modules/is-array-buffer
3925 silly ADD node_modules/internal-slot
3926 silly ADD node_modules/has-symbols
3927 silly ADD node_modules/has-proto
3928 silly ADD node_modules/globalthis
3929 silly ADD node_modules/get-symbol-description
3930 silly ADD node_modules/get-proto
3931 silly ADD node_modules/function.prototype.name
3932 silly ADD node_modules/es-to-primitive
3933 silly ADD node_modules/es-set-tostringtag
3934 silly ADD node_modules/data-view-byte-offset
3935 silly ADD node_modules/data-view-byte-length
3936 silly ADD node_modules/data-view-buffer
3937 silly ADD node_modules/available-typed-arrays
3938 silly ADD node_modules/arraybuffer.prototype.slice
3939 silly ADD node_modules/array-buffer-byte-length
3940 silly ADD node_modules/gopd
3941 silly ADD node_modules/object-keys
3942 silly ADD node_modules/has-property-descriptors
3943 silly ADD node_modules/define-data-property
3944 silly ADD node_modules/function-bind
3945 silly ADD node_modules/set-function-length
3946 silly ADD node_modules/es-define-property
3947 silly ADD node_modules/call-bind-apply-helpers
3948 silly ADD node_modules/es-shim-unscopables
3949 silly ADD node_modules/es-errors
3950 silly ADD node_modules/math-intrinsics
3951 silly ADD node_modules/is-string
3952 silly ADD node_modules/get-intrinsic
3953 silly ADD node_modules/es-object-atoms
3954 silly ADD node_modules/es-abstract
3955 silly ADD node_modules/define-properties
3956 silly ADD node_modules/call-bound
3957 silly ADD node_modules/call-bind
3958 silly ADD node_modules/tsconfig-paths
3959 silly ADD node_modules/tsconfig-paths/node_modules/json5
3960 silly ADD node_modules/string.prototype.trimend
3961 silly ADD node_modules/semver
3962 silly ADD node_modules/object.values
3963 silly ADD node_modules/object.groupby
3964 silly ADD node_modules/object.fromentries
3965 silly ADD node_modules/hasown
3966 silly ADD node_modules/eslint-module-utils
3967 silly ADD node_modules/eslint-module-utils/node_modules/debug
3968 silly ADD node_modules/doctrine
3969 silly ADD node_modules/array.prototype.flatmap
3970 silly ADD node_modules/array.prototype.flat
3971 silly ADD node_modules/array.prototype.findlastindex
3972 silly ADD node_modules/array-includes
3973 silly ADD node_modules/@rtsao/scc
3974 silly ADD node_modules/unrs-resolver
3975 silly ADD node_modules/tinyglobby
3976 silly ADD node_modules/tinyglobby/node_modules/picomatch
3977 silly ADD node_modules/tinyglobby/node_modules/fdir
3978 silly ADD node_modules/stable-hash
3979 silly ADD node_modules/is-bun-module
3980 silly ADD node_modules/is-bun-module/node_modules/semver
3981 silly ADD node_modules/get-tsconfig
3982 silly ADD node_modules/@nolyfill/is-core-module
3983 silly ADD node_modules/resolve
3984 silly ADD node_modules/is-core-module
3985 silly ADD node_modules/fast-glob
3986 silly ADD node_modules/fast-glob/node_modules/glob-parent
3987 silly ADD node_modules/typescript-eslint
3988 silly ADD node_modules/eslint-plugin-react-hooks
3989 silly ADD node_modules/eslint-plugin-react
3990 silly ADD node_modules/eslint-plugin-react/node_modules/resolve
3991 silly ADD node_modules/eslint-plugin-jsx-a11y
3992 silly ADD node_modules/eslint-plugin-import
3993 silly ADD node_modules/eslint-plugin-import/node_modules/debug
3994 silly ADD node_modules/eslint-import-resolver-typescript
3995 silly ADD node_modules/eslint-import-resolver-node
3996 silly ADD node_modules/eslint-import-resolver-node/node_modules/debug
3997 silly ADD node_modules/@next/eslint-plugin-next
3998 silly ADD node_modules/ms
3999 silly ADD node_modules/which
4000 silly ADD node_modules/shebang-command
4001 silly ADD node_modules/path-key
4002 silly ADD node_modules/color-name
4003 silly ADD node_modules/color-convert
4004 silly ADD node_modules/supports-color
4005 silly ADD node_modules/ansi-styles
4006 silly ADD node_modules/uri-js
4007 silly ADD node_modules/json-schema-traverse
4008 silly ADD node_modules/fast-json-stable-stringify
4009 silly ADD node_modules/@humanfs/core
4010 silly ADD node_modules/levn
4011 silly ADD node_modules/strip-json-comments
4012 silly ADD node_modules/js-yaml
4013 silly ADD node_modules/import-fresh
4014 silly ADD node_modules/globals
4015 silly ADD node_modules/@types/json-schema
4016 silly ADD node_modules/@eslint/object-schema
4017 silly ADD node_modules/optionator
4018 silly ADD node_modules/natural-compare
4019 silly ADD node_modules/minimatch
4020 silly ADD node_modules/lodash.merge
4021 silly ADD node_modules/json-stable-stringify-without-jsonify
4022 silly ADD node_modules/is-glob
4023 silly ADD node_modules/imurmurhash
4024 silly ADD node_modules/ignore
4025 silly ADD node_modules/glob-parent
4026 silly ADD node_modules/find-up
4027 silly ADD node_modules/file-entry-cache
4028 silly ADD node_modules/fast-deep-equal
4029 silly ADD node_modules/esutils
4030 silly ADD node_modules/esquery
4031 silly ADD node_modules/espree
4032 silly ADD node_modules/eslint-visitor-keys
4033 silly ADD node_modules/eslint-scope
4034 silly ADD node_modules/escape-string-regexp
4035 silly ADD node_modules/debug
4036 silly ADD node_modules/cross-spawn
4037 silly ADD node_modules/chalk
4038 silly ADD node_modules/ajv
4039 silly ADD node_modules/@types/estree
4040 silly ADD node_modules/@humanwhocodes/retry
4041 silly ADD node_modules/@humanwhocodes/module-importer
4042 silly ADD node_modules/@humanfs/node
4043 silly ADD node_modules/@eslint/plugin-kit
4044 silly ADD node_modules/@eslint/js
4045 silly ADD node_modules/@eslint/eslintrc
4046 silly ADD node_modules/@eslint/core
4047 silly ADD node_modules/@eslint/config-helpers
4048 silly ADD node_modules/@eslint/config-array
4049 silly ADD node_modules/@eslint-community/regexpp
4050 silly ADD node_modules/@eslint-community/eslint-utils
4051 silly ADD node_modules/@eslint-community/eslint-utils/node_modules/eslint-visitor-keys
4052 silly ADD node_modules/tapable
4053 silly ADD node_modules/graceful-fs
4054 silly ADD node_modules/csstype
4055 silly ADD node_modules/undici-types
4056 silly ADD
4057 silly ADD
4058 silly ADD
4059 silly ADD
4060 silly ADD
4061 silly ADD
4062 silly ADD
4063 silly ADD
4064 silly ADD
4065 silly ADD
4066 silly ADD node_modules/@tailwindcss/oxide-darwin-arm64
4067 silly ADD
4068 silly ADD node_modules/@jridgewell/resolve-uri
4069 silly ADD node_modules/@jridgewell/sourcemap-codec
4070 silly ADD node_modules/@jridgewell/trace-mapping
4071 silly ADD node_modules/@jridgewell/gen-mapping
4072 silly ADD node_modules/source-map-js
4073 silly ADD node_modules/magic-string
4074 silly ADD node_modules/lightningcss
4075 silly ADD node_modules/jiti
4076 silly ADD node_modules/enhanced-resolve
4077 silly ADD node_modules/@jridgewell/remapping
4078 silly ADD node_modules/postcss
4079 silly ADD node_modules/@tailwindcss/oxide
4080 silly ADD node_modules/@tailwindcss/node
4081 silly ADD node_modules/@alloc/quick-lru
4082 silly ADD node_modules/typescript
4083 silly ADD node_modules/tailwindcss
4084 silly ADD node_modules/react-dom
4085 silly ADD node_modules/react
4086 silly ADD node_modules/next
4087 silly ADD node_modules/next/node_modules/postcss
4088 silly ADD node_modules/eslint-config-next
4089 silly ADD node_modules/eslint-config-next/node_modules/globals
4090 silly ADD node_modules/eslint
4091 silly ADD node_modules/@types/react-dom
4092 silly ADD node_modules/@types/react
4093 silly ADD node_modules/@types/node
4094 silly ADD node_modules/@tailwindcss/postcss
4095 verbose cwd /Users/yaramanisai/deals-demo/web
4096 verbose os Darwin 25.0.0
4097 verbose node v22.17.0
4098 verbose npm  v10.9.2
4099 verbose exit 0
4100 info ok
